Player,Unnamed: 1_level_0_Nation,Unnamed: 2_level_0_Pos,Unnamed: 3_level_0_Age,Unnamed: 4_level_0_MP,Playing Time_Starts,Playing Time_Min,Playing Time_90s,Performance_Gls,Performance_Ast,Performance_G+A,Performance_G-PK,Performance_PK,Performance_CrdY,Performance_CrdR,Expected_xG,Expected_npxG,Expected_xAG,Expected_npxG+xAG,Progression_PrgC,Progression_PrgP,Progression_PrgR,Per 90 Minutes_Gls,Per 90 Minutes_Ast,Per 90 Minutes_G+A,Per 90 Minutes_G-PK,Per 90 Minutes_G+A-PK,Per 90 Minutes_xG,Per 90 Minutes_xAG,Per 90 Minutes_xG+xAG,Per 90 Minutes_npxG,Per 90 Minutes_npxG+xAG,Unnamed: 33_level_0_Matches,Team,Unnamed: 1_level_0_Nation_stats_keeper_9,Unnamed: 2_level_0_Pos_stats_keeper_9,Unnamed: 3_level_0_Age_stats_keeper_9,Playing Time_MP,Playing Time_Starts_stats_keeper_9,Playing Time_Min_stats_keeper_9,Playing Time_90s_stats_keeper_9,Performance_GA,Performance_GA90,Performance_SoTA,Performance_Saves,Performance_Save%,Performance_W,Performance_D,Performance_L,Performance_CS,Performance_CS%,Penalty Kicks_PKatt,Penalty Kicks_PKsv,Penalty Kicks_Save%,Unnamed: 23_level_0_Matches,Team_stats_keeper_9,Goals_FK,Goals_CK,Goals_OG,Expected_PSxG,Expected_PSxG/SoT,Expected_PSxG+/-,Expected_/90,Launched_Cmp,Launched_Att,Launched_Cmp%,Passes_Att (GK),Passes_Thr,Passes_Launch%,Passes_AvgLen,Goal Kicks_Att,Goal Kicks_Launch%,Goal Kicks_AvgLen,Crosses_Opp,Crosses_Stp,Crosses_Stp%,Sweeper_#OPA,Sweeper_#OPA/90,Sweeper_AvgDist,Unnamed: 1_level_0_Nation_stats_shooting_9,Unnamed: 2_level_0_Pos_stats_shooting_9,Unnamed: 3_level_0_Age_stats_shooting_9,Standard_Sh,Standard_SoT,Standard_SoT%,Standard_Sh/90,Standard_SoT/90,Standard_G/Sh,Standard_G/SoT,Standard_Dist,Standard_FK,Expected_npxG/Sh,Expected_G-xG,Expected_np:G-xG,Unnamed: 22_level_0_Matches,Team_stats_shooting_9,Total_Cmp,Total_Att,Total_Cmp%,Total_TotDist,Total_PrgDist,Short_Cmp,Short_Att,Short_Cmp%,Medium_Cmp,Medium_Att,Medium_Cmp%,Long_Cmp,Long_Att,Long_Cmp%,Expected_xA,Expected_A-xAG,Unnamed: 23_level_0_KP,Unnamed: 24_level_0_1/3,Unnamed: 25_level_0_PPA,Unnamed: 26_level_0_CrsPA,Pass Types_Live,Pass Types_Dead,Pass Types_FK,Pass Types_TB,Pass Types_Sw,Pass Types_Crs,Pass Types_TI,Pass Types_CK,Corner Kicks_In,Corner Kicks_Out,Corner Kicks_Str,Outcomes_Off,Outcomes_Blocks,SCA_SCA,SCA_SCA90,SCA Types_PassLive,SCA Types_PassDead,SCA Types_TO,SCA Types_Sh,SCA Types_Fld,SCA Types_Def,GCA_GCA,GCA_GCA90,GCA Types_PassLive,GCA Types_PassDead,GCA Types_TO,GCA Types_Sh,GCA Types_Fld,GCA Types_Def,Tackles_Tkl,Tackles_TklW,Tackles_Def 3rd,Tackles_Mid 3rd,Tackles_Att 3rd,Challenges_Tkl,Challenges_Att,Challenges_Tkl%,Challenges_Lost,Blocks_Blocks,Blocks_Sh,Blocks_Pass,Unnamed: 17_level_0_Int,Unnamed: 18_level_0_Tkl+Int,Unnamed: 19_level_0_Clr,Unnamed: 20_level_0_Err,Touches_Touches,Touches_Def Pen,Touches_Def 3rd,Touches_Mid 3rd,Touches_Att 3rd,Touches_Att Pen,Touches_Live,Take-Ons_Att,Take-Ons_Succ,Take-Ons_Succ%,Take-Ons_Tkld,Take-Ons_Tkld%,Carries_Carries,Carries_TotDist,Carries_PrgDist,Carries_1/3,Carries_CPA,Carries_Mis,Carries_Dis,Receiving_Rec,Playing Time_Mn/MP,Playing Time_Min%,Starts_Mn/Start,Starts_Compl,Subs_Subs,Subs_Mn/Sub,Subs_unSub,Team Success_PPM,Team Success_onG,Team Success_onGA,Team Success_+/-,Team Success_+/-90,Team Success_On-Off,Team Success (xG)_onxG,Team Success (xG)_onxGA,Team Success (xG)_xG+/-,Team Success (xG)_xG+/-90,Team Success (xG)_On-Off,Performance_2CrdY,Performance_Fls,Performance_Fld,Performance_Off,Performance_PKwon,Performance_PKcon,Performance_OG,Performance_Recov,Aerial Duels_Won,Aerial Duels_Lost,Aerial Duels_Won%
Aaron Cresswell,eng ENG,DF,34.0,18,10,824.0,9.2,0.0,0.0,0.0,0.0,0.0,3.0,0.0,0.2,0.2,1.3,1.6,6.0,36.0,4.0,0.0,0.0,0.0,0.0,0.0,0.03,0.15,0.17,0.03,0.17,Matches,West Ham,N/a,N/a,N/a,N/a,N/a,N/a,N/a,N/a,N/a,N/a,N/a,N/a,N/a,N/a,N/a,N/a,N/a,N/a,N/a,N/a,N/a,N/a,N/a,N/a,N/a,N/a,N/a,N/a,N/a,N/a,N/a,N/a,N/a,N/a,N/a,N/a,N/a,N/a,N/a,N/a,N/a,N/a,N/a,N/a,N/a,eng ENG,DF,34.0,5.0,0.0,0.0,0.55,0.0,0.0,N/a,23.8,2.0,0.05,-0.2,-0.2,Matches,West Ham,504.0,610.0,82.6,9299.0,3625.0,229.0,249.0,92.0,212.0,241.0,88.0,58.0,107.0,54.2,1.9,-1.3,9.0,52.0,5.0,2.0,511.0,98.0,33.0,1.0,5.0,36.0,52.0,13.0,11.0,2.0,0.0,1.0,10.0,15.0,1.64,7.0,8.0,0.0,0.0,0.0,0.0,0.0,0.0,0.0,0.0,0.0,0.0,0.0,0.0,11.0,7.0,5.0,5.0,1.0,9.0,11.0,81.8,2.0,9.0,4.0,5.0,8.0,19.0,37.0,0.0,687.0,45.0,270.0,328.0,94.0,2.0,687.0,2.0,1.0,50.0,1.0,50.0,291.0,1102.0,526.0,8.0,0.0,4.0,0.0,437.0,46.0,24.1,76.0,4,8,8.0,13,1.78,8.0,8.0,0.0,0.0,0.55,9.7,12.7,-3.0,-0.32,0.01,0.0,4.0,2.0,0.0,0.0,0.0,0.0,36.0,7.0,7.0,50.0
Aaron Wan-Bissaka,cd COD,DF,26.0,36,35,3154.0,35.0,2.0,5.0,7.0,2.0,0.0,1.0,0.0,1.2,1.2,3.5,4.7,110.0,149.0,167.0,0.06,0.14,0.2,0.06,0.2,0.03,0.1,0.14,0.03,0.14,Matches,West Ham,N/a,N/a,N/a,N/a,N/a,N/a,N/a,N/a,N/a,N/a,N/a,N/a,N/a,N/a,N/a,N/a,N/a,N/a,N/a,N/a,N/a,N/a,N/a,N/a,N/a,N/a,N/a,N/a,N/a,N/a,N/a,N/a,N/a,N/a,N/a,N/a,N/a,N/a,N/a,N/a,N/a,N/a,N/a,N/a,N/a,cd COD,DF,26.0,16.0,5.0,31.3,0.46,0.14,0.13,0.4,15.1,0.0,0.07,0.8,0.8,Matches,West Ham,1472.0,1815.0,81.1,20696.0,7523.0,953.0,1056.0,90.2,449.0,550.0,81.6,48.0,105.0,45.7,2.8,1.5,33.0,94.0,35.0,11.0,1568.0,243.0,11.0,5.0,1.0,76.0,232.0,0.0,0.0,0.0,0.0,4.0,62.0,93.0,2.65,75.0,4.0,7.0,3.0,2.0,2.0,10.0,0.29,9.0,0.0,0.0,1.0,0.0,0.0,70.0,49.0,33.0,32.0,5.0,23.0,32.0,71.9,9.0,37.0,11.0,26.0,66.0,136.0,125.0,0.0,2256.0,147.0,682.0,969.0,637.0,48.0,2256.0,122.0,64.0,52.5,43.0,35.2,1092.0,6700.0,3661.0,65.0,15.0,35.0,22.0,1322.0,88.0,92.2,89.0,33,1,29.0,1,1.17,44.0,59.0,-15.0,-0.43,-0.09,42.3,56.2,-13.9,-0.4,-0.8,0.0,25.0,27.0,5.0,0.0,0.0,1.0,174.0,22.0,33.0,40.0
Alphonse Areola,fr FRA,GK,31.0,26,25,2260.0,25.1,0.0,0.0,0.0,0.0,0.0,0.0,0.0,0.0,0.0,0.0,0.0,0.0,1.0,0.0,0.0,0.0,0.0,0.0,0.0,0.0,0.0,0.0,0.0,0.0,Matches,West Ham,fr FRA,GK,31.0,26.0,25.0,2260.0,25.1,41.0,1.63,115.0,77.0,64.3,5.0,7.0,13.0,5.0,20.0,0.0,0.0,N/a,Matches,West Ham,0.0,5.0,3.0,35.4,0.31,-2.6,-0.1,135.0,384.0,35.2,788.0,119.0,34.4,32.1,196.0,57.7,42.9,394.0,15.0,3.8,30.0,1.19,15.0,fr FRA,GK,31.0,0.0,0.0,N/a,0.0,0.0,N/a,N/a,N/a,0.0,N/a,0.0,0.0,Matches,West Ham,688.0,989.0,69.6,18224.0,12284.0,153.0,154.0,99.4,334.0,350.0,95.4,198.0,473.0,41.9,0.0,0.0,0.0,11.0,0.0,0.0,716.0,268.0,72.0,0.0,3.0,0.0,0.0,0.0,0.0,0.0,0.0,5.0,3.0,3.0,0.12,2.0,1.0,0.0,0.0,0.0,0.0,0.0,0.0,0.0,0.0,0.0,0.0,0.0,0.0,2.0,2.0,2.0,0.0,0.0,2.0,3.0,66.7,1.0,0.0,0.0,0.0,0.0,2.0,15.0,3.0,1049.0,833.0,1038.0,12.0,0.0,0.0,1049.0,0.0,0.0,N/a,0.0,N/a,601.0,2480.0,1348.0,0.0,0.0,0.0,0.0,555.0,87.0,66.1,88.0,24,1,55.0,8,0.96,29.0,41.0,-12.0,-0.48,-0.17,30.1,37.3,-7.2,-0.29,0.14,0.0,0.0,0.0,0.0,0.0,0.0,1.0,29.0,2.0,0.0,100.0
Andy Irving,sct SCO,MF,24.0,10,1,166.0,1.8,0.0,0.0,0.0,0.0,0.0,2.0,0.0,0.1,0.1,0.2,0.4,0.0,9.0,4.0,0.0,0.0,0.0,0.0,0.0,0.06,0.13,0.19,0.06,0.19,Matches,West Ham,N/a,N/a,N/a,N/a,N/a,N/a,N/a,N/a,N/a,N/a,N/a,N/a,N/a,N/a,N/a,N/a,N/a,N/a,N/a,N/a,N/a,N/a,N/a,N/a,N/a,N/a,N/a,N/a,N/a,N/a,N/a,N/a,N/a,N/a,N/a,N/a,N/a,N/a,N/a,N/a,N/a,N/a,N/a,N/a,N/a,sct SCO,MF,24.0,4.0,2.0,50.0,2.17,1.08,0.0,0.0,26.2,0.0,0.03,-0.1,-0.1,Matches,West Ham,109.0,124.0,87.9,1705.0,439.0,61.0,64.0,95.3,36.0,43.0,83.7,9.0,9.0,100.0,0.1,-0.2,1.0,14.0,1.0,1.0,120.0,2.0,2.0,1.0,0.0,2.0,0.0,0.0,0.0,0.0,0.0,2.0,1.0,5.0,2.68,4.0,0.0,1.0,0.0,0.0,0.0,0.0,0.0,0.0,0.0,0.0,0.0,0.0,0.0,7.0,4.0,3.0,3.0,1.0,1.0,5.0,20.0,4.0,5.0,1.0,4.0,1.0,8.0,5.0,0.0,150.0,7.0,37.0,89.0,24.0,0.0,150.0,1.0,1.0,100.0,0.0,0.0,73.0,305.0,137.0,1.0,0.0,1.0,3.0,104.0,17.0,4.9,76.0,0,9,10.0,15,1.1,1.0,4.0,-3.0,-1.63,-1.27,2.4,4.3,-1.9,-1.03,-0.73,0.0,6.0,1.0,0.0,0.0,0.0,0.0,10.0,1.0,1.0,50.0
Carlos Soler,es ESP,"MF,FW",27.0,31,14,1409.0,15.7,1.0,1.0,2.0,1.0,0.0,6.0,0.0,1.8,1.8,1.4,3.2,17.0,56.0,37.0,0.06,0.06,0.13,0.06,0.13,0.12,0.09,0.21,0.12,0.21,Matches,West Ham,N/a,N/a,N/a,N/a,N/a,N/a,N/a,N/a,N/a,N/a,N/a,N/a,N/a,N/a,N/a,N/a,N/a,N/a,N/a,N/a,N/a,N/a,N/a,N/a,N/a,N/a,N/a,N/a,N/a,N/a,N/a,N/a,N/a,N/a,N/a,N/a,N/a,N/a,N/a,N/a,N/a,N/a,N/a,N/a,N/a,es ESP,"MF,FW",27.0,25.0,8.0,32.0,1.6,0.51,0.04,0.13,19.0,1.0,0.07,-0.8,-0.8,Matches,West Ham,570.0,669.0,85.2,8890.0,2414.0,308.0,326.0,94.5,212.0,246.0,86.2,32.0,59.0,54.2,1.9,-0.4,18.0,43.0,13.0,0.0,605.0,62.0,28.0,4.0,6.0,34.0,4.0,21.0,11.0,6.0,0.0,2.0,10.0,51.0,3.26,31.0,9.0,2.0,5.0,3.0,1.0,2.0,0.13,2.0,0.0,0.0,0.0,0.0,0.0,16.0,11.0,9.0,6.0,1.0,7.0,23.0,30.4,16.0,19.0,6.0,13.0,8.0,24.0,21.0,2.0,794.0,27.0,180.0,409.0,210.0,26.0,794.0,18.0,8.0,44.4,9.0,50.0,367.0,1806.0,783.0,17.0,4.0,14.0,14.0,539.0,45.0,41.2,67.0,1,17,28.0,2,1.16,16.0,25.0,-9.0,-0.57,-0.26,16.8,28.2,-11.4,-0.73,-0.67,0.0,26.0,19.0,0.0,0.0,0.0,0.0,64.0,10.0,12.0,45.5
Crysencio Summerville,nl NED,"FW,MF",22.0,19,7,786.0,8.7,1.0,1.0,2.0,1.0,0.0,2.0,0.0,1.6,1.6,1.7,3.3,29.0,18.0,71.0,0.11,0.11,0.23,0.11,0.23,0.19,0.19,0.38,0.19,0.38,Matches,West Ham,N/a,N/a,N/a,N/a,N/a,N/a,N/a,N/a,N/a,N/a,N/a,N/a,N/a,N/a,N/a,N/a,N/a,N/a,N/a,N/a,N/a,N/a,N/a,N/a,N/a,N/a,N/a,N/a,N/a,N/a,N/a,N/a,N/a,N/a,N/a,N/a,N/a,N/a,N/a,N/a,N/a,N/a,N/a,N/a,N/a,nl NED,"FW,MF",22.0,14.0,4.0,28.6,1.6,0.46,0.07,0.25,13.4,0.0,0.12,-0.6,-0.6,Matches,West Ham,194.0,254.0,76.4,2881.0,640.0,125.0,148.0,84.5,55.0,62.0,88.7,11.0,22.0,50.0,1.7,-0.7,17.0,13.0,12.0,5.0,241.0,13.0,2.0,3.0,0.0,21.0,2.0,8.0,6.0,0.0,0.0,0.0,13.0,35.0,4.01,21.0,3.0,5.0,0.0,5.0,1.0,1.0,0.11,1.0,0.0,0.0,0.0,0.0,0.0,13.0,7.0,2.0,8.0,3.0,3.0,9.0,33.3,6.0,13.0,4.0,9.0,0.0,13.0,7.0,0.0,372.0,9.0,47.0,147.0,181.0,38.0,372.0,39.0,13.0,33.3,18.0,46.2,207.0,1463.0,762.0,15.0,13.0,20.0,16.0,259.0,41.0,23.0,67.0,1,12,26.0,1,1.05,13.0,20.0,-7.0,-0.8,-0.49,13.6,17.1,-3.5,-0.4,-0.09,0.0,9.0,23.0,4.0,0.0,0.0,0.0,38.0,4.0,9.0,30.8
Danny Ings,eng ENG,"FW,MF",32.0,15,1,284.0,3.2,1.0,2.0,3.0,1.0,0.0,0.0,0.0,2.3,2.3,1.3,3.5,6.0,5.0,29.0,0.32,0.63,0.95,0.32,0.95,0.72,0.41,1.12,0.72,1.12,Matches,West Ham,N/a,N/a,N/a,N/a,N/a,N/a,N/a,N/a,N/a,N/a,N/a,N/a,N/a,N/a,N/a,N/a,N/a,N/a,N/a,N/a,N/a,N/a,N/a,N/a,N/a,N/a,N/a,N/a,N/a,N/a,N/a,N/a,N/a,N/a,N/a,N/a,N/a,N/a,N/a,N/a,N/a,N/a,N/a,N/a,N/a,eng ENG,"FW,MF",32.0,14.0,5.0,35.7,4.44,1.58,0.07,0.2,15.5,0.0,0.16,-1.3,-1.3,Matches,West Ham,63.0,92.0,68.5,830.0,126.0,41.0,49.0,83.7,19.0,29.0,65.5,1.0,5.0,20.0,0.1,0.7,6.0,4.0,1.0,0.0,86.0,5.0,0.0,1.0,0.0,3.0,0.0,0.0,0.0,0.0,0.0,1.0,4.0,12.0,3.8,7.0,0.0,1.0,3.0,1.0,0.0,2.0,0.63,0.0,0.0,0.0,1.0,1.0,0.0,4.0,2.0,2.0,2.0,0.0,1.0,3.0,33.3,2.0,5.0,0.0,5.0,1.0,5.0,4.0,0.0,139.0,2.0,15.0,51.0,73.0,27.0,139.0,7.0,4.0,57.1,2.0,28.6,63.0,324.0,118.0,0.0,2.0,6.0,6.0,96.0,19.0,8.3,45.0,0,14,17.0,15,1.07,4.0,4.0,0.0,0.0,0.46,8.0,4.7,3.3,1.05,1.51,0.0,0.0,2.0,0.0,1.0,0.0,0.0,9.0,8.0,10.0,44.4
Edson Álvarez,mx MEX,MF,26.0,28,20,1772.0,19.7,0.0,1.0,1.0,0.0,0.0,9.0,1.0,0.4,0.4,0.8,1.2,24.0,85.0,18.0,0.0,0.05,0.05,0.0,0.05,0.02,0.04,0.06,0.02,0.06,Matches,West Ham,N/a,N/a,N/a,N/a,N/a,N/a,N/a,N/a,N/a,N/a,N/a,N/a,N/a,N/a,N/a,N/a,N/a,N/a,N/a,N/a,N/a,N/a,N/a,N/a,N/a,N/a,N/a,N/a,N/a,N/a,N/a,N/a,N/a,N/a,N/a,N/a,N/a,N/a,N/a,N/a,N/a,N/a,N/a,N/a,N/a,mx MEX,MF,26.0,12.0,1.0,8.3,0.61,0.05,0.0,0.0,26.3,0.0,0.03,-0.4,-0.4,Matches,West Ham,861.0,1003.0,85.8,14393.0,4200.0,424.0,475.0,89.3,361.0,402.0,89.8,66.0,92.0,71.7,0.9,0.2,12.0,92.0,12.0,3.0,980.0,16.0,12.0,3.0,12.0,6.0,3.0,0.0,0.0,0.0,0.0,7.0,10.0,28.0,1.42,24.0,0.0,2.0,1.0,1.0,0.0,2.0,0.1,2.0,0.0,0.0,0.0,0.0,0.0,50.0,27.0,27.0,15.0,8.0,17.0,35.0,48.6,18.0,23.0,8.0,15.0,18.0,68.0,46.0,1.0,1239.0,67.0,361.0,693.0,194.0,12.0,1239.0,33.0,14.0,42.4,14.0,42.4,687.0,3783.0,1714.0,22.0,2.0,27.0,15.0,830.0,63.0,51.8,76.0,4,8,32.0,2,1.25,19.0,29.0,-10.0,-0.51,-0.18,23.5,29.7,-6.2,-0.32,0.04,1.0,42.0,18.0,4.0,0.0,0.0,0.0,88.0,30.0,23.0,56.6
Emerson Palmieri,it ITA,DF,29.0,31,26,2113.0,23.5,2.0,1.0,3.0,2.0,0.0,5.0,0.0,2.0,2.0,1.5,3.4,47.0,66.0,83.0,0.09,0.04,0.13,0.09,0.13,0.08,0.06,0.15,0.08,0.15,Matches,West Ham,N/a,N/a,N/a,N/a,N/a,N/a,N/a,N/a,N/a,N/a,N/a,N/a,N/a,N/a,N/a,N/a,N/a,N/a,N/a,N/a,N/a,N/a,N/a,N/a,N/a,N/a,N/a,N/a,N/a,N/a,N/a,N/a,N/a,N/a,N/a,N/a,N/a,N/a,N/a,N/a,N/a,N/a,N/a,N/a,N/a,it ITA,DF,29.0,16.0,7.0,43.8,0.68,0.3,0.13,0.29,19.0,3.0,0.12,0.0,0.0,Matches,West Ham,861.0,1077.0,79.9,12546.0,4549.0,515.0,574.0,89.7,283.0,348.0,81.3,43.0,102.0,42.2,2.2,-0.5,16.0,51.0,13.0,5.0,887.0,185.0,20.0,1.0,2.0,64.0,140.0,25.0,7.0,15.0,0.0,5.0,23.0,41.0,1.75,25.0,11.0,0.0,2.0,2.0,1.0,2.0,0.09,1.0,1.0,0.0,0.0,0.0,0.0,60.0,31.0,37.0,18.0,5.0,27.0,48.0,56.3,21.0,32.0,8.0,24.0,21.0,81.0,59.0,0.0,1325.0,82.0,422.0,559.0,359.0,28.0,1325.0,30.0,10.0,33.3,17.0,56.7,555.0,3013.0,1737.0,25.0,9.0,24.0,7.0,747.0,68.0,61.8,77.0,7,5,24.0,4,1.16,32.0,41.0,-9.0,-0.38,0.1,28.0,37.1,-9.1,-0.39,-0.14,0.0,25.0,13.0,0.0,0.0,0.0,0.0,84.0,18.0,20.0,47.4
Evan Ferguson,ie IRL,FW,19.0,8,1,156.0,1.7,0.0,0.0,0.0,0.0,0.0,0.0,0.0,0.6,0.6,0.3,0.9,1.0,1.0,7.0,0.0,0.0,0.0,0.0,0.0,0.32,0.17,0.5,0.32,0.5,Matches,West Ham,N/a,N/a,N/a,N/a,N/a,N/a,N/a,N/a,N/a,N/a,N/a,N/a,N/a,N/a,N/a,N/a,N/a,N/a,N/a,N/a,N/a,N/a,N/a,N/a,N/a,N/a,N/a,N/a,N/a,N/a,N/a,N/a,N/a,N/a,N/a,N/a,N/a,N/a,N/a,N/a,N/a,N/a,N/a,N/a,N/a,ie IRL,FW,19.0,5.0,1.0,20.0,2.88,0.58,0.0,0.0,17.2,0.0,0.11,-0.6,-0.6,Matches,West Ham,28.0,37.0,75.7,375.0,21.0,21.0,26.0,80.8,5.0,7.0,71.4,1.0,2.0,50.0,0.3,-0.3,2.0,1.0,0.0,0.0,35.0,1.0,0.0,1.0,1.0,0.0,0.0,0.0,0.0,0.0,0.0,1.0,0.0,4.0,2.31,2.0,0.0,1.0,1.0,0.0,0.0,0.0,0.0,0.0,0.0,0.0,0.0,0.0,0.0,3.0,1.0,0.0,1.0,2.0,0.0,0.0,N/a,0.0,2.0,1.0,1.0,1.0,4.0,1.0,0.0,66.0,1.0,6.0,30.0,31.0,10.0,66.0,5.0,3.0,60.0,2.0,40.0,31.0,123.0,41.0,1.0,1.0,8.0,5.0,42.0,20.0,4.6,45.0,0,7,16.0,4,1.13,0.0,2.0,-2.0,-1.15,-0.77,1.9,1.3,0.6,0.36,0.72,0.0,1.0,2.0,0.0,0.0,0.0,0.0,8.0,5.0,10.0,33.3
Ezra Mayers,bb BRB,DF,17.0,0,0,N/a,N/a,N/a,N/a,N/a,N/a,N/a,N/a,N/a,N/a,N/a,N/a,N/a,N/a,N/a,N/a,N/a,N/a,N/a,N/a,N/a,N/a,N/a,N/a,N/a,N/a,Matches,West Ham,N/a,N/a,N/a,N/a,N/a,N/a,N/a,N/a,N/a,N/a,N/a,N/a,N/a,N/a,N/a,N/a,N/a,N/a,N/a,N/a,N/a,N/a,N/a,N/a,N/a,N/a,N/a,N/a,N/a,N/a,N/a,N/a,N/a,N/a,N/a,N/a,N/a,N/a,N/a,N/a,N/a,N/a,N/a,N/a,N/a,N/a,N/a,N/a,N/a,N/a,N/a,N/a,N/a,N/a,N/a,N/a,N/a,N/a,N/a,N/a,N/a,N/a,N/a,N/a,N/a,N/a,N/a,N/a,N/a,N/a,N/a,N/a,N/a,N/a,N/a,N/a,N/a,N/a,N/a,N/a,N/a,N/a,N/a,N/a,N/a,N/a,N/a,N/a,N/a,N/a,N/a,N/a,N/a,N/a,N/a,N/a,N/a,N/a,N/a,N/a,N/a,N/a,N/a,N/a,N/a,N/a,N/a,N/a,N/a,N/a,N/a,N/a,N/a,N/a,N/a,N/a,N/a,N/a,N/a,N/a,N/a,N/a,N/a,N/a,N/a,N/a,N/a,N/a,N/a,N/a,N/a,N/a,N/a,N/a,N/a,N/a,N/a,N/a,N/a,N/a,N/a,N/a,N/a,N/a,N/a,N/a,N/a,N/a,N/a,N/a,0,0,N/a,1,N/a,N/a,N/a,N/a,N/a,N/a,N/a,N/a,N/a,N/a,N/a,N/a,N/a,N/a,N/a,N/a,N/a,N/a,N/a,N/a,N/a,N/a
Guido Rodríguez,ar ARG,MF,30.0,23,16,1149.0,12.8,0.0,1.0,1.0,0.0,0.0,6.0,0.0,0.2,0.2,0.2,0.4,4.0,33.0,7.0,0.0,0.08,0.08,0.0,0.08,0.02,0.01,0.03,0.02,0.03,Matches,West Ham,N/a,N/a,N/a,N/a,N/a,N/a,N/a,N/a,N/a,N/a,N/a,N/a,N/a,N/a,N/a,N/a,N/a,N/a,N/a,N/a,N/a,N/a,N/a,N/a,N/a,N/a,N/a,N/a,N/a,N/a,N/a,N/a,N/a,N/a,N/a,N/a,N/a,N/a,N/a,N/a,N/a,N/a,N/a,N/a,N/a,ar ARG,MF,30.0,8.0,1.0,12.5,0.63,0.08,0.0,0.0,27.8,0.0,0.03,-0.2,-0.2,Matches,West Ham,480.0,569.0,84.4,8091.0,2164.0,239.0,272.0,87.9,195.0,215.0,90.7,38.0,59.0,64.4,0.2,0.8,4.0,37.0,1.0,0.0,554.0,15.0,14.0,1.0,5.0,5.0,1.0,0.0,0.0,0.0,0.0,0.0,13.0,12.0,0.94,10.0,0.0,0.0,2.0,0.0,0.0,1.0,0.08,1.0,0.0,0.0,0.0,0.0,0.0,36.0,19.0,21.0,15.0,0.0,17.0,33.0,51.5,16.0,23.0,9.0,14.0,13.0,49.0,35.0,1.0,709.0,54.0,223.0,423.0,64.0,5.0,709.0,6.0,3.0,50.0,1.0,16.7,327.0,1167.0,481.0,5.0,2.0,4.0,7.0,408.0,50.0,33.6,69.0,3,7,5.0,13,1.43,19.0,19.0,0.0,0.0,0.63,17.5,20.6,-3.1,-0.25,0.13,0.0,18.0,12.0,2.0,0.0,0.0,0.0,53.0,11.0,7.0,61.1
James Ward-Prowse,eng ENG,MF,29.0,15,12,1039.0,11.5,1.0,1.0,2.0,1.0,0.0,2.0,0.0,1.6,1.6,1.9,3.6,11.0,54.0,9.0,0.09,0.09,0.17,0.09,0.17,0.14,0.17,0.31,0.14,0.31,Matches,West Ham,N/a,N/a,N/a,N/a,N/a,N/a,N/a,N/a,N/a,N/a,N/a,N/a,N/a,N/a,N/a,N/a,N/a,N/a,N/a,N/a,N/a,N/a,N/a,N/a,N/a,N/a,N/a,N/a,N/a,N/a,N/a,N/a,N/a,N/a,N/a,N/a,N/a,N/a,N/a,N/a,N/a,N/a,N/a,N/a,N/a,eng ENG,MF,29.0,13.0,5.0,38.5,1.13,0.43,0.08,0.2,19.9,3.0,0.13,-0.6,-0.6,Matches,West Ham,677.0,768.0,88.2,11241.0,3140.0,354.0,369.0,95.9,257.0,281.0,91.5,56.0,96.0,58.3,1.8,-0.9,20.0,76.0,5.0,2.0,699.0,64.0,28.0,0.0,9.0,49.0,1.0,34.0,18.0,14.0,1.0,5.0,4.0,34.0,2.95,19.0,11.0,0.0,3.0,0.0,1.0,1.0,0.09,0.0,1.0,0.0,0.0,0.0,0.0,20.0,14.0,8.0,8.0,4.0,7.0,19.0,36.8,12.0,6.0,3.0,3.0,8.0,28.0,15.0,0.0,849.0,30.0,180.0,513.0,158.0,11.0,849.0,5.0,2.0,40.0,3.0,60.0,427.0,1999.0,845.0,16.0,0.0,3.0,6.0,593.0,69.0,30.4,80.0,6,3,25.0,1,1.07,12.0,11.0,1.0,0.09,0.73,12.9,13.7,-0.8,-0.07,0.38,0.0,10.0,4.0,0.0,0.0,0.0,0.0,52.0,10.0,5.0,66.7
Jarrod Bowen,eng ENG,"FW,MF",27.0,34,34,2973.0,33.0,13.0,8.0,21.0,12.0,1.0,1.0,0.0,8.6,7.8,6.8,14.7,109.0,91.0,212.0,0.39,0.24,0.64,0.36,0.61,0.26,0.21,0.47,0.24,0.44,Matches,West Ham,N/a,N/a,N/a,N/a,N/a,N/a,N/a,N/a,N/a,N/a,N/a,N/a,N/a,N/a,N/a,N/a,N/a,N/a,N/a,N/a,N/a,N/a,N/a,N/a,N/a,N/a,N/a,N/a,N/a,N/a,N/a,N/a,N/a,N/a,N/a,N/a,N/a,N/a,N/a,N/a,N/a,N/a,N/a,N/a,N/a,eng ENG,"FW,MF",27.0,86.0,36.0,41.9,2.6,1.09,0.14,0.33,17.4,1.0,0.09,4.4,4.2,Matches,West Ham,584.0,815.0,71.7,9476.0,2687.0,326.0,388.0,84.0,187.0,250.0,74.8,54.0,94.0,57.4,6.5,1.2,51.0,41.0,46.0,8.0,722.0,87.0,6.0,7.0,4.0,106.0,3.0,44.0,28.0,15.0,0.0,6.0,44.0,113.0,3.42,70.0,13.0,6.0,13.0,9.0,2.0,15.0,0.45,11.0,2.0,1.0,1.0,0.0,0.0,41.0,26.0,13.0,12.0,16.0,19.0,40.0,47.5,21.0,22.0,4.0,18.0,16.0,57.0,25.0,0.0,1252.0,28.0,132.0,466.0,678.0,171.0,1251.0,130.0,44.0,33.8,76.0,58.5,741.0,5306.0,2501.0,46.0,61.0,70.0,77.0,834.0,87.0,86.9,87.0,27,0,N/a,0,1.15,41.0,50.0,-9.0,-0.27,1.14,41.4,50.6,-9.2,-0.28,0.44,0.0,20.0,51.0,10.0,0.0,0.0,0.0,129.0,12.0,48.0,20.0
Jean-Clair Todibo,fr FRA,DF,24.0,27,20,1825.0,20.3,0.0,0.0,0.0,0.0,0.0,3.0,0.0,0.4,0.4,0.0,0.4,9.0,38.0,5.0,0.0,0.0,0.0,0.0,0.0,0.02,0.0,0.02,0.02,0.02,Matches,West Ham,N/a,N/a,N/a,N/a,N/a,N/a,N/a,N/a,N/a,N/a,N/a,N/a,N/a,N/a,N/a,N/a,N/a,N/a,N/a,N/a,N/a,N/a,N/a,N/a,N/a,N/a,N/a,N/a,N/a,N/a,N/a,N/a,N/a,N/a,N/a,N/a,N/a,N/a,N/a,N/a,N/a,N/a,N/a,N/a,N/a,fr FRA,DF,24.0,5.0,0.0,0.0,0.25,0.0,0.0,N/a,12.8,0.0,0.07,-0.4,-0.4,Matches,West Ham,951.0,1082.0,87.9,16772.0,5965.0,355.0,378.0,93.9,542.0,574.0,94.4,48.0,109.0,44.0,0.1,0.0,2.0,44.0,1.0,0.0,1046.0,33.0,28.0,0.0,4.0,3.0,5.0,0.0,0.0,0.0,0.0,3.0,7.0,5.0,0.25,4.0,0.0,0.0,0.0,0.0,1.0,0.0,0.0,0.0,0.0,0.0,0.0,0.0,0.0,47.0,28.0,30.0,15.0,2.0,26.0,36.0,72.2,10.0,25.0,13.0,12.0,26.0,73.0,83.0,3.0,1297.0,165.0,716.0,543.0,47.0,11.0,1297.0,16.0,9.0,56.3,7.0,43.8,760.0,3221.0,1602.0,5.0,0.0,14.0,11.0,890.0,68.0,53.4,80.0,9,7,31.0,5,1.37,30.0,33.0,-3.0,-0.15,0.59,26.6,29.4,-2.8,-0.14,0.43,0.0,16.0,6.0,0.0,0.0,0.0,0.0,79.0,28.0,26.0,51.9
Kaelan Casey,eng ENG,DF,19.0,1,0,1.0,0.0,0.0,0.0,0.0,0.0,0.0,0.0,0.0,0.0,0.0,0.0,0.0,0.0,0.0,0.0,0.0,0.0,0.0,0.0,0.0,0.0,0.0,0.0,0.0,0.0,Matches,West Ham,N/a,N/a,N/a,N/a,N/a,N/a,N/a,N/a,N/a,N/a,N/a,N/a,N/a,N/a,N/a,N/a,N/a,N/a,N/a,N/a,N/a,N/a,N/a,N/a,N/a,N/a,N/a,N/a,N/a,N/a,N/a,N/a,N/a,N/a,N/a,N/a,N/a,N/a,N/a,N/a,N/a,N/a,N/a,N/a,N/a,eng ENG,DF,19.0,0.0,0.0,N/a,0.0,0.0,N/a,N/a,N/a,0.0,N/a,0.0,0.0,Matches,West Ham,0.0,0.0,N/a,0.0,0.0,0.0,0.0,N/a,0.0,0.0,N/a,0.0,0.0,N/a,0.0,0.0,0.0,0.0,0.0,0.0,0.0,0.0,0.0,0.0,0.0,0.0,0.0,0.0,0.0,0.0,0.0,0.0,0.0,0.0,0.0,0.0,0.0,0.0,0.0,0.0,0.0,0.0,0.0,0.0,0.0,0.0,0.0,0.0,0.0,0.0,0.0,0.0,0.0,0.0,0.0,0.0,N/a,0.0,0.0,0.0,0.0,0.0,0.0,1.0,0.0,1.0,1.0,1.0,0.0,0.0,0.0,1.0,0.0,0.0,N/a,0.0,N/a,0.0,0.0,0.0,0.0,0.0,0.0,0.0,0.0,1.0,0.0,N/a,0,1,1.0,7,1.0,0.0,0.0,0.0,0.0,0.42,0.1,0.1,0.0,1.74,2.07,0.0,0.0,0.0,0.0,0.0,0.0,0.0,0.0,1.0,0.0,100.0
Konstantinos Mavropanos,gr GRE,DF,26.0,33,21,2045.0,22.7,0.0,0.0,0.0,0.0,0.0,6.0,1.0,1.5,1.5,0.5,2.0,17.0,61.0,2.0,0.0,0.0,0.0,0.0,0.0,0.07,0.02,0.09,0.07,0.09,Matches,West Ham,N/a,N/a,N/a,N/a,N/a,N/a,N/a,N/a,N/a,N/a,N/a,N/a,N/a,N/a,N/a,N/a,N/a,N/a,N/a,N/a,N/a,N/a,N/a,N/a,N/a,N/a,N/a,N/a,N/a,N/a,N/a,N/a,N/a,N/a,N/a,N/a,N/a,N/a,N/a,N/a,N/a,N/a,N/a,N/a,N/a,gr GRE,DF,26.0,18.0,5.0,27.8,0.79,0.22,0.0,0.0,14.8,0.0,0.09,-1.5,-1.5,Matches,West Ham,1092.0,1265.0,86.3,21548.0,7277.0,341.0,373.0,91.4,643.0,693.0,92.8,102.0,176.0,58.0,0.4,-0.5,5.0,64.0,4.0,1.0,1203.0,58.0,39.0,1.0,24.0,2.0,15.0,0.0,0.0,0.0,0.0,4.0,10.0,16.0,0.7,12.0,0.0,1.0,2.0,0.0,1.0,0.0,0.0,0.0,0.0,0.0,0.0,0.0,0.0,35.0,24.0,24.0,10.0,1.0,16.0,27.0,59.3,11.0,25.0,18.0,7.0,40.0,75.0,126.0,1.0,1532.0,244.0,806.0,671.0,63.0,24.0,1532.0,17.0,9.0,52.9,5.0,29.4,864.0,4287.0,2292.0,10.0,1.0,12.0,0.0,1008.0,62.0,59.8,85.0,17,12,22.0,3,1.15,22.0,38.0,-16.0,-0.7,-0.7,25.9,36.7,-10.9,-0.48,-0.36,1.0,17.0,16.0,3.0,0.0,0.0,0.0,77.0,57.0,25.0,69.5
Lewis Orford,eng ENG,MF,18.0,2,0,49.0,0.5,0.0,0.0,0.0,0.0,0.0,0.0,0.0,0.0,0.0,0.0,0.0,0.0,0.0,1.0,0.0,0.0,0.0,0.0,0.0,0.05,0.04,0.09,0.05,0.09,Matches,West Ham,N/a,N/a,N/a,N/a,N/a,N/a,N/a,N/a,N/a,N/a,N/a,N/a,N/a,N/a,N/a,N/a,N/a,N/a,N/a,N/a,N/a,N/a,N/a,N/a,N/a,N/a,N/a,N/a,N/a,N/a,N/a,N/a,N/a,N/a,N/a,N/a,N/a,N/a,N/a,N/a,N/a,N/a,N/a,N/a,N/a,eng ENG,MF,18.0,1.0,0.0,0.0,1.84,0.0,0.0,N/a,12.7,0.0,0.03,0.0,0.0,Matches,West Ham,33.0,38.0,86.8,583.0,83.0,11.0,13.0,84.6,18.0,20.0,90.0,2.0,3.0,66.7,0.0,0.0,2.0,2.0,1.0,1.0,36.0,2.0,2.0,0.0,0.0,1.0,0.0,0.0,0.0,0.0,0.0,0.0,0.0,2.0,3.67,2.0,0.0,0.0,0.0,0.0,0.0,0.0,0.0,0.0,0.0,0.0,0.0,0.0,0.0,0.0,0.0,0.0,0.0,0.0,0.0,0.0,N/a,0.0,1.0,0.0,1.0,1.0,1.0,0.0,0.0,42.0,1.0,8.0,28.0,7.0,2.0,42.0,0.0,0.0,N/a,0.0,N/a,22.0,98.0,27.0,0.0,0.0,1.0,0.0,31.0,25.0,1.4,N/a,0,2,25.0,3,0.0,0.0,1.0,-1.0,-1.84,-1.44,0.6,1.2,-0.6,-1.08,-0.76,0.0,0.0,0.0,0.0,0.0,0.0,0.0,7.0,0.0,1.0,0.0
Lucas Paquetá,br BRA,"MF,FW",26.0,33,27,2380.0,26.4,4.0,0.0,4.0,2.0,2.0,10.0,0.0,5.3,3.7,3.1,6.8,26.0,155.0,85.0,0.15,0.0,0.15,0.08,0.08,0.2,0.12,0.32,0.14,0.26,Matches,West Ham,N/a,N/a,N/a,N/a,N/a,N/a,N/a,N/a,N/a,N/a,N/a,N/a,N/a,N/a,N/a,N/a,N/a,N/a,N/a,N/a,N/a,N/a,N/a,N/a,N/a,N/a,N/a,N/a,N/a,N/a,N/a,N/a,N/a,N/a,N/a,N/a,N/a,N/a,N/a,N/a,N/a,N/a,N/a,N/a,N/a,br BRA,"MF,FW",26.0,39.0,3.0,7.7,1.47,0.11,0.05,0.67,19.5,4.0,0.1,-1.3,-1.7,Matches,West Ham,1126.0,1456.0,77.3,18683.0,6014.0,590.0,700.0,84.3,389.0,494.0,78.7,119.0,184.0,64.7,3.3,-3.1,36.0,132.0,44.0,4.0,1367.0,81.0,35.0,18.0,12.0,29.0,12.0,4.0,1.0,3.0,0.0,8.0,26.0,82.0,3.1,68.0,2.0,2.0,4.0,5.0,1.0,6.0,0.23,3.0,0.0,0.0,2.0,1.0,0.0,66.0,37.0,25.0,30.0,11.0,27.0,55.0,49.1,28.0,29.0,4.0,25.0,18.0,84.0,37.0,6.0,1796.0,62.0,367.0,989.0,454.0,59.0,1794.0,47.0,21.0,44.7,21.0,44.7,921.0,3358.0,1416.0,34.0,2.0,54.0,51.0,1268.0,72.0,69.6,82.0,16,6,29.0,1,0.94,34.0,50.0,-16.0,-0.61,-0.61,28.7,42.9,-14.2,-0.54,-0.67,0.0,53.0,62.0,6.0,0.0,1.0,0.0,149.0,48.0,57.0,45.7
Luis Guilherme,br BRA,"MF,FW",18.0,12,1,150.0,1.7,0.0,0.0,0.0,0.0,0.0,0.0,0.0,0.4,0.4,0.1,0.5,4.0,5.0,16.0,0.0,0.0,0.0,0.0,0.0,0.25,0.05,0.3,0.25,0.3,Matches,West Ham,N/a,N/a,N/a,N/a,N/a,N/a,N/a,N/a,N/a,N/a,N/a,N/a,N/a,N/a,N/a,N/a,N/a,N/a,N/a,N/a,N/a,N/a,N/a,N/a,N/a,N/a,N/a,N/a,N/a,N/a,N/a,N/a,N/a,N/a,N/a,N/a,N/a,N/a,N/a,N/a,N/a,N/a,N/a,N/a,N/a,br BRA,"MF,FW",18.0,4.0,1.0,25.0,2.4,0.6,0.0,0.0,13.6,0.0,0.1,-0.4,-0.4,Matches,West Ham,58.0,67.0,86.6,894.0,212.0,37.0,38.0,97.4,16.0,18.0,88.9,5.0,8.0,62.5,0.1,-0.1,3.0,5.0,3.0,2.0,64.0,3.0,0.0,0.0,0.0,8.0,1.0,2.0,0.0,2.0,0.0,0.0,2.0,10.0,6.0,6.0,1.0,1.0,1.0,1.0,0.0,0.0,0.0,0.0,0.0,0.0,0.0,0.0,0.0,1.0,0.0,1.0,0.0,0.0,0.0,3.0,0.0,3.0,7.0,0.0,7.0,3.0,4.0,2.0,0.0,99.0,3.0,19.0,40.0,41.0,5.0,99.0,13.0,7.0,53.8,4.0,30.8,51.0,383.0,165.0,3.0,1.0,4.0,3.0,69.0,13.0,4.4,45.0,0,11,10.0,22,0.5,2.0,5.0,-3.0,-1.8,-1.44,2.4,2.6,-0.1,-0.09,0.26,0.0,0.0,4.0,0.0,0.0,0.0,0.0,7.0,2.0,1.0,66.7
Max Kilman,eng ENG,DF,27.0,38,38,3348.0,37.2,0.0,1.0,1.0,0.0,0.0,5.0,0.0,1.6,1.6,1.2,2.8,31.0,113.0,6.0,0.0,0.03,0.03,0.0,0.03,0.04,0.03,0.08,0.04,0.08,Matches,West Ham,N/a,N/a,N/a,N/a,N/a,N/a,N/a,N/a,N/a,N/a,N/a,N/a,N/a,N/a,N/a,N/a,N/a,N/a,N/a,N/a,N/a,N/a,N/a,N/a,N/a,N/a,N/a,N/a,N/a,N/a,N/a,N/a,N/a,N/a,N/a,N/a,N/a,N/a,N/a,N/a,N/a,N/a,N/a,N/a,N/a,eng ENG,DF,27.0,13.0,2.0,15.4,0.35,0.05,0.0,0.0,8.9,0.0,0.13,-1.6,-1.6,Matches,West Ham,1697.0,1958.0,86.7,32592.0,10820.0,546.0,594.0,91.9,990.0,1065.0,93.0,150.0,265.0,56.6,1.2,-0.2,16.0,109.0,4.0,0.0,1916.0,37.0,25.0,0.0,12.0,4.0,1.0,0.0,0.0,0.0,0.0,5.0,9.0,32.0,0.86,28.0,0.0,2.0,0.0,0.0,2.0,5.0,0.13,3.0,0.0,1.0,0.0,0.0,1.0,39.0,24.0,16.0,20.0,3.0,23.0,27.0,85.2,4.0,58.0,40.0,18.0,38.0,77.0,212.0,6.0,2374.0,464.0,1317.0,962.0,113.0,32.0,2374.0,22.0,16.0,72.7,2.0,9.1,1270.0,5672.0,3185.0,14.0,2.0,17.0,4.0,1581.0,88.0,97.9,88.0,37,0,N/a,0,1.13,45.0,62.0,-17.0,-0.46,-1.71,45.8,58.9,-13.1,-0.35,-0.8,0.0,23.0,13.0,2.0,0.0,0.0,0.0,146.0,113.0,55.0,67.3
Michail Antonio,jm JAM,FW,34.0,14,11,836.0,9.3,1.0,1.0,2.0,1.0,0.0,1.0,0.0,2.2,2.2,1.6,3.8,29.0,18.0,59.0,0.11,0.11,0.22,0.11,0.22,0.24,0.17,0.41,0.24,0.41,Matches,West Ham,N/a,N/a,N/a,N/a,N/a,N/a,N/a,N/a,N/a,N/a,N/a,N/a,N/a,N/a,N/a,N/a,N/a,N/a,N/a,N/a,N/a,N/a,N/a,N/a,N/a,N/a,N/a,N/a,N/a,N/a,N/a,N/a,N/a,N/a,N/a,N/a,N/a,N/a,N/a,N/a,N/a,N/a,N/a,N/a,N/a,jm JAM,FW,34.0,19.0,4.0,21.1,2.05,0.43,0.05,0.25,12.6,0.0,0.12,-1.2,-1.2,Matches,West Ham,114.0,188.0,60.6,2183.0,424.0,52.0,72.0,72.2,37.0,62.0,59.7,22.0,31.0,71.0,0.9,-0.6,9.0,11.0,6.0,2.0,175.0,11.0,0.0,3.0,6.0,25.0,7.0,0.0,0.0,0.0,0.0,2.0,14.0,22.0,2.37,14.0,0.0,1.0,5.0,1.0,1.0,4.0,0.43,0.0,0.0,0.0,4.0,0.0,0.0,2.0,2.0,0.0,1.0,1.0,2.0,3.0,66.7,1.0,6.0,0.0,6.0,0.0,2.0,2.0,0.0,296.0,3.0,26.0,124.0,151.0,36.0,296.0,27.0,9.0,33.3,13.0,48.1,173.0,1177.0,695.0,13.0,9.0,35.0,19.0,221.0,60.0,24.4,66.0,0,3,37.0,0,1.07,13.0,18.0,-5.0,-0.54,-0.16,11.4,17.8,-6.4,-0.69,-0.47,0.0,12.0,7.0,4.0,0.0,0.0,0.0,22.0,17.0,22.0,43.6
Mohammed Kudus,gh GHA,"FW,MF",23.0,32,31,2590.0,28.8,5.0,3.0,8.0,5.0,0.0,2.0,1.0,6.9,6.9,3.1,10.0,98.0,79.0,216.0,0.17,0.1,0.28,0.17,0.28,0.24,0.11,0.35,0.24,0.35,Matches,West Ham,N/a,N/a,N/a,N/a,N/a,N/a,N/a,N/a,N/a,N/a,N/a,N/a,N/a,N/a,N/a,N/a,N/a,N/a,N/a,N/a,N/a,N/a,N/a,N/a,N/a,N/a,N/a,N/a,N/a,N/a,N/a,N/a,N/a,N/a,N/a,N/a,N/a,N/a,N/a,N/a,N/a,N/a,N/a,N/a,N/a,gh GHA,"FW,MF",23.0,75.0,21.0,28.0,2.61,0.73,0.07,0.24,16.0,0.0,0.09,-1.9,-1.9,Matches,West Ham,715.0,855.0,83.6,11695.0,1800.0,381.0,421.0,90.5,256.0,288.0,88.9,58.0,85.0,68.2,2.7,-0.1,31.0,46.0,29.0,15.0,837.0,16.0,5.0,2.0,13.0,81.0,3.0,1.0,0.0,0.0,0.0,2.0,29.0,107.0,3.72,74.0,1.0,16.0,12.0,2.0,2.0,10.0,0.35,6.0,0.0,1.0,3.0,0.0,0.0,38.0,23.0,9.0,18.0,11.0,10.0,27.0,37.0,17.0,24.0,1.0,23.0,4.0,42.0,8.0,2.0,1274.0,13.0,171.0,536.0,612.0,127.0,1274.0,208.0,92.0,44.2,98.0,47.1,842.0,5574.0,2613.0,59.0,42.0,77.0,93.0,989.0,81.0,75.7,83.0,14,1,19.0,0,1.13,33.0,46.0,-13.0,-0.45,-0.13,34.1,42.9,-8.9,-0.31,0.11,0.0,39.0,64.0,18.0,0.0,0.0,0.0,138.0,11.0,40.0,21.6
Niclas Füllkrug,de GER,FW,31.0,18,6,790.0,8.8,3.0,2.0,5.0,3.0,0.0,2.0,0.0,2.2,2.2,1.9,4.1,7.0,14.0,31.0,0.34,0.23,0.57,0.34,0.57,0.25,0.22,0.46,0.25,0.46,Matches,West Ham,N/a,N/a,N/a,N/a,N/a,N/a,N/a,N/a,N/a,N/a,N/a,N/a,N/a,N/a,N/a,N/a,N/a,N/a,N/a,N/a,N/a,N/a,N/a,N/a,N/a,N/a,N/a,N/a,N/a,N/a,N/a,N/a,N/a,N/a,N/a,N/a,N/a,N/a,N/a,N/a,N/a,N/a,N/a,N/a,N/a,de GER,FW,31.0,16.0,7.0,43.8,1.82,0.8,0.19,0.43,10.3,0.0,0.14,0.8,0.8,Matches,West Ham,133.0,198.0,67.2,1852.0,314.0,83.0,108.0,76.9,35.0,58.0,60.3,7.0,13.0,53.8,0.4,0.1,14.0,12.0,5.0,0.0,190.0,7.0,0.0,0.0,2.0,1.0,0.0,0.0,0.0,0.0,0.0,1.0,7.0,22.0,2.5,20.0,0.0,0.0,2.0,0.0,0.0,2.0,0.23,1.0,0.0,0.0,1.0,0.0,0.0,4.0,3.0,0.0,1.0,3.0,3.0,4.0,75.0,1.0,1.0,0.0,1.0,1.0,5.0,16.0,0.0,277.0,19.0,27.0,142.0,110.0,40.0,277.0,8.0,1.0,12.5,6.0,75.0,123.0,435.0,215.0,4.0,2.0,18.0,7.0,205.0,44.0,23.1,74.0,1,12,29.0,1,0.94,16.0,18.0,-2.0,-0.23,0.25,13.2,14.0,-0.9,-0.1,0.31,0.0,21.0,6.0,10.0,0.0,0.0,0.0,18.0,39.0,52.0,42.9
Oliver Scarles,eng ENG,"DF,FW",18.0,15,7,665.0,7.4,0.0,0.0,0.0,0.0,0.0,1.0,0.0,0.1,0.1,0.1,0.2,12.0,22.0,44.0,0.0,0.0,0.0,0.0,0.0,0.01,0.01,0.03,0.01,0.03,Matches,West Ham,N/a,N/a,N/a,N/a,N/a,N/a,N/a,N/a,N/a,N/a,N/a,N/a,N/a,N/a,N/a,N/a,N/a,N/a,N/a,N/a,N/a,N/a,N/a,N/a,N/a,N/a,N/a,N/a,N/a,N/a,N/a,N/a,N/a,N/a,N/a,N/a,N/a,N/a,N/a,N/a,N/a,N/a,N/a,N/a,N/a,eng ENG,"DF,FW",18.0,3.0,0.0,0.0,0.41,0.0,0.0,N/a,20.2,0.0,0.04,-0.1,-0.1,Matches,West Ham,293.0,372.0,78.8,4388.0,1151.0,174.0,196.0,88.8,106.0,126.0,84.1,11.0,37.0,29.7,0.1,-0.1,2.0,10.0,5.0,1.0,333.0,36.0,4.0,1.0,1.0,15.0,32.0,0.0,0.0,0.0,0.0,3.0,5.0,6.0,0.81,6.0,0.0,0.0,0.0,0.0,0.0,0.0,0.0,0.0,0.0,0.0,0.0,0.0,0.0,21.0,11.0,17.0,3.0,1.0,14.0,22.0,63.6,8.0,14.0,2.0,12.0,11.0,32.0,26.0,0.0,466.0,32.0,159.0,179.0,133.0,9.0,466.0,7.0,2.0,28.6,5.0,71.4,219.0,871.0,483.0,9.0,2.0,12.0,3.0,272.0,44.0,19.4,70.0,2,8,22.0,6,1.13,6.0,9.0,-3.0,-0.41,0.02,8.3,9.9,-1.6,-0.22,0.14,0.0,5.0,3.0,1.0,0.0,0.0,0.0,34.0,6.0,6.0,50.0
Opponent Total,N/a,N/a,26.1,38,418,3420.0,38.0,59.0,45.0,104.0,56.0,3.0,56.0,1.0,59.7,57.4,47.6,105.0,832.0,1622.0,1610.0,1.55,1.18,2.74,1.47,2.66,1.57,1.25,2.82,1.51,2.76,N/a,West Ham,N/a,N/a,26.1,38.0,38.0,3420.0,38.0,46.0,1.21,140.0,97.0,69.3,17.0,10.0,11.0,8.0,21.1,3.0,0.0,0.0,N/a,West Ham,1.0,5.0,3.0,43.7,0.3,0.7,0.02,164.0,494.0,33.2,1101.0,146.0,36.4,34.1,239.0,38.9,33.2,454.0,35.0,7.7,39.0,1.03,14.1,N/a,N/a,26.1,580.0,183.0,31.6,15.26,4.82,0.1,0.31,16.9,18.0,0.1,-0.7,-1.4,N/a,West Ham,15814.0,19489.0,81.1,272231.0,91982.0,7440.0,8388.0,88.7,6663.0,7690.0,86.6,1367.0,2532.0,54.0,43.0,-2.6,456.0,1386.0,392.0,97.0,17708.0,1726.0,494.0,79.0,79.0,811.0,701.0,208.0,108.0,44.0,7.0,55.0,324.0,1041.0,27.39,797.0,81.0,30.0,66.0,48.0,19.0,99.0,2.61,69.0,7.0,6.0,8.0,6.0,3.0,752.0,435.0,322.0,310.0,120.0,360.0,707.0,50.9,347.0,431.0,144.0,287.0,298.0,1050.0,836.0,23.0,23805.0,2423.0,7191.0,10213.0,6620.0,1094.0,23802.0,605.0,242.0,40.0,290.0,47.9,13771.0,74244.0,39404.0,510.0,242.0,512.0,364.0,15670.0,90.0,100.0,81.0,256,162,18.0,180,1.61,62.0,46.0,16.0,0.42,N/a,59.7,47.0,12.7,0.33,N/a,0.0,410.0,428.0,55.0,3.0,3.0,3.0,1582.0,560.0,587.0,48.8
Squad Total,N/a,N/a,28.1,38,418,3420.0,38.0,43.0,29.0,72.0,40.0,3.0,82.0,3.0,47.0,44.7,33.9,78.6,632.0,1222.0,1214.0,1.13,0.76,1.89,1.05,1.82,1.24,0.89,2.13,1.18,2.07,N/a,West Ham,N/a,N/a,28.1,38.0,38.0,3420.0,38.0,62.0,1.63,186.0,127.0,68.3,11.0,10.0,17.0,7.0,18.4,3.0,0.0,0.0,N/a,West Ham,1.0,8.0,3.0,57.9,0.3,-1.1,-0.03,212.0,610.0,34.8,1167.0,174.0,37.4,32.1,311.0,55.9,41.9,614.0,25.0,4.1,42.0,1.11,15.0,N/a,N/a,28.1,473.0,137.0,29.0,12.45,3.61,0.08,0.29,16.3,14.0,0.1,-4.0,-4.7,N/a,West Ham,14820.0,18363.0,80.7,258653.0,90743.0,6989.0,7831.0,89.2,6245.0,7153.0,87.3,1346.0,2580.0,52.2,32.0,-4.9,331.0,1075.0,267.0,72.0,16678.0,1612.0,437.0,53.0,133.0,613.0,612.0,152.0,82.0,57.0,1.0,73.0,343.0,815.0,21.45,582.0,69.0,48.0,65.0,34.0,17.0,67.0,1.76,42.0,5.0,3.0,13.0,3.0,1.0,654.0,388.0,317.0,253.0,84.0,290.0,532.0,54.5,242.0,440.0,169.0,271.0,331.0,985.0,1037.0,28.0,22887.0,2942.0,8352.0,9852.0,4896.0,839.0,22884.0,793.0,347.0,43.8,360.0,45.4,11796.0,59439.0,29684.0,394.0,175.0,492.0,392.0,14712.0,90.0,100.0,81.0,243,172,22.0,170,1.13,46.0,62.0,-16.0,-0.42,N/a,47.0,59.7,-12.7,-0.33,N/a,2.0,443.0,397.0,73.0,2.0,3.0,3.0,1558.0,587.0,560.0,51.2
Tomáš Souček,cz CZE,MF,29.0,35,30,2567.0,28.5,9.0,1.0,10.0,9.0,0.0,8.0,0.0,6.7,6.7,1.0,7.8,9.0,74.0,68.0,0.32,0.04,0.35,0.32,0.35,0.24,0.04,0.27,0.24,0.27,Matches,West Ham,N/a,N/a,N/a,N/a,N/a,N/a,N/a,N/a,N/a,N/a,N/a,N/a,N/a,N/a,N/a,N/a,N/a,N/a,N/a,N/a,N/a,N/a,N/a,N/a,N/a,N/a,N/a,N/a,N/a,N/a,N/a,N/a,N/a,N/a,N/a,N/a,N/a,N/a,N/a,N/a,N/a,N/a,N/a,N/a,N/a,cz CZE,MF,29.0,55.0,17.0,30.9,1.93,0.6,0.16,0.53,11.9,0.0,0.13,2.3,2.3,Matches,West Ham,715.0,969.0,73.8,11811.0,3221.0,364.0,457.0,79.6,265.0,343.0,77.3,65.0,97.0,67.0,1.3,0.0,14.0,62.0,8.0,1.0,946.0,20.0,17.0,0.0,11.0,14.0,3.0,0.0,0.0,0.0,0.0,3.0,26.0,44.0,1.54,35.0,0.0,0.0,6.0,2.0,1.0,3.0,0.11,2.0,0.0,0.0,0.0,1.0,0.0,46.0,21.0,20.0,23.0,3.0,26.0,44.0,59.1,18.0,41.0,21.0,20.0,20.0,66.0,85.0,1.0,1280.0,128.0,355.0,626.0,303.0,102.0,1280.0,12.0,6.0,50.0,6.0,50.0,506.0,1553.0,559.0,12.0,3.0,20.0,15.0,764.0,73.0,75.1,81.0,20,5,27.0,1,1.23,38.0,44.0,-6.0,-0.21,0.84,37.6,43.3,-5.7,-0.2,0.53,0.0,47.0,25.0,4.0,1.0,0.0,0.0,63.0,99.0,73.0,57.6
Vladimír Coufal,cz CZE,DF,31.0,22,11,1067.0,11.9,0.0,0.0,0.0,0.0,0.0,5.0,0.0,0.3,0.3,0.7,1.0,26.0,39.0,33.0,0.0,0.0,0.0,0.0,0.0,0.03,0.06,0.08,0.03,0.08,Matches,West Ham,N/a,N/a,N/a,N/a,N/a,N/a,N/a,N/a,N/a,N/a,N/a,N/a,N/a,N/a,N/a,N/a,N/a,N/a,N/a,N/a,N/a,N/a,N/a,N/a,N/a,N/a,N/a,N/a,N/a,N/a,N/a,N/a,N/a,N/a,N/a,N/a,N/a,N/a,N/a,N/a,N/a,N/a,N/a,N/a,N/a,cz CZE,DF,31.0,7.0,2.0,28.6,0.59,0.17,0.0,0.0,15.5,0.0,0.04,-0.3,-0.3,Matches,West Ham,470.0,598.0,78.6,7419.0,2842.0,247.0,272.0,90.8,184.0,228.0,80.7,28.0,72.0,38.9,1.0,-0.7,8.0,44.0,13.0,8.0,490.0,106.0,11.0,0.0,0.0,28.0,95.0,0.0,0.0,0.0,0.0,2.0,11.0,18.0,1.52,14.0,4.0,0.0,0.0,0.0,0.0,1.0,0.08,0.0,1.0,0.0,0.0,0.0,0.0,22.0,15.0,13.0,7.0,2.0,10.0,22.0,45.5,12.0,13.0,11.0,2.0,8.0,30.0,39.0,1.0,736.0,61.0,262.0,318.0,159.0,14.0,736.0,15.0,5.0,33.3,7.0,46.7,298.0,1754.0,888.0,10.0,2.0,12.0,8.0,400.0,49.0,31.2,78.0,5,11,19.0,11,1.0,12.0,21.0,-9.0,-0.76,-0.49,17.3,19.5,-2.1,-0.18,0.22,0.0,22.0,16.0,0.0,0.0,0.0,1.0,39.0,23.0,16.0,59.0
Wes Foderingham,eng ENG,GK,33.0,0,0,N/a,N/a,N/a,N/a,N/a,N/a,N/a,N/a,N/a,N/a,N/a,N/a,N/a,N/a,N/a,N/a,N/a,N/a,N/a,N/a,N/a,N/a,N/a,N/a,N/a,N/a,Matches,West Ham,N/a,N/a,N/a,N/a,N/a,N/a,N/a,N/a,N/a,N/a,N/a,N/a,N/a,N/a,N/a,N/a,N/a,N/a,N/a,N/a,N/a,N/a,N/a,N/a,N/a,N/a,N/a,N/a,N/a,N/a,N/a,N/a,N/a,N/a,N/a,N/a,N/a,N/a,N/a,N/a,N/a,N/a,N/a,N/a,N/a,N/a,N/a,N/a,N/a,N/a,N/a,N/a,N/a,N/a,N/a,N/a,N/a,N/a,N/a,N/a,N/a,N/a,N/a,N/a,N/a,N/a,N/a,N/a,N/a,N/a,N/a,N/a,N/a,N/a,N/a,N/a,N/a,N/a,N/a,N/a,N/a,N/a,N/a,N/a,N/a,N/a,N/a,N/a,N/a,N/a,N/a,N/a,N/a,N/a,N/a,N/a,N/a,N/a,N/a,N/a,N/a,N/a,N/a,N/a,N/a,N/a,N/a,N/a,N/a,N/a,N/a,N/a,N/a,N/a,N/a,N/a,N/a,N/a,N/a,N/a,N/a,N/a,N/a,N/a,N/a,N/a,N/a,N/a,N/a,N/a,N/a,N/a,N/a,N/a,N/a,N/a,N/a,N/a,N/a,N/a,N/a,N/a,N/a,N/a,N/a,N/a,N/a,N/a,N/a,N/a,0,0,N/a,9,N/a,N/a,N/a,N/a,N/a,N/a,N/a,N/a,N/a,N/a,N/a,N/a,N/a,N/a,N/a,N/a,N/a,N/a,N/a,N/a,N/a,N/a
Łukasz Fabiański,pl POL,GK,39.0,14,13,1160.0,12.9,0.0,0.0,0.0,0.0,0.0,2.0,0.0,0.0,0.0,0.0,0.0,0.0,0.0,0.0,0.0,0.0,0.0,0.0,0.0,0.0,0.0,0.0,0.0,0.0,Matches,West Ham,pl POL,GK,39.0,14.0,13.0,1160.0,12.9,21.0,1.63,71.0,50.0,74.6,6.0,3.0,4.0,2.0,15.4,3.0,0.0,0.0,Matches,West Ham,1.0,3.0,0.0,22.6,0.29,1.6,0.12,77.0,226.0,34.1,394.0,55.0,41.9,35.5,100.0,61.0,45.1,220.0,10.0,4.5,12.0,0.93,13.1,pl POL,GK,39.0,0.0,0.0,N/a,0.0,0.0,N/a,N/a,N/a,0.0,N/a,0.0,0.0,Matches,West Ham,332.0,495.0,67.1,9586.0,6808.0,59.0,59.0,100.0,159.0,160.0,99.4,114.0,275.0,41.5,0.0,0.0,0.0,5.0,0.0,0.0,351.0,143.0,43.0,0.0,0.0,0.0,0.0,0.0,0.0,0.0,0.0,1.0,0.0,3.0,0.23,2.0,1.0,0.0,0.0,0.0,0.0,0.0,0.0,0.0,0.0,0.0,0.0,0.0,0.0,0.0,0.0,0.0,0.0,0.0,0.0,1.0,0.0,1.0,0.0,0.0,0.0,0.0,0.0,5.0,1.0,530.0,414.0,525.0,5.0,0.0,0.0,530.0,3.0,3.0,100.0,0.0,0.0,285.0,1485.0,890.0,0.0,0.0,0.0,0.0,248.0,83.0,33.9,86.0,12,1,45.0,21,1.5,17.0,21.0,-4.0,-0.31,0.17,16.9,22.4,-5.5,-0.43,-0.14,0.0,2.0,1.0,0.0,0.0,2.0,0.0,5.0,3.0,1.0,75.0
