Player,Unnamed: 1_level_0_Nation,Unnamed: 2_level_0_Pos,Unnamed: 3_level_0_Age,Playing Time_MP,Playing Time_Starts,Playing Time_Min,Playing Time_90s,Performance_Gls,Performance_Ast,Performance_G+A,Performance_G-PK,Performance_PK,Performance_PKatt,Performance_CrdY,Performance_CrdR,Expected_xG,Expected_npxG,Expected_xAG,Expected_npxG+xAG,Progression_PrgC,Progression_PrgP,Progression_PrgR,Per 90 Minutes_Gls,Per 90 Minutes_Ast,Per 90 Minutes_G+A,Per 90 Minutes_G-PK,Per 90 Minutes_G+A-PK,Per 90 Minutes_xG,Per 90 Minutes_xAG,Per 90 Minutes_xG+xAG,Per 90 Minutes_npxG,Per 90 Minutes_npxG+xAG,Unnamed: 33_level_0_Matches,Team,Unnamed: 1_level_0_Nation_stats_keeper_9,Unnamed: 2_level_0_Pos_stats_keeper_9,Unnamed: 3_level_0_Age_stats_keeper_9,Playing Time_MP_stats_keeper_9,Playing Time_Min_stats_keeper_9,Performance_GA,Performance_GA90,Performance_SoTA,Performance_Saves,Performance_Save%,Performance_W,Performance_D,Performance_L,Performance_CS,Performance_CS%,Penalty Kicks_PKatt,Penalty Kicks_PKsv,Unnamed: 23_level_0_Matches,Team_stats_keeper_9,Goals_FK,Goals_CK,Goals_OG,Expected_PSxG,Expected_PSxG/SoT,Expected_PSxG+/-,Expected_/90,Launched_Cmp,Launched_Att,Launched_Cmp%,Passes_Att (GK),Passes_Thr,Passes_Launch%,Passes_AvgLen,Goal Kicks_Att,Goal Kicks_Launch%,Goal Kicks_AvgLen,Crosses_Opp,Crosses_Stp,Crosses_Stp%,Sweeper_#OPA,Sweeper_#OPA/90,Sweeper_AvgDist,Unnamed: 1_level_0_Nation_stats_shooting_9,Unnamed: 2_level_0_Pos_stats_shooting_9,Unnamed: 3_level_0_Age_stats_shooting_9,Unnamed: 4_level_0_90s_stats_shooting_9,Standard_Gls,Standard_Sh,Standard_SoT,Standard_SoT%,Standard_Sh/90,Standard_SoT/90,Standard_G/Sh,Standard_G/SoT,Standard_Dist,Standard_FK,Standard_PK,Expected_xG_stats_shooting_9,Expected_npxG_stats_shooting_9,Expected_npxG/Sh,Expected_G-xG,Expected_np:G-xG,Unnamed: 22_level_0_Matches,Team_stats_shooting_9,Total_Cmp,Total_Att,Total_Cmp%,Total_TotDist,Total_PrgDist,Short_Cmp,Short_Att,Short_Cmp%,Medium_Cmp,Medium_Att,Medium_Cmp%,Long_Cmp,Long_Att,Long_Cmp%,Unnamed: 19_level_0_Ast,Unnamed: 20_level_0_xAG,Expected_xA,Expected_A-xAG,Unnamed: 23_level_0_KP,Unnamed: 24_level_0_1/3,Unnamed: 25_level_0_PPA,Unnamed: 26_level_0_CrsPA,Unnamed: 27_level_0_PrgP,Pass Types_Live,Pass Types_Dead,Pass Types_FK,Pass Types_TB,Pass Types_Sw,Pass Types_Crs,Pass Types_TI,Pass Types_CK,Corner Kicks_In,Corner Kicks_Out,Corner Kicks_Str,Outcomes_Off,Outcomes_Blocks,SCA_SCA,SCA_SCA90,SCA Types_PassLive,SCA Types_PassDead,SCA Types_TO,SCA Types_Sh,SCA Types_Fld,SCA Types_Def,GCA_GCA,GCA_GCA90,GCA Types_PassLive,GCA Types_PassDead,GCA Types_TO,GCA Types_Sh,GCA Types_Fld,GCA Types_Def,Tackles_Tkl,Tackles_TklW,Tackles_Def 3rd,Tackles_Mid 3rd,Tackles_Att 3rd,Challenges_Tkl,Challenges_Att,Challenges_Tkl%,Challenges_Lost,Blocks_Blocks,Blocks_Sh,Blocks_Pass,Unnamed: 17_level_0_Int,Unnamed: 18_level_0_Tkl+Int,Unnamed: 19_level_0_Clr,Unnamed: 20_level_0_Err,Touches_Touches,Touches_Def Pen,Touches_Def 3rd,Touches_Mid 3rd,Touches_Att 3rd,Touches_Att Pen,Touches_Live,Take-Ons_Att,Take-Ons_Succ,Take-Ons_Succ%,Take-Ons_Tkld,Take-Ons_Tkld%,Carries_Carries,Carries_TotDist,Carries_PrgDist,Carries_PrgC,Carries_1/3,Carries_CPA,Carries_Mis,Carries_Dis,Receiving_Rec,Receiving_PrgR,Playing Time_Mn/MP,Playing Time_Min%,Starts_Starts,Starts_Mn/Start,Starts_Compl,Subs_Subs,Subs_Mn/Sub,Subs_unSub,Team Success_PPM,Team Success_onG,Team Success_onGA,Team Success_+/-,Team Success_+/-90,Team Success_On-Off,Team Success (xG)_onxG,Team Success (xG)_onxGA,Team Success (xG)_xG+/-,Team Success (xG)_xG+/-90,Team Success (xG)_On-Off,Performance_CrdY_stats_misc_9,Performance_CrdR_stats_misc_9,Performance_2CrdY,Performance_Fls,Performance_Fld,Performance_Off,Performance_PKwon,Performance_PKcon,Performance_OG,Performance_Recov,Aerial Duels_Won,Aerial Duels_Lost,Aerial Duels_Won%
Aaron Ramsdale,eng ENG,GK,26,0,0,N/a,N/a,N/a,N/a,N/a,N/a,N/a,N/a,N/a,N/a,N/a,N/a,N/a,N/a,N/a,N/a,N/a,N/a,N/a,N/a,N/a,N/a,N/a,N/a,N/a,N/a,N/a,Matches,Arsenal,N/a,N/a,N/a,N/a,N/a,N/a,N/a,N/a,N/a,N/a,N/a,N/a,N/a,N/a,N/a,N/a,N/a,N/a,N/a,N/a,N/a,N/a,N/a,N/a,N/a,N/a,N/a,N/a,N/a,N/a,N/a,N/a,N/a,N/a,N/a,N/a,N/a,N/a,N/a,N/a,N/a,N/a,N/a,N/a,N/a,N/a,N/a,N/a,N/a,N/a,N/a,N/a,N/a,N/a,N/a,N/a,N/a,N/a,N/a,N/a,N/a,N/a,N/a,N/a,N/a,N/a,N/a,N/a,N/a,N/a,N/a,N/a,N/a,N/a,N/a,N/a,N/a,N/a,N/a,N/a,N/a,N/a,N/a,N/a,N/a,N/a,N/a,N/a,N/a,N/a,N/a,N/a,N/a,N/a,N/a,N/a,N/a,N/a,N/a,N/a,N/a,N/a,N/a,N/a,N/a,N/a,N/a,N/a,N/a,N/a,N/a,N/a,N/a,N/a,N/a,N/a,N/a,N/a,N/a,N/a,N/a,N/a,N/a,N/a,N/a,N/a,N/a,N/a,N/a,N/a,N/a,N/a,N/a,N/a,N/a,N/a,N/a,N/a,N/a,N/a,N/a,N/a,N/a,N/a,N/a,N/a,N/a,N/a,N/a,N/a,N/a,N/a,N/a,N/a,N/a,N/a,0,N/a,0,0,N/a,2,N/a,N/a,N/a,N/a,N/a,N/a,N/a,N/a,N/a,N/a,N/a,N/a,N/a,N/a,N/a,N/a,N/a,N/a,N/a,N/a,N/a,N/a,N/a,N/a
Ayden Heaven,eng ENG,DF,17,0,0,N/a,N/a,N/a,N/a,N/a,N/a,N/a,N/a,N/a,N/a,N/a,N/a,N/a,N/a,N/a,N/a,N/a,N/a,N/a,N/a,N/a,N/a,N/a,N/a,N/a,N/a,N/a,Matches,Arsenal,N/a,N/a,N/a,N/a,N/a,N/a,N/a,N/a,N/a,N/a,N/a,N/a,N/a,N/a,N/a,N/a,N/a,N/a,N/a,N/a,N/a,N/a,N/a,N/a,N/a,N/a,N/a,N/a,N/a,N/a,N/a,N/a,N/a,N/a,N/a,N/a,N/a,N/a,N/a,N/a,N/a,N/a,N/a,N/a,N/a,N/a,N/a,N/a,N/a,N/a,N/a,N/a,N/a,N/a,N/a,N/a,N/a,N/a,N/a,N/a,N/a,N/a,N/a,N/a,N/a,N/a,N/a,N/a,N/a,N/a,N/a,N/a,N/a,N/a,N/a,N/a,N/a,N/a,N/a,N/a,N/a,N/a,N/a,N/a,N/a,N/a,N/a,N/a,N/a,N/a,N/a,N/a,N/a,N/a,N/a,N/a,N/a,N/a,N/a,N/a,N/a,N/a,N/a,N/a,N/a,N/a,N/a,N/a,N/a,N/a,N/a,N/a,N/a,N/a,N/a,N/a,N/a,N/a,N/a,N/a,N/a,N/a,N/a,N/a,N/a,N/a,N/a,N/a,N/a,N/a,N/a,N/a,N/a,N/a,N/a,N/a,N/a,N/a,N/a,N/a,N/a,N/a,N/a,N/a,N/a,N/a,N/a,N/a,N/a,N/a,N/a,N/a,N/a,N/a,N/a,N/a,0,N/a,0,0,N/a,3,N/a,N/a,N/a,N/a,N/a,N/a,N/a,N/a,N/a,N/a,N/a,N/a,N/a,N/a,N/a,N/a,N/a,N/a,N/a,N/a,N/a,N/a,N/a,N/a
Ben White,eng ENG,DF,26,17,13,1198,13.3,0,2,2,0,0,0,2,0,0.5,0.5,1.4,1.8,23,59,42,0.00,0.15,0.15,0.00,0.15,0.03,0.10,0.14,0.03,0.14,Matches,Arsenal,N/a,N/a,N/a,N/a,N/a,N/a,N/a,N/a,N/a,N/a,N/a,N/a,N/a,N/a,N/a,N/a,N/a,N/a,N/a,N/a,N/a,N/a,N/a,N/a,N/a,N/a,N/a,N/a,N/a,N/a,N/a,N/a,N/a,N/a,N/a,N/a,N/a,N/a,N/a,N/a,N/a,N/a,eng ENG,DF,26.0,13.3,0.0,9.0,2.0,22.2,0.68,0.15,0.0,0.0,19.4,0.0,0.0,0.5,0.5,0.05,-0.5,-0.5,Matches,Arsenal,580.0,692.0,83.8,9173.0,2998.0,309.0,337.0,91.7,234.0,276.0,84.8,24.0,50.0,48.0,2.0,1.4,1.4,0.6,10.0,55.0,11.0,2.0,59.0,583.0,107.0,20.0,1.0,7.0,17.0,83.0,0.0,0.0,0.0,0.0,2.0,7.0,23.0,1.73,22.0,1.0,0.0,0.0,0.0,0.0,2.0,0.15,2.0,0.0,0.0,0.0,0.0,0.0,20.0,14.0,10.0,4.0,6.0,16.0,38.0,42.1,22.0,10.0,8.0,2.0,16.0,36.0,44.0,0.0,813.0,55.0,214.0,367.0,238.0,28.0,813.0,6.0,0.0,0.0,5.0,83.3,394.0,1617.0,953.0,23.0,16.0,4.0,10.0,6.0,494.0,42.0,70,35.0,13,86,10,4,19,3,1.47,20,13,+7,+0.53,-0.61,18.9,16.2,+2.7,+0.21,-0.71,2.0,0.0,0.0,10.0,5.0,1.0,0.0,0.0,0.0,37.0,18.0,9.0,66.7
Brayden Clarke,wls WAL,DF,17,0,0,N/a,N/a,N/a,N/a,N/a,N/a,N/a,N/a,N/a,N/a,N/a,N/a,N/a,N/a,N/a,N/a,N/a,N/a,N/a,N/a,N/a,N/a,N/a,N/a,N/a,N/a,N/a,Matches,Arsenal,N/a,N/a,N/a,N/a,N/a,N/a,N/a,N/a,N/a,N/a,N/a,N/a,N/a,N/a,N/a,N/a,N/a,N/a,N/a,N/a,N/a,N/a,N/a,N/a,N/a,N/a,N/a,N/a,N/a,N/a,N/a,N/a,N/a,N/a,N/a,N/a,N/a,N/a,N/a,N/a,N/a,N/a,N/a,N/a,N/a,N/a,N/a,N/a,N/a,N/a,N/a,N/a,N/a,N/a,N/a,N/a,N/a,N/a,N/a,N/a,N/a,N/a,N/a,N/a,N/a,N/a,N/a,N/a,N/a,N/a,N/a,N/a,N/a,N/a,N/a,N/a,N/a,N/a,N/a,N/a,N/a,N/a,N/a,N/a,N/a,N/a,N/a,N/a,N/a,N/a,N/a,N/a,N/a,N/a,N/a,N/a,N/a,N/a,N/a,N/a,N/a,N/a,N/a,N/a,N/a,N/a,N/a,N/a,N/a,N/a,N/a,N/a,N/a,N/a,N/a,N/a,N/a,N/a,N/a,N/a,N/a,N/a,N/a,N/a,N/a,N/a,N/a,N/a,N/a,N/a,N/a,N/a,N/a,N/a,N/a,N/a,N/a,N/a,N/a,N/a,N/a,N/a,N/a,N/a,N/a,N/a,N/a,N/a,N/a,N/a,N/a,N/a,N/a,N/a,N/a,N/a,0,N/a,0,0,N/a,1,N/a,N/a,N/a,N/a,N/a,N/a,N/a,N/a,N/a,N/a,N/a,N/a,N/a,N/a,N/a,N/a,N/a,N/a,N/a,N/a,N/a,N/a,N/a,N/a
Bukayo Saka,eng ENG,"FW,MF",22,25,20,1729,19.2,6,10,16,5,1,1,3,0,6.8,6.0,7.6,13.7,96,70,255,0.31,0.52,0.83,0.26,0.78,0.36,0.40,0.75,0.31,0.71,Matches,Arsenal,N/a,N/a,N/a,N/a,N/a,N/a,N/a,N/a,N/a,N/a,N/a,N/a,N/a,N/a,N/a,N/a,N/a,N/a,N/a,N/a,N/a,N/a,N/a,N/a,N/a,N/a,N/a,N/a,N/a,N/a,N/a,N/a,N/a,N/a,N/a,N/a,N/a,N/a,N/a,N/a,N/a,N/a,eng ENG,"FW,MF",22.0,19.2,6.0,66.0,22.0,33.3,3.44,1.15,0.08,0.23,15.6,1.0,1.0,6.8,6.0,0.09,-0.8,-1.0,Matches,Arsenal,552.0,731.0,75.5,8408.0,2487.0,334.0,371.0,90.0,154.0,214.0,72.0,45.0,92.0,48.9,10.0,7.6,7.8,2.4,58.0,15.0,38.0,12.0,70.0,644.0,83.0,7.0,4.0,2.0,117.0,12.0,64.0,56.0,0.0,2.0,4.0,21.0,117.0,6.09,71.0,20.0,12.0,10.0,4.0,0.0,23.0,1.2,14.0,5.0,2.0,1.0,1.0,0.0,29.0,15.0,9.0,11.0,9.0,13.0,24.0,54.2,11.0,22.0,0.0,22.0,3.0,32.0,8.0,0.0,979.0,6.0,57.0,216.0,715.0,162.0,978.0,90.0,41.0,45.6,37.0,41.1,628.0,4253.0,2460.0,96.0,32.0,51.0,34.0,40.0,711.0,255.0,69,50.6,20,79,7,5,32,0,1.96,38,21,+17,+0.88,-0.07,34.8,17.6,+17.3,+0.90,+0.46,3.0,0.0,0.0,15.0,39.0,7.0,1.0,0.0,0.0,70.0,10.0,20.0,33.3
David Raya,es ESP,GK,28,38,38,3420,38.0,0,0,0,0,0,0,3,0,0.0,0.0,0.0,0.0,0,14,0,0.00,0.00,0.00,0.00,0.00,0.00,0.00,0.00,0.00,0.00,Matches,Arsenal,es ESP,GK,28.0,38.0,3420.0,34.0,0.89,120.0,86.0,74.2,20.0,14.0,4.0,13.0,34.2,3.0,0.0,Matches,Arsenal,2.0,8.0,0.0,35.1,0.28,1.1,0.03,149.0,478.0,31.2,1263.0,178.0,29.9,29.9,147.0,68.0,49.1,402.0,53.0,13.2,66.0,1.74,17.2,es ESP,GK,28.0,38.0,0.0,0.0,0.0,N/a,0.0,0.0,N/a,N/a,N/a,0.0,0.0,0.0,0.0,N/a,0.0,0.0,Matches,Arsenal,1040.0,1413.0,73.6,24784.0,17222.0,285.0,288.0,99.0,537.0,548.0,98.0,215.0,570.0,37.7,0.0,0.0,0.1,0.0,1.0,45.0,3.0,0.0,14.0,1172.0,238.0,91.0,0.0,3.0,0.0,0.0,0.0,0.0,0.0,0.0,3.0,0.0,5.0,0.13,4.0,1.0,0.0,0.0,0.0,0.0,1.0,0.03,1.0,0.0,0.0,0.0,0.0,0.0,0.0,0.0,0.0,0.0,0.0,0.0,2.0,0.0,2.0,0.0,0.0,0.0,2.0,2.0,21.0,9.0,1480.0,880.0,1388.0,92.0,0.0,0.0,1480.0,1.0,1.0,100.0,0.0,0.0,921.0,4542.0,2729.0,0.0,0.0,0.0,1.0,0.0,841.0,0.0,90,100.0,38,90,38,0,N/a,0,1.95,69,34,+35,+0.92,N/a,59.9,34.4,+25.5,+0.67,N/a,3.0,0.0,0.0,1.0,10.0,0.0,0.0,1.0,0.0,41.0,13.0,0.0,100.0
Declan Rice,eng ENG,MF,25,35,33,2825,31.4,4,7,11,4,0,0,7,1,3.5,3.5,6.6,10.1,90,192,94,0.13,0.22,0.35,0.13,0.35,0.11,0.21,0.32,0.11,0.32,Matches,Arsenal,N/a,N/a,N/a,N/a,N/a,N/a,N/a,N/a,N/a,N/a,N/a,N/a,N/a,N/a,N/a,N/a,N/a,N/a,N/a,N/a,N/a,N/a,N/a,N/a,N/a,N/a,N/a,N/a,N/a,N/a,N/a,N/a,N/a,N/a,N/a,N/a,N/a,N/a,N/a,N/a,N/a,N/a,eng ENG,MF,25.0,31.4,4.0,48.0,14.0,29.2,1.53,0.45,0.08,0.29,19.6,2.0,0.0,3.5,3.5,0.07,0.5,0.5,Matches,Arsenal,1376.0,1650.0,83.4,23402.0,6234.0,678.0,737.0,92.0,553.0,611.0,90.5,117.0,240.0,48.8,7.0,6.6,5.6,0.4,59.0,137.0,35.0,5.0,192.0,1436.0,208.0,71.0,5.0,17.0,164.0,4.0,108.0,94.0,3.0,0.0,6.0,15.0,111.0,3.54,62.0,33.0,4.0,5.0,5.0,2.0,10.0,0.32,6.0,2.0,1.0,1.0,0.0,0.0,53.0,25.0,22.0,25.0,6.0,17.0,41.0,41.5,24.0,27.0,13.0,14.0,25.0,78.0,51.0,0.0,1948.0,82.0,325.0,909.0,733.0,81.0,1948.0,29.0,14.0,48.3,14.0,48.3,1031.0,6464.0,3394.0,90.0,58.0,16.0,36.0,32.0,1266.0,94.0,81,82.6,33,84,23,2,23,1,1.91,56,28,+28,+0.89,-0.17,48.8,26.8,+22.0,+0.70,+0.17,7.0,1.0,1.0,21.0,16.0,2.0,0.0,0.0,0.0,156.0,37.0,25.0,59.7
Eddie Nketiah,eng ENG,FW,25,0,0,N/a,N/a,N/a,N/a,N/a,N/a,N/a,N/a,N/a,N/a,N/a,N/a,N/a,N/a,N/a,N/a,N/a,N/a,N/a,N/a,N/a,N/a,N/a,N/a,N/a,N/a,N/a,Matches,Arsenal,N/a,N/a,N/a,N/a,N/a,N/a,N/a,N/a,N/a,N/a,N/a,N/a,N/a,N/a,N/a,N/a,N/a,N/a,N/a,N/a,N/a,N/a,N/a,N/a,N/a,N/a,N/a,N/a,N/a,N/a,N/a,N/a,N/a,N/a,N/a,N/a,N/a,N/a,N/a,N/a,N/a,N/a,N/a,N/a,N/a,N/a,N/a,N/a,N/a,N/a,N/a,N/a,N/a,N/a,N/a,N/a,N/a,N/a,N/a,N/a,N/a,N/a,N/a,N/a,N/a,N/a,N/a,N/a,N/a,N/a,N/a,N/a,N/a,N/a,N/a,N/a,N/a,N/a,N/a,N/a,N/a,N/a,N/a,N/a,N/a,N/a,N/a,N/a,N/a,N/a,N/a,N/a,N/a,N/a,N/a,N/a,N/a,N/a,N/a,N/a,N/a,N/a,N/a,N/a,N/a,N/a,N/a,N/a,N/a,N/a,N/a,N/a,N/a,N/a,N/a,N/a,N/a,N/a,N/a,N/a,N/a,N/a,N/a,N/a,N/a,N/a,N/a,N/a,N/a,N/a,N/a,N/a,N/a,N/a,N/a,N/a,N/a,N/a,N/a,N/a,N/a,N/a,N/a,N/a,N/a,N/a,N/a,N/a,N/a,N/a,N/a,N/a,N/a,N/a,N/a,N/a,0,N/a,0,0,N/a,2,N/a,N/a,N/a,N/a,N/a,N/a,N/a,N/a,N/a,N/a,N/a,N/a,N/a,N/a,N/a,N/a,N/a,N/a,N/a,N/a,N/a,N/a,N/a,N/a
Ethan Nwaneri,eng ENG,"FW,MF",17,26,11,895,9.9,4,2,6,4,0,0,1,0,1.2,1.2,1.2,2.4,46,33,113,0.40,0.20,0.60,0.40,0.60,0.12,0.12,0.24,0.12,0.24,Matches,Arsenal,N/a,N/a,N/a,N/a,N/a,N/a,N/a,N/a,N/a,N/a,N/a,N/a,N/a,N/a,N/a,N/a,N/a,N/a,N/a,N/a,N/a,N/a,N/a,N/a,N/a,N/a,N/a,N/a,N/a,N/a,N/a,N/a,N/a,N/a,N/a,N/a,N/a,N/a,N/a,N/a,N/a,N/a,eng ENG,"FW,MF",17.0,9.9,4.0,24.0,9.0,37.5,2.41,0.91,0.17,0.44,18.5,1.0,0.0,1.2,1.2,0.05,2.8,2.8,Matches,Arsenal,342.0,425.0,80.5,4906.0,1216.0,216.0,234.0,92.3,93.0,121.0,76.9,19.0,37.0,51.4,2.0,1.2,1.8,0.8,16.0,17.0,16.0,6.0,33.0,386.0,36.0,3.0,3.0,1.0,54.0,4.0,27.0,18.0,0.0,0.0,3.0,14.0,29.0,2.91,15.0,6.0,5.0,2.0,1.0,0.0,3.0,0.3,3.0,0.0,0.0,0.0,0.0,0.0,11.0,7.0,4.0,4.0,3.0,7.0,21.0,33.3,14.0,8.0,2.0,6.0,2.0,13.0,4.0,1.0,544.0,3.0,44.0,167.0,339.0,44.0,544.0,62.0,37.0,59.7,19.0,30.6,365.0,2852.0,1329.0,46.0,25.0,17.0,23.0,17.0,398.0,113.0,34,26.2,11,65,1,15,12,10,1.85,16,4,+12,+1.21,+0.39,14.5,5.4,+9.1,+0.91,+0.33,1.0,0.0,0.0,9.0,5.0,6.0,0.0,0.0,0.0,34.0,4.0,8.0,33.3
Gabriel Jesus,br BRA,FW,27,17,6,608,6.8,3,0,3,3,0,0,4,0,3.0,3.0,0.7,3.7,15,19,57,0.44,0.00,0.44,0.44,0.44,0.44,0.10,0.54,0.44,0.54,Matches,Arsenal,N/a,N/a,N/a,N/a,N/a,N/a,N/a,N/a,N/a,N/a,N/a,N/a,N/a,N/a,N/a,N/a,N/a,N/a,N/a,N/a,N/a,N/a,N/a,N/a,N/a,N/a,N/a,N/a,N/a,N/a,N/a,N/a,N/a,N/a,N/a,N/a,N/a,N/a,N/a,N/a,N/a,N/a,br BRA,FW,27.0,6.8,3.0,20.0,7.0,35.0,2.96,1.04,0.15,0.43,11.1,0.0,0.0,3.0,3.0,0.15,0.0,0.0,Matches,Arsenal,156.0,203.0,76.8,2030.0,378.0,103.0,128.0,80.5,41.0,47.0,87.2,4.0,6.0,66.7,0.0,0.7,0.5,-0.7,8.0,10.0,9.0,1.0,19.0,197.0,3.0,0.0,1.0,0.0,7.0,3.0,0.0,0.0,0.0,0.0,3.0,12.0,18.0,2.66,10.0,0.0,1.0,5.0,1.0,1.0,4.0,0.59,1.0,0.0,0.0,3.0,0.0,0.0,10.0,6.0,4.0,3.0,3.0,4.0,9.0,44.4,5.0,10.0,1.0,9.0,4.0,14.0,8.0,0.0,299.0,9.0,28.0,108.0,165.0,48.0,299.0,22.0,9.0,40.9,10.0,45.5,179.0,953.0,432.0,15.0,6.0,11.0,13.0,13.0,217.0,57.0,36,17.8,6,81,2,11,11,1,1.94,15,5,+10,+1.48,+0.68,11.4,5.7,+5.7,+0.85,+0.21,4.0,0.0,0.0,14.0,10.0,9.0,0.0,0.0,0.0,28.0,9.0,18.0,33.3
Gabriel Magalhães,br BRA,DF,26,28,28,2363,26.3,3,1,4,3,0,0,4,0,2.6,2.6,0.9,3.5,10,126,11,0.11,0.04,0.15,0.11,0.15,0.10,0.03,0.13,0.10,0.13,Matches,Arsenal,N/a,N/a,N/a,N/a,N/a,N/a,N/a,N/a,N/a,N/a,N/a,N/a,N/a,N/a,N/a,N/a,N/a,N/a,N/a,N/a,N/a,N/a,N/a,N/a,N/a,N/a,N/a,N/a,N/a,N/a,N/a,N/a,N/a,N/a,N/a,N/a,N/a,N/a,N/a,N/a,N/a,N/a,br BRA,DF,26.0,26.3,3.0,22.0,5.0,22.7,0.84,0.19,0.14,0.6,9.5,0.0,0.0,2.6,2.6,0.12,0.4,0.4,Matches,Arsenal,1480.0,1641.0,90.2,25788.0,7938.0,598.0,617.0,96.9,782.0,830.0,94.2,83.0,154.0,53.9,1.0,0.9,1.2,0.1,13.0,145.0,8.0,0.0,126.0,1560.0,80.0,51.0,1.0,8.0,9.0,3.0,0.0,0.0,0.0,0.0,1.0,8.0,35.0,1.33,31.0,0.0,0.0,3.0,1.0,0.0,6.0,0.23,4.0,0.0,0.0,1.0,1.0,0.0,25.0,15.0,12.0,8.0,5.0,12.0,16.0,75.0,4.0,42.0,29.0,13.0,16.0,41.0,93.0,2.0,1873.0,189.0,672.0,985.0,225.0,40.0,1873.0,5.0,4.0,80.0,1.0,20.0,1116.0,4470.0,2669.0,10.0,22.0,0.0,9.0,2.0,1366.0,11.0,84,69.1,28,84,25,0,N/a,0,2.04,50,22,+28,+1.07,+0.47,40.3,23.1,+17.2,+0.66,-0.05,4.0,0.0,0.0,19.0,19.0,0.0,1.0,0.0,0.0,63.0,53.0,37.0,58.9
Gabriel Martinelli,br BRA,"FW,MF",23,33,25,2290,25.4,8,4,12,8,0,0,1,0,7.4,7.4,5.0,12.4,124,52,289,0.31,0.16,0.47,0.31,0.47,0.29,0.19,0.49,0.29,0.49,Matches,Arsenal,N/a,N/a,N/a,N/a,N/a,N/a,N/a,N/a,N/a,N/a,N/a,N/a,N/a,N/a,N/a,N/a,N/a,N/a,N/a,N/a,N/a,N/a,N/a,N/a,N/a,N/a,N/a,N/a,N/a,N/a,N/a,N/a,N/a,N/a,N/a,N/a,N/a,N/a,N/a,N/a,N/a,N/a,br BRA,"FW,MF",23.0,25.4,8.0,55.0,24.0,43.6,2.16,0.94,0.15,0.33,12.9,0.0,0.0,7.4,7.4,0.14,0.6,0.6,Matches,Arsenal,499.0,699.0,71.4,7113.0,1534.0,324.0,385.0,84.2,135.0,193.0,69.9,26.0,52.0,50.0,4.0,5.0,4.7,-1.0,40.0,11.0,37.0,15.0,52.0,679.0,15.0,0.0,5.0,2.0,92.0,12.0,3.0,3.0,0.0,0.0,5.0,37.0,74.0,2.91,55.0,1.0,8.0,7.0,3.0,0.0,7.0,0.27,4.0,0.0,1.0,1.0,1.0,0.0,23.0,15.0,9.0,6.0,8.0,7.0,23.0,30.4,16.0,15.0,0.0,15.0,5.0,28.0,19.0,0.0,994.0,17.0,102.0,247.0,660.0,182.0,994.0,109.0,33.0,30.3,60.0,55.0,670.0,4985.0,2620.0,124.0,33.0,64.0,50.0,38.0,752.0,289.0,69,67.0,25,81,10,8,33,2,1.94,45,25,+20,+0.79,-0.41,38.5,25.9,+12.6,+0.49,-0.54,1.0,0.0,0.0,16.0,21.0,8.0,0.0,0.0,0.0,78.0,17.0,39.0,30.4
Ismeal Kabia,eng ENG,MF,18,0,0,N/a,N/a,N/a,N/a,N/a,N/a,N/a,N/a,N/a,N/a,N/a,N/a,N/a,N/a,N/a,N/a,N/a,N/a,N/a,N/a,N/a,N/a,N/a,N/a,N/a,N/a,N/a,Matches,Arsenal,N/a,N/a,N/a,N/a,N/a,N/a,N/a,N/a,N/a,N/a,N/a,N/a,N/a,N/a,N/a,N/a,N/a,N/a,N/a,N/a,N/a,N/a,N/a,N/a,N/a,N/a,N/a,N/a,N/a,N/a,N/a,N/a,N/a,N/a,N/a,N/a,N/a,N/a,N/a,N/a,N/a,N/a,N/a,N/a,N/a,N/a,N/a,N/a,N/a,N/a,N/a,N/a,N/a,N/a,N/a,N/a,N/a,N/a,N/a,N/a,N/a,N/a,N/a,N/a,N/a,N/a,N/a,N/a,N/a,N/a,N/a,N/a,N/a,N/a,N/a,N/a,N/a,N/a,N/a,N/a,N/a,N/a,N/a,N/a,N/a,N/a,N/a,N/a,N/a,N/a,N/a,N/a,N/a,N/a,N/a,N/a,N/a,N/a,N/a,N/a,N/a,N/a,N/a,N/a,N/a,N/a,N/a,N/a,N/a,N/a,N/a,N/a,N/a,N/a,N/a,N/a,N/a,N/a,N/a,N/a,N/a,N/a,N/a,N/a,N/a,N/a,N/a,N/a,N/a,N/a,N/a,N/a,N/a,N/a,N/a,N/a,N/a,N/a,N/a,N/a,N/a,N/a,N/a,N/a,N/a,N/a,N/a,N/a,N/a,N/a,N/a,N/a,N/a,N/a,N/a,N/a,0,N/a,0,0,N/a,9,N/a,N/a,N/a,N/a,N/a,N/a,N/a,N/a,N/a,N/a,N/a,N/a,N/a,N/a,N/a,N/a,N/a,N/a,N/a,N/a,N/a,N/a,N/a,N/a
Jack Henry-Francis,ie IRL,MF,20,0,0,N/a,N/a,N/a,N/a,N/a,N/a,N/a,N/a,N/a,N/a,N/a,N/a,N/a,N/a,N/a,N/a,N/a,N/a,N/a,N/a,N/a,N/a,N/a,N/a,N/a,N/a,N/a,Matches,Arsenal,N/a,N/a,N/a,N/a,N/a,N/a,N/a,N/a,N/a,N/a,N/a,N/a,N/a,N/a,N/a,N/a,N/a,N/a,N/a,N/a,N/a,N/a,N/a,N/a,N/a,N/a,N/a,N/a,N/a,N/a,N/a,N/a,N/a,N/a,N/a,N/a,N/a,N/a,N/a,N/a,N/a,N/a,N/a,N/a,N/a,N/a,N/a,N/a,N/a,N/a,N/a,N/a,N/a,N/a,N/a,N/a,N/a,N/a,N/a,N/a,N/a,N/a,N/a,N/a,N/a,N/a,N/a,N/a,N/a,N/a,N/a,N/a,N/a,N/a,N/a,N/a,N/a,N/a,N/a,N/a,N/a,N/a,N/a,N/a,N/a,N/a,N/a,N/a,N/a,N/a,N/a,N/a,N/a,N/a,N/a,N/a,N/a,N/a,N/a,N/a,N/a,N/a,N/a,N/a,N/a,N/a,N/a,N/a,N/a,N/a,N/a,N/a,N/a,N/a,N/a,N/a,N/a,N/a,N/a,N/a,N/a,N/a,N/a,N/a,N/a,N/a,N/a,N/a,N/a,N/a,N/a,N/a,N/a,N/a,N/a,N/a,N/a,N/a,N/a,N/a,N/a,N/a,N/a,N/a,N/a,N/a,N/a,N/a,N/a,N/a,N/a,N/a,N/a,N/a,N/a,N/a,0,N/a,0,0,N/a,6,N/a,N/a,N/a,N/a,N/a,N/a,N/a,N/a,N/a,N/a,N/a,N/a,N/a,N/a,N/a,N/a,N/a,N/a,N/a,N/a,N/a,N/a,N/a,N/a
Jack Porter,eng ENG,GK,16,0,0,N/a,N/a,N/a,N/a,N/a,N/a,N/a,N/a,N/a,N/a,N/a,N/a,N/a,N/a,N/a,N/a,N/a,N/a,N/a,N/a,N/a,N/a,N/a,N/a,N/a,N/a,N/a,Matches,Arsenal,N/a,N/a,N/a,N/a,N/a,N/a,N/a,N/a,N/a,N/a,N/a,N/a,N/a,N/a,N/a,N/a,N/a,N/a,N/a,N/a,N/a,N/a,N/a,N/a,N/a,N/a,N/a,N/a,N/a,N/a,N/a,N/a,N/a,N/a,N/a,N/a,N/a,N/a,N/a,N/a,N/a,N/a,N/a,N/a,N/a,N/a,N/a,N/a,N/a,N/a,N/a,N/a,N/a,N/a,N/a,N/a,N/a,N/a,N/a,N/a,N/a,N/a,N/a,N/a,N/a,N/a,N/a,N/a,N/a,N/a,N/a,N/a,N/a,N/a,N/a,N/a,N/a,N/a,N/a,N/a,N/a,N/a,N/a,N/a,N/a,N/a,N/a,N/a,N/a,N/a,N/a,N/a,N/a,N/a,N/a,N/a,N/a,N/a,N/a,N/a,N/a,N/a,N/a,N/a,N/a,N/a,N/a,N/a,N/a,N/a,N/a,N/a,N/a,N/a,N/a,N/a,N/a,N/a,N/a,N/a,N/a,N/a,N/a,N/a,N/a,N/a,N/a,N/a,N/a,N/a,N/a,N/a,N/a,N/a,N/a,N/a,N/a,N/a,N/a,N/a,N/a,N/a,N/a,N/a,N/a,N/a,N/a,N/a,N/a,N/a,N/a,N/a,N/a,N/a,N/a,N/a,0,N/a,0,0,N/a,1,N/a,N/a,N/a,N/a,N/a,N/a,N/a,N/a,N/a,N/a,N/a,N/a,N/a,N/a,N/a,N/a,N/a,N/a,N/a,N/a,N/a,N/a,N/a,N/a
Jakub Kiwior,pl POL,DF,24,17,10,1122,12.5,1,0,1,1,0,0,1,0,0.2,0.2,0.3,0.5,5,48,1,0.08,0.00,0.08,0.08,0.08,0.01,0.03,0.04,0.01,0.04,Matches,Arsenal,N/a,N/a,N/a,N/a,N/a,N/a,N/a,N/a,N/a,N/a,N/a,N/a,N/a,N/a,N/a,N/a,N/a,N/a,N/a,N/a,N/a,N/a,N/a,N/a,N/a,N/a,N/a,N/a,N/a,N/a,N/a,N/a,N/a,N/a,N/a,N/a,N/a,N/a,N/a,N/a,N/a,N/a,pl POL,DF,24.0,12.5,1.0,3.0,1.0,33.3,0.24,0.08,0.33,1.0,18.5,0.0,0.0,0.2,0.2,0.06,0.8,0.8,Matches,Arsenal,673.0,736.0,91.4,11598.0,3392.0,278.0,294.0,94.6,358.0,376.0,95.2,30.0,53.0,56.6,0.0,0.3,0.3,-0.3,5.0,65.0,3.0,0.0,48.0,704.0,31.0,10.0,3.0,1.0,2.0,4.0,0.0,0.0,0.0,0.0,1.0,1.0,8.0,0.64,7.0,0.0,1.0,0.0,0.0,0.0,0.0,0.0,0.0,0.0,0.0,0.0,0.0,0.0,22.0,8.0,13.0,7.0,2.0,11.0,15.0,73.3,4.0,13.0,8.0,5.0,6.0,28.0,58.0,3.0,846.0,100.0,281.0,494.0,72.0,5.0,846.0,5.0,3.0,60.0,2.0,40.0,492.0,1988.0,1037.0,5.0,7.0,1.0,3.0,2.0,615.0,1.0,66,32.8,10,90,10,7,32,20,1.82,19,15,+4,+0.32,-0.89,20.7,13.8,+6.9,+0.55,-0.18,1.0,0.0,0.0,10.0,4.0,1.0,0.0,0.0,0.0,31.0,11.0,13.0,45.8
Jimi Gower,eng ENG,MF,19,0,0,N/a,N/a,N/a,N/a,N/a,N/a,N/a,N/a,N/a,N/a,N/a,N/a,N/a,N/a,N/a,N/a,N/a,N/a,N/a,N/a,N/a,N/a,N/a,N/a,N/a,N/a,N/a,Matches,Arsenal,N/a,N/a,N/a,N/a,N/a,N/a,N/a,N/a,N/a,N/a,N/a,N/a,N/a,N/a,N/a,N/a,N/a,N/a,N/a,N/a,N/a,N/a,N/a,N/a,N/a,N/a,N/a,N/a,N/a,N/a,N/a,N/a,N/a,N/a,N/a,N/a,N/a,N/a,N/a,N/a,N/a,N/a,N/a,N/a,N/a,N/a,N/a,N/a,N/a,N/a,N/a,N/a,N/a,N/a,N/a,N/a,N/a,N/a,N/a,N/a,N/a,N/a,N/a,N/a,N/a,N/a,N/a,N/a,N/a,N/a,N/a,N/a,N/a,N/a,N/a,N/a,N/a,N/a,N/a,N/a,N/a,N/a,N/a,N/a,N/a,N/a,N/a,N/a,N/a,N/a,N/a,N/a,N/a,N/a,N/a,N/a,N/a,N/a,N/a,N/a,N/a,N/a,N/a,N/a,N/a,N/a,N/a,N/a,N/a,N/a,N/a,N/a,N/a,N/a,N/a,N/a,N/a,N/a,N/a,N/a,N/a,N/a,N/a,N/a,N/a,N/a,N/a,N/a,N/a,N/a,N/a,N/a,N/a,N/a,N/a,N/a,N/a,N/a,N/a,N/a,N/a,N/a,N/a,N/a,N/a,N/a,N/a,N/a,N/a,N/a,N/a,N/a,N/a,N/a,N/a,N/a,0,N/a,0,0,N/a,4,N/a,N/a,N/a,N/a,N/a,N/a,N/a,N/a,N/a,N/a,N/a,N/a,N/a,N/a,N/a,N/a,N/a,N/a,N/a,N/a,N/a,N/a,N/a,N/a
Jorginho,it ITA,MF,32,15,9,704,7.8,0,0,0,0,0,0,5,0,0.1,0.1,0.4,0.5,12,48,6,0.00,0.00,0.00,0.00,0.00,0.01,0.05,0.06,0.01,0.06,Matches,Arsenal,N/a,N/a,N/a,N/a,N/a,N/a,N/a,N/a,N/a,N/a,N/a,N/a,N/a,N/a,N/a,N/a,N/a,N/a,N/a,N/a,N/a,N/a,N/a,N/a,N/a,N/a,N/a,N/a,N/a,N/a,N/a,N/a,N/a,N/a,N/a,N/a,N/a,N/a,N/a,N/a,N/a,N/a,it ITA,MF,32.0,7.8,0.0,2.0,0.0,0.0,0.26,0.0,0.0,N/a,23.2,0.0,0.0,0.1,0.1,0.03,-0.1,-0.1,Matches,Arsenal,411.0,474.0,86.7,6468.0,1609.0,215.0,235.0,91.5,168.0,190.0,88.4,21.0,36.0,58.3,0.0,0.4,0.6,-0.4,3.0,44.0,10.0,0.0,48.0,466.0,8.0,7.0,4.0,1.0,1.0,0.0,0.0,0.0,0.0,0.0,0.0,5.0,12.0,1.54,10.0,0.0,0.0,0.0,2.0,0.0,0.0,0.0,0.0,0.0,0.0,0.0,0.0,0.0,12.0,4.0,1.0,7.0,4.0,8.0,20.0,40.0,12.0,3.0,0.0,3.0,7.0,19.0,2.0,2.0,522.0,9.0,93.0,304.0,131.0,3.0,522.0,4.0,1.0,25.0,2.0,50.0,302.0,1498.0,874.0,12.0,13.0,0.0,12.0,9.0,389.0,6.0,47,20.6,9,72,3,6,9,19,2.00,14,7,+7,+0.89,-0.03,13.5,6.0,+7.5,+0.97,+0.37,5.0,0.0,0.0,15.0,17.0,0.0,0.0,0.0,0.0,55.0,1.0,6.0,14.3
Josh Nichols,eng ENG,DF,18,0,0,N/a,N/a,N/a,N/a,N/a,N/a,N/a,N/a,N/a,N/a,N/a,N/a,N/a,N/a,N/a,N/a,N/a,N/a,N/a,N/a,N/a,N/a,N/a,N/a,N/a,N/a,N/a,Matches,Arsenal,N/a,N/a,N/a,N/a,N/a,N/a,N/a,N/a,N/a,N/a,N/a,N/a,N/a,N/a,N/a,N/a,N/a,N/a,N/a,N/a,N/a,N/a,N/a,N/a,N/a,N/a,N/a,N/a,N/a,N/a,N/a,N/a,N/a,N/a,N/a,N/a,N/a,N/a,N/a,N/a,N/a,N/a,N/a,N/a,N/a,N/a,N/a,N/a,N/a,N/a,N/a,N/a,N/a,N/a,N/a,N/a,N/a,N/a,N/a,N/a,N/a,N/a,N/a,N/a,N/a,N/a,N/a,N/a,N/a,N/a,N/a,N/a,N/a,N/a,N/a,N/a,N/a,N/a,N/a,N/a,N/a,N/a,N/a,N/a,N/a,N/a,N/a,N/a,N/a,N/a,N/a,N/a,N/a,N/a,N/a,N/a,N/a,N/a,N/a,N/a,N/a,N/a,N/a,N/a,N/a,N/a,N/a,N/a,N/a,N/a,N/a,N/a,N/a,N/a,N/a,N/a,N/a,N/a,N/a,N/a,N/a,N/a,N/a,N/a,N/a,N/a,N/a,N/a,N/a,N/a,N/a,N/a,N/a,N/a,N/a,N/a,N/a,N/a,N/a,N/a,N/a,N/a,N/a,N/a,N/a,N/a,N/a,N/a,N/a,N/a,N/a,N/a,N/a,N/a,N/a,N/a,0,N/a,0,0,N/a,3,N/a,N/a,N/a,N/a,N/a,N/a,N/a,N/a,N/a,N/a,N/a,N/a,N/a,N/a,N/a,N/a,N/a,N/a,N/a,N/a,N/a,N/a,N/a,N/a
Jurriën Timber,nl NED,DF,23,30,27,2417,26.9,1,3,4,1,0,0,7,0,1.2,1.2,0.8,2.1,57,146,104,0.04,0.11,0.15,0.04,0.15,0.05,0.03,0.08,0.05,0.08,Matches,Arsenal,N/a,N/a,N/a,N/a,N/a,N/a,N/a,N/a,N/a,N/a,N/a,N/a,N/a,N/a,N/a,N/a,N/a,N/a,N/a,N/a,N/a,N/a,N/a,N/a,N/a,N/a,N/a,N/a,N/a,N/a,N/a,N/a,N/a,N/a,N/a,N/a,N/a,N/a,N/a,N/a,N/a,N/a,nl NED,DF,23.0,26.9,1.0,14.0,4.0,28.6,0.52,0.15,0.07,0.25,14.1,0.0,0.0,1.2,1.2,0.09,-0.2,-0.2,Matches,Arsenal,1194.0,1395.0,85.6,17327.0,4642.0,674.0,741.0,91.0,472.0,549.0,86.0,27.0,51.0,52.9,3.0,0.8,1.3,2.2,17.0,107.0,17.0,2.0,146.0,1188.0,204.0,22.0,2.0,1.0,28.0,182.0,0.0,0.0,0.0,0.0,3.0,25.0,52.0,1.94,46.0,1.0,3.0,0.0,1.0,1.0,9.0,0.34,8.0,0.0,1.0,0.0,0.0,0.0,58.0,38.0,17.0,30.0,11.0,18.0,27.0,66.7,9.0,19.0,4.0,15.0,22.0,80.0,44.0,1.0,1661.0,51.0,304.0,859.0,505.0,66.0,1661.0,53.0,24.0,45.3,24.0,45.3,890.0,3916.0,2076.0,57.0,27.0,11.0,33.0,24.0,1052.0,104.0,81,70.7,27,87,18,3,25,2,2.00,52,21,+31,+1.15,+0.80,42.3,21.3,+21.0,+0.78,+0.38,7.0,0.0,0.0,31.0,29.0,6.0,0.0,0.0,0.0,94.0,22.0,20.0,52.4
Kai Havertz,de GER,"FW,MF",25,23,21,1875,20.8,9,3,12,9,0,0,5,0,9.5,9.5,2.4,12.0,35,61,113,0.43,0.14,0.58,0.43,0.58,0.46,0.12,0.57,0.46,0.57,Matches,Arsenal,N/a,N/a,N/a,N/a,N/a,N/a,N/a,N/a,N/a,N/a,N/a,N/a,N/a,N/a,N/a,N/a,N/a,N/a,N/a,N/a,N/a,N/a,N/a,N/a,N/a,N/a,N/a,N/a,N/a,N/a,N/a,N/a,N/a,N/a,N/a,N/a,N/a,N/a,N/a,N/a,N/a,N/a,de GER,"FW,MF",25.0,20.8,9.0,53.0,21.0,39.6,2.54,1.01,0.17,0.43,11.6,0.0,0.0,9.5,9.5,0.18,-0.5,-0.5,Matches,Arsenal,407.0,519.0,78.4,4905.0,1033.0,286.0,340.0,84.1,95.0,115.0,82.6,5.0,11.0,45.5,3.0,2.4,1.7,0.6,17.0,27.0,9.0,1.0,61.0,511.0,6.0,1.0,1.0,0.0,11.0,5.0,0.0,0.0,0.0,0.0,2.0,11.0,42.0,2.02,35.0,0.0,1.0,6.0,0.0,0.0,3.0,0.14,2.0,0.0,0.0,1.0,0.0,0.0,16.0,9.0,3.0,6.0,7.0,4.0,15.0,26.7,11.0,23.0,4.0,19.0,6.0,22.0,33.0,1.0,785.0,31.0,92.0,287.0,411.0,107.0,785.0,38.0,9.0,23.7,24.0,63.2,418.0,2012.0,954.0,35.0,23.0,18.0,44.0,23.0,584.0,113.0,82,54.8,21,88,18,2,18,1,2.13,40,20,+20,+0.96,+0.09,34.2,19.3,+14.9,+0.72,+0.10,5.0,0.0,0.0,38.0,23.0,14.0,0.0,0.0,0.0,41.0,63.0,78.0,44.7
Kieran Tierney,sct SCO,"DF,FW",27,13,2,259,2.9,1,0,1,1,0,0,0,0,0.4,0.4,1.4,1.7,8,15,29,0.35,0.00,0.35,0.35,0.35,0.12,0.48,0.60,0.12,0.60,Matches,Arsenal,N/a,N/a,N/a,N/a,N/a,N/a,N/a,N/a,N/a,N/a,N/a,N/a,N/a,N/a,N/a,N/a,N/a,N/a,N/a,N/a,N/a,N/a,N/a,N/a,N/a,N/a,N/a,N/a,N/a,N/a,N/a,N/a,N/a,N/a,N/a,N/a,N/a,N/a,N/a,N/a,N/a,N/a,sct SCO,"DF,FW",27.0,2.9,1.0,2.0,1.0,50.0,0.69,0.35,0.5,1.0,4.1,0.0,0.0,0.4,0.4,0.18,0.6,0.6,Matches,Arsenal,145.0,173.0,83.8,2325.0,699.0,69.0,73.0,94.5,65.0,78.0,83.3,8.0,15.0,53.3,0.0,1.4,0.7,-1.4,8.0,13.0,5.0,2.0,15.0,155.0,18.0,4.0,1.0,0.0,14.0,14.0,0.0,0.0,0.0,0.0,0.0,2.0,10.0,3.47,9.0,1.0,0.0,0.0,0.0,0.0,0.0,0.0,0.0,0.0,0.0,0.0,0.0,0.0,7.0,5.0,4.0,1.0,2.0,4.0,6.0,66.7,2.0,0.0,0.0,0.0,3.0,10.0,9.0,0.0,199.0,8.0,36.0,72.0,91.0,6.0,199.0,4.0,2.0,50.0,1.0,25.0,108.0,447.0,253.0,8.0,6.0,1.0,3.0,0.0,143.0,29.0,20,7.6,2,62,0,11,12,13,2.08,3,1,+2,+0.69,-0.24,4.8,2.6,+2.1,+0.75,+0.08,0.0,0.0,0.0,1.0,2.0,2.0,0.0,0.0,0.0,6.0,5.0,5.0,50.0
Leandro Trossard,be BEL,FW,29,38,28,2546,28.3,8,7,15,8,0,0,4,1,7.2,7.2,6.1,13.3,80,101,226,0.28,0.25,0.53,0.28,0.53,0.25,0.22,0.47,0.25,0.47,Matches,Arsenal,N/a,N/a,N/a,N/a,N/a,N/a,N/a,N/a,N/a,N/a,N/a,N/a,N/a,N/a,N/a,N/a,N/a,N/a,N/a,N/a,N/a,N/a,N/a,N/a,N/a,N/a,N/a,N/a,N/a,N/a,N/a,N/a,N/a,N/a,N/a,N/a,N/a,N/a,N/a,N/a,N/a,N/a,be BEL,FW,29.0,28.3,8.0,72.0,21.0,29.2,2.55,0.74,0.11,0.38,15.9,0.0,0.0,7.2,7.2,0.1,0.8,0.8,Matches,Arsenal,711.0,954.0,74.5,11435.0,2972.0,377.0,439.0,85.9,275.0,357.0,77.0,43.0,87.0,49.4,7.0,6.1,4.1,0.9,41.0,45.0,48.0,10.0,101.0,917.0,29.0,5.0,7.0,5.0,86.0,7.0,10.0,9.0,0.0,0.0,8.0,41.0,93.0,3.29,72.0,2.0,7.0,6.0,4.0,2.0,8.0,0.28,8.0,0.0,0.0,0.0,0.0,0.0,31.0,20.0,6.0,16.0,9.0,12.0,34.0,35.3,22.0,32.0,0.0,32.0,9.0,40.0,18.0,0.0,1278.0,17.0,135.0,399.0,762.0,158.0,1278.0,86.0,38.0,44.2,37.0,43.0,828.0,5024.0,2218.0,80.0,55.0,30.0,66.0,52.0,956.0,226.0,67,74.4,28,82,14,10,25,0,1.95,53,26,+27,+0.95,+0.13,44.5,24.2,+20.3,+0.72,+0.19,4.0,1.0,1.0,27.0,46.0,6.0,0.0,0.0,0.0,104.0,6.0,24.0,20.0
Maldini Kacurri,al ALB,DF,18,0,0,N/a,N/a,N/a,N/a,N/a,N/a,N/a,N/a,N/a,N/a,N/a,N/a,N/a,N/a,N/a,N/a,N/a,N/a,N/a,N/a,N/a,N/a,N/a,N/a,N/a,N/a,N/a,Matches,Arsenal,N/a,N/a,N/a,N/a,N/a,N/a,N/a,N/a,N/a,N/a,N/a,N/a,N/a,N/a,N/a,N/a,N/a,N/a,N/a,N/a,N/a,N/a,N/a,N/a,N/a,N/a,N/a,N/a,N/a,N/a,N/a,N/a,N/a,N/a,N/a,N/a,N/a,N/a,N/a,N/a,N/a,N/a,N/a,N/a,N/a,N/a,N/a,N/a,N/a,N/a,N/a,N/a,N/a,N/a,N/a,N/a,N/a,N/a,N/a,N/a,N/a,N/a,N/a,N/a,N/a,N/a,N/a,N/a,N/a,N/a,N/a,N/a,N/a,N/a,N/a,N/a,N/a,N/a,N/a,N/a,N/a,N/a,N/a,N/a,N/a,N/a,N/a,N/a,N/a,N/a,N/a,N/a,N/a,N/a,N/a,N/a,N/a,N/a,N/a,N/a,N/a,N/a,N/a,N/a,N/a,N/a,N/a,N/a,N/a,N/a,N/a,N/a,N/a,N/a,N/a,N/a,N/a,N/a,N/a,N/a,N/a,N/a,N/a,N/a,N/a,N/a,N/a,N/a,N/a,N/a,N/a,N/a,N/a,N/a,N/a,N/a,N/a,N/a,N/a,N/a,N/a,N/a,N/a,N/a,N/a,N/a,N/a,N/a,N/a,N/a,N/a,N/a,N/a,N/a,N/a,N/a,0,N/a,0,0,N/a,4,N/a,N/a,N/a,N/a,N/a,N/a,N/a,N/a,N/a,N/a,N/a,N/a,N/a,N/a,N/a,N/a,N/a,N/a,N/a,N/a,N/a,N/a,N/a,N/a
Martin Ødegaard,no NOR,MF,25,30,26,2325,25.8,3,8,11,2,1,1,4,0,4.8,4.0,5.4,9.5,92,258,154,0.12,0.31,0.43,0.08,0.39,0.19,0.21,0.40,0.16,0.37,Matches,Arsenal,N/a,N/a,N/a,N/a,N/a,N/a,N/a,N/a,N/a,N/a,N/a,N/a,N/a,N/a,N/a,N/a,N/a,N/a,N/a,N/a,N/a,N/a,N/a,N/a,N/a,N/a,N/a,N/a,N/a,N/a,N/a,N/a,N/a,N/a,N/a,N/a,N/a,N/a,N/a,N/a,N/a,N/a,no NOR,MF,25.0,25.8,3.0,48.0,15.0,31.3,1.86,0.58,0.04,0.13,19.2,3.0,1.0,4.8,4.0,0.08,-1.8,-2.0,Matches,Arsenal,1237.0,1499.0,82.5,19237.0,5460.0,678.0,749.0,90.5,449.0,517.0,86.8,80.0,146.0,54.8,8.0,5.4,6.7,2.6,63.0,132.0,86.0,5.0,258.0,1373.0,114.0,35.0,25.0,3.0,86.0,12.0,37.0,31.0,0.0,0.0,12.0,27.0,124.0,4.8,101.0,13.0,3.0,5.0,2.0,0.0,18.0,0.7,14.0,2.0,1.0,1.0,0.0,0.0,19.0,11.0,9.0,7.0,3.0,4.0,25.0,16.0,21.0,5.0,0.0,5.0,6.0,25.0,6.0,1.0,1694.0,9.0,126.0,708.0,875.0,115.0,1693.0,59.0,25.0,42.4,32.0,54.2,1174.0,7444.0,3772.0,92.0,85.0,26.0,38.0,40.0,1336.0,154.0,78,68.0,26,86,14,4,23,0,2.00,50,21,+29,+1.12,+0.63,41.1,21.7,+19.4,+0.75,+0.25,4.0,0.0,0.0,12.0,23.0,1.0,0.0,0.0,0.0,97.0,8.0,7.0,53.3
Mikel Merino,es ESP,"MF,FW",28,28,17,1586,17.6,7,2,9,7,0,0,4,1,5.9,5.9,2.0,7.9,11,69,94,0.40,0.11,0.51,0.40,0.51,0.34,0.11,0.45,0.34,0.45,Matches,Arsenal,N/a,N/a,N/a,N/a,N/a,N/a,N/a,N/a,N/a,N/a,N/a,N/a,N/a,N/a,N/a,N/a,N/a,N/a,N/a,N/a,N/a,N/a,N/a,N/a,N/a,N/a,N/a,N/a,N/a,N/a,N/a,N/a,N/a,N/a,N/a,N/a,N/a,N/a,N/a,N/a,N/a,N/a,es ESP,"MF,FW",28.0,17.6,7.0,38.0,13.0,34.2,2.16,0.74,0.18,0.54,10.7,0.0,0.0,5.9,5.9,0.16,1.1,1.1,Matches,Arsenal,451.0,577.0,78.2,6182.0,1776.0,285.0,328.0,86.9,128.0,165.0,77.6,17.0,31.0,54.8,2.0,2.0,1.2,0.0,17.0,40.0,24.0,4.0,69.0,567.0,5.0,4.0,5.0,1.0,13.0,1.0,0.0,0.0,0.0,0.0,5.0,12.0,43.0,2.44,35.0,0.0,0.0,6.0,2.0,0.0,4.0,0.23,3.0,0.0,0.0,1.0,0.0,0.0,46.0,28.0,7.0,26.0,13.0,20.0,36.0,55.6,16.0,18.0,5.0,13.0,15.0,61.0,26.0,2.0,783.0,37.0,140.0,330.0,323.0,79.0,783.0,23.0,9.0,39.1,10.0,43.5,388.0,1518.0,747.0,11.0,13.0,4.0,24.0,27.0,504.0,94.0,57,46.4,17,83,11,11,16,0,1.79,28,17,+11,+0.62,-0.55,28.9,15.5,+13.4,+0.76,+0.17,4.0,1.0,1.0,41.0,23.0,7.0,0.0,0.0,0.0,86.0,59.0,55.0,51.8
Myles Lewis-Skelly,eng ENG,DF,17,23,15,1369,15.2,1,0,1,1,0,0,3,2,0.2,0.2,0.4,0.6,37,71,37,0.07,0.00,0.07,0.07,0.07,0.01,0.03,0.04,0.01,0.04,Matches,Arsenal,N/a,N/a,N/a,N/a,N/a,N/a,N/a,N/a,N/a,N/a,N/a,N/a,N/a,N/a,N/a,N/a,N/a,N/a,N/a,N/a,N/a,N/a,N/a,N/a,N/a,N/a,N/a,N/a,N/a,N/a,N/a,N/a,N/a,N/a,N/a,N/a,N/a,N/a,N/a,N/a,N/a,N/a,eng ENG,DF,17.0,15.2,1.0,3.0,1.0,33.3,0.2,0.07,0.33,1.0,14.7,0.0,0.0,0.2,0.2,0.05,0.8,0.8,Matches,Arsenal,708.0,776.0,91.2,10525.0,2307.0,394.0,410.0,96.1,291.0,317.0,91.8,14.0,24.0,58.3,0.0,0.4,0.5,-0.4,8.0,66.0,10.0,2.0,71.0,660.0,111.0,17.0,3.0,2.0,10.0,94.0,0.0,0.0,0.0,0.0,5.0,2.0,29.0,1.91,21.0,0.0,1.0,1.0,6.0,0.0,0.0,0.0,0.0,0.0,0.0,0.0,0.0,0.0,22.0,14.0,10.0,9.0,3.0,10.0,11.0,90.9,1.0,4.0,1.0,3.0,7.0,29.0,27.0,0.0,905.0,28.0,178.0,476.0,265.0,17.0,905.0,28.0,12.0,42.9,9.0,32.1,526.0,2692.0,1663.0,37.0,26.0,7.0,13.0,9.0,616.0,37.0,60,40.0,15,80,7,8,20,9,1.96,26,16,+10,+0.66,-0.44,21.8,15.9,+6.0,+0.39,-0.47,3.0,2.0,0.0,11.0,47.0,0.0,0.0,1.0,0.0,53.0,11.0,10.0,52.4
Nathan Butler-Oyedeji,eng ENG,FW,21,1,0,7,0.1,0,0,0,0,0,0,0,0,0.1,0.1,0.0,0.1,0,0,0,0.00,0.00,0.00,0.00,0.00,0.94,0.00,0.94,0.94,0.94,Matches,Arsenal,N/a,N/a,N/a,N/a,N/a,N/a,N/a,N/a,N/a,N/a,N/a,N/a,N/a,N/a,N/a,N/a,N/a,N/a,N/a,N/a,N/a,N/a,N/a,N/a,N/a,N/a,N/a,N/a,N/a,N/a,N/a,N/a,N/a,N/a,N/a,N/a,N/a,N/a,N/a,N/a,N/a,N/a,eng ENG,FW,21.0,0.1,0.0,1.0,1.0,100.0,12.86,12.86,0.0,0.0,15.6,0.0,0.0,0.1,0.1,0.07,-0.1,-0.1,Matches,Arsenal,0.0,0.0,N/a,0.0,0.0,0.0,0.0,N/a,0.0,0.0,N/a,0.0,0.0,N/a,0.0,0.0,0.0,0.0,0.0,0.0,0.0,0.0,0.0,0.0,0.0,0.0,0.0,0.0,0.0,0.0,0.0,0.0,0.0,0.0,0.0,0.0,0.0,0.0,0.0,0.0,0.0,0.0,0.0,0.0,0.0,0.0,0.0,0.0,0.0,0.0,0.0,0.0,0.0,0.0,0.0,0.0,0.0,0.0,0.0,N/a,0.0,0.0,0.0,0.0,0.0,0.0,0.0,0.0,1.0,0.0,0.0,0.0,1.0,1.0,1.0,0.0,0.0,N/a,0.0,N/a,0.0,0.0,0.0,0.0,0.0,0.0,0.0,0.0,0.0,0.0,7,0.2,0,N/a,0,1,7,13,3.00,1,0,+1,+12.86,+11.96,0.3,0.0,+0.2,+3.09,+2.43,0.0,0.0,0.0,0.0,0.0,0.0,0.0,0.0,0.0,0.0,0.0,0.0,N/a
Neto,br BRA,GK,35,0,0,N/a,N/a,N/a,N/a,N/a,N/a,N/a,N/a,N/a,N/a,N/a,N/a,N/a,N/a,N/a,N/a,N/a,N/a,N/a,N/a,N/a,N/a,N/a,N/a,N/a,N/a,N/a,Matches,Arsenal,N/a,N/a,N/a,N/a,N/a,N/a,N/a,N/a,N/a,N/a,N/a,N/a,N/a,N/a,N/a,N/a,N/a,N/a,N/a,N/a,N/a,N/a,N/a,N/a,N/a,N/a,N/a,N/a,N/a,N/a,N/a,N/a,N/a,N/a,N/a,N/a,N/a,N/a,N/a,N/a,N/a,N/a,N/a,N/a,N/a,N/a,N/a,N/a,N/a,N/a,N/a,N/a,N/a,N/a,N/a,N/a,N/a,N/a,N/a,N/a,N/a,N/a,N/a,N/a,N/a,N/a,N/a,N/a,N/a,N/a,N/a,N/a,N/a,N/a,N/a,N/a,N/a,N/a,N/a,N/a,N/a,N/a,N/a,N/a,N/a,N/a,N/a,N/a,N/a,N/a,N/a,N/a,N/a,N/a,N/a,N/a,N/a,N/a,N/a,N/a,N/a,N/a,N/a,N/a,N/a,N/a,N/a,N/a,N/a,N/a,N/a,N/a,N/a,N/a,N/a,N/a,N/a,N/a,N/a,N/a,N/a,N/a,N/a,N/a,N/a,N/a,N/a,N/a,N/a,N/a,N/a,N/a,N/a,N/a,N/a,N/a,N/a,N/a,N/a,N/a,N/a,N/a,N/a,N/a,N/a,N/a,N/a,N/a,N/a,N/a,N/a,N/a,N/a,N/a,N/a,N/a,0,N/a,0,0,N/a,33,N/a,N/a,N/a,N/a,N/a,N/a,N/a,N/a,N/a,N/a,N/a,N/a,N/a,N/a,N/a,N/a,N/a,N/a,N/a,N/a,N/a,N/a,N/a,N/a
Oleksandr Zinchenko,ua UKR,"DF,MF",27,15,5,527,5.9,0,1,1,0,0,0,1,0,0.6,0.6,0.2,0.8,10,48,14,0.00,0.17,0.17,0.00,0.17,0.11,0.03,0.14,0.11,0.14,Matches,Arsenal,N/a,N/a,N/a,N/a,N/a,N/a,N/a,N/a,N/a,N/a,N/a,N/a,N/a,N/a,N/a,N/a,N/a,N/a,N/a,N/a,N/a,N/a,N/a,N/a,N/a,N/a,N/a,N/a,N/a,N/a,N/a,N/a,N/a,N/a,N/a,N/a,N/a,N/a,N/a,N/a,N/a,N/a,ua UKR,"DF,MF",27.0,5.9,0.0,10.0,0.0,0.0,1.71,0.0,0.0,N/a,19.6,1.0,0.0,0.6,0.6,0.07,-0.6,-0.6,Matches,Arsenal,382.0,451.0,84.7,6080.0,1345.0,204.0,220.0,92.7,154.0,175.0,88.0,17.0,37.0,45.9,1.0,0.2,0.5,0.8,3.0,30.0,11.0,3.0,48.0,399.0,49.0,14.0,2.0,3.0,13.0,33.0,1.0,0.0,0.0,0.0,3.0,3.0,22.0,3.76,17.0,1.0,1.0,2.0,1.0,0.0,2.0,0.34,2.0,0.0,0.0,0.0,0.0,0.0,6.0,1.0,1.0,3.0,2.0,3.0,8.0,37.5,5.0,8.0,1.0,7.0,5.0,11.0,10.0,0.0,499.0,16.0,86.0,233.0,181.0,20.0,499.0,5.0,3.0,60.0,1.0,20.0,281.0,1348.0,573.0,10.0,8.0,3.0,3.0,4.0,348.0,14.0,35,15.4,5,72,1,10,17,16,1.87,9,1,+8,+1.37,+0.53,8.7,3.1,+5.6,+0.95,+0.33,1.0,0.0,0.0,8.0,3.0,1.0,0.0,0.0,0.0,19.0,12.0,11.0,52.2
Opponent Total,N/a,N/a,26.1,38,418,3420,38.0,34,24,58,31,3,3,83,2,34.4,32.0,24.5,56.6,618,938,927,0.89,0.63,1.53,0.82,1.45,0.91,0.65,1.55,0.84,1.49,N/a,Arsenal,N/a,N/a,26.1,38.0,3420.0,69.0,1.82,180.0,113.0,62.8,4.0,14.0,20.0,5.0,13.2,2.0,0.0,N/a,Arsenal,0.0,12.0,2.0,61.5,0.35,-5.5,-0.14,215.0,661.0,32.5,1123.0,116.0,44.9,37.7,309.0,50.8,39.1,602.0,33.0,5.5,33.0,0.87,11.8,N/a,N/a,26.1,38.0,34.0,359.0,117.0,32.6,9.45,3.08,0.09,0.26,17.8,13.0,3.0,34.4,32.0,0.09,-0.4,-1.0,N/a,Arsenal,12192.0,15255.0,79.9,214595.0,73593.0,5573.0,6249.0,89.2,5271.0,6035.0,87.3,1095.0,2295.0,47.7,24.0,24.5,24.6,-0.5,263.0,905.0,197.0,60.0,938.0,13697.0,1520.0,461.0,47.0,74.0,534.0,526.0,118.0,70.0,25.0,2.0,38.0,251.0,646.0,17.0,480.0,47.0,32.0,40.0,31.0,16.0,61.0,1.61,37.0,8.0,2.0,5.0,7.0,2.0,698.0,420.0,406.0,214.0,78.0,316.0,636.0,49.7,320.0,410.0,180.0,230.0,261.0,959.0,1038.0,38.0,19306.0,2948.0,7642.0,7501.0,4397.0,632.0,19303.0,595.0,255.0,42.9,260.0,43.7,10350.0,57925.0,30357.0,618.0,413.0,162.0,451.0,338.0,12077.0,927.0,90,100,418,83,259,157,21,185,0.68,34,69,-35,-0.92,N/a,34.4,59.9,-25.5,-0.67,N/a,83.0,2.0,1.0,416.0,390.0,38.0,3.0,2.0,2.0,1337.0,465.0,471.0,49.7
Player,Nation,Pos,Age,MP,Starts,Min,90s,Gls,Ast,G+A,G-PK,PK,PKatt,CrdY,CrdR,xG,npxG,xAG,npxG+xAG,PrgC,PrgP,PrgR,Gls,Ast,G+A,G-PK,G+A-PK,xG,xAG,xG+xAG,npxG,npxG+xAG,Matches,Arsenal,N/a,N/a,N/a,N/a,N/a,N/a,N/a,N/a,N/a,N/a,N/a,N/a,N/a,N/a,N/a,N/a,N/a,N/a,N/a,N/a,N/a,N/a,N/a,N/a,N/a,N/a,N/a,N/a,N/a,N/a,N/a,N/a,N/a,N/a,N/a,N/a,N/a,N/a,N/a,N/a,N/a,N/a,N/a,N/a,N/a,N/a,N/a,N/a,N/a,N/a,N/a,N/a,N/a,N/a,N/a,N/a,N/a,N/a,N/a,N/a,N/a,N/a,N/a,N/a,N/a,N/a,N/a,N/a,N/a,N/a,N/a,N/a,N/a,N/a,N/a,N/a,N/a,N/a,N/a,N/a,N/a,N/a,N/a,N/a,N/a,N/a,N/a,N/a,N/a,N/a,N/a,N/a,N/a,N/a,N/a,N/a,N/a,N/a,N/a,N/a,N/a,N/a,N/a,N/a,N/a,N/a,N/a,N/a,N/a,N/a,N/a,N/a,N/a,N/a,N/a,N/a,N/a,N/a,N/a,N/a,N/a,N/a,N/a,N/a,N/a,N/a,N/a,N/a,N/a,N/a,N/a,N/a,N/a,N/a,N/a,N/a,N/a,N/a,N/a,N/a,N/a,N/a,N/a,N/a,N/a,N/a,N/a,N/a,N/a,N/a,N/a,N/a,N/a,N/a,Mn/MP,Min%,Starts,Mn/Start,Compl,Subs,Mn/Sub,unSub,PPM,onG,onGA,+/-,+/-90,On-Off,onxG,onxGA,xG+/-,xG+/-90,On-Off,N/a,N/a,N/a,N/a,N/a,N/a,N/a,N/a,N/a,N/a,N/a,N/a,N/a
Raheem Sterling,eng ENG,"FW,MF",29,17,7,499,5.5,0,2,2,0,0,0,1,0,1.4,1.4,0.5,1.9,27,18,79,0.00,0.36,0.36,0.00,0.36,0.26,0.09,0.34,0.26,0.34,Matches,Arsenal,N/a,N/a,N/a,N/a,N/a,N/a,N/a,N/a,N/a,N/a,N/a,N/a,N/a,N/a,N/a,N/a,N/a,N/a,N/a,N/a,N/a,N/a,N/a,N/a,N/a,N/a,N/a,N/a,N/a,N/a,N/a,N/a,N/a,N/a,N/a,N/a,N/a,N/a,N/a,N/a,N/a,N/a,eng ENG,"FW,MF",29.0,5.5,0.0,11.0,0.0,0.0,1.98,0.0,0.0,N/a,15.1,2.0,0.0,1.4,1.4,0.13,-1.4,-1.4,Matches,Arsenal,158.0,201.0,78.6,2022.0,403.0,103.0,117.0,88.0,43.0,57.0,75.4,3.0,4.0,75.0,2.0,0.5,0.5,1.5,8.0,4.0,9.0,2.0,18.0,197.0,2.0,0.0,0.0,1.0,16.0,1.0,1.0,0.0,0.0,0.0,2.0,7.0,19.0,3.43,14.0,0.0,3.0,2.0,0.0,0.0,3.0,0.54,3.0,0.0,0.0,0.0,0.0,0.0,9.0,4.0,1.0,3.0,5.0,5.0,10.0,50.0,5.0,3.0,0.0,3.0,1.0,10.0,4.0,0.0,274.0,2.0,10.0,58.0,209.0,38.0,274.0,30.0,10.0,33.3,10.0,33.3,201.0,1407.0,750.0,27.0,11.0,15.0,13.0,14.0,211.0,79.0,29,14.6,7,56,0,10,11,12,2.00,12,4,+8,+1.44,+0.61,9.1,4.1,+5.0,+0.90,+0.27,1.0,0.0,0.0,12.0,8.0,4.0,0.0,0.0,0.0,16.0,1.0,3.0,25.0
Reiss Nelson,eng ENG,FW,24,1,0,3,0.0,0,0,0,0,0,0,0,0,0.0,0.0,0.0,0.0,0,0,0,0.00,0.00,0.00,0.00,0.00,0.00,0.00,0.00,0.00,0.00,Matches,Arsenal,N/a,N/a,N/a,N/a,N/a,N/a,N/a,N/a,N/a,N/a,N/a,N/a,N/a,N/a,N/a,N/a,N/a,N/a,N/a,N/a,N/a,N/a,N/a,N/a,N/a,N/a,N/a,N/a,N/a,N/a,N/a,N/a,N/a,N/a,N/a,N/a,N/a,N/a,N/a,N/a,N/a,N/a,eng ENG,FW,24.0,0.0,0.0,0.0,0.0,N/a,0.0,0.0,N/a,N/a,N/a,0.0,0.0,0.0,0.0,N/a,0.0,0.0,Matches,Arsenal,0.0,0.0,N/a,0.0,0.0,0.0,0.0,N/a,0.0,0.0,N/a,0.0,0.0,N/a,0.0,0.0,0.0,0.0,0.0,0.0,0.0,0.0,0.0,0.0,0.0,0.0,0.0,0.0,0.0,0.0,0.0,0.0,0.0,0.0,0.0,0.0,0.0,0.0,0.0,0.0,0.0,0.0,0.0,0.0,0.0,0.0,0.0,0.0,0.0,0.0,0.0,0.0,1.0,0.0,0.0,1.0,0.0,0.0,1.0,0.0,1.0,0.0,0.0,0.0,0.0,1.0,1.0,0.0,2.0,0.0,1.0,1.0,0.0,0.0,2.0,0.0,0.0,N/a,0.0,N/a,1.0,4.0,4.0,0.0,0.0,0.0,0.0,0.0,1.0,0.0,3,0.1,0,N/a,0,1,3,1,3.00,0,0,0,0.00,-0.92,0.0,0.0,0.0,+0.10,-0.57,0.0,0.0,0.0,1.0,1.0,0.0,0.0,0.0,0.0,0.0,0.0,0.0,N/a
Riccardo Calafiori,it ITA,DF,22,19,11,983,10.9,2,1,3,2,0,0,4,0,0.9,0.9,0.3,1.1,22,54,29,0.18,0.09,0.27,0.18,0.27,0.08,0.03,0.11,0.08,0.11,Matches,Arsenal,N/a,N/a,N/a,N/a,N/a,N/a,N/a,N/a,N/a,N/a,N/a,N/a,N/a,N/a,N/a,N/a,N/a,N/a,N/a,N/a,N/a,N/a,N/a,N/a,N/a,N/a,N/a,N/a,N/a,N/a,N/a,N/a,N/a,N/a,N/a,N/a,N/a,N/a,N/a,N/a,N/a,N/a,it ITA,DF,22.0,10.9,2.0,10.0,6.0,60.0,0.92,0.55,0.2,0.33,14.1,0.0,0.0,0.9,0.9,0.09,1.1,1.1,Matches,Arsenal,470.0,549.0,85.6,6903.0,1705.0,280.0,306.0,91.5,163.0,188.0,86.7,19.0,28.0,67.9,1.0,0.3,0.7,0.7,6.0,41.0,9.0,1.0,54.0,483.0,65.0,7.0,0.0,2.0,11.0,58.0,0.0,0.0,0.0,0.0,1.0,11.0,13.0,1.19,11.0,0.0,1.0,1.0,0.0,0.0,2.0,0.18,2.0,0.0,0.0,0.0,0.0,0.0,27.0,19.0,15.0,10.0,2.0,18.0,29.0,62.1,11.0,12.0,6.0,6.0,9.0,36.0,25.0,0.0,653.0,30.0,164.0,264.0,229.0,30.0,653.0,13.0,9.0,69.2,3.0,23.1,308.0,1655.0,889.0,22.0,15.0,3.0,12.0,5.0,394.0,29.0,52,28.7,11,72,3,8,25,3,2.05,27,12,+15,+1.37,+0.63,20.6,10.4,+10.2,+0.93,+0.37,4.0,0.0,0.0,16.0,6.0,3.0,0.0,0.0,0.0,35.0,22.0,14.0,61.1
Salah Oulad M'Hand,nl NED,MF,20,0,0,N/a,N/a,N/a,N/a,N/a,N/a,N/a,N/a,N/a,N/a,N/a,N/a,N/a,N/a,N/a,N/a,N/a,N/a,N/a,N/a,N/a,N/a,N/a,N/a,N/a,N/a,N/a,Matches,Arsenal,N/a,N/a,N/a,N/a,N/a,N/a,N/a,N/a,N/a,N/a,N/a,N/a,N/a,N/a,N/a,N/a,N/a,N/a,N/a,N/a,N/a,N/a,N/a,N/a,N/a,N/a,N/a,N/a,N/a,N/a,N/a,N/a,N/a,N/a,N/a,N/a,N/a,N/a,N/a,N/a,N/a,N/a,N/a,N/a,N/a,N/a,N/a,N/a,N/a,N/a,N/a,N/a,N/a,N/a,N/a,N/a,N/a,N/a,N/a,N/a,N/a,N/a,N/a,N/a,N/a,N/a,N/a,N/a,N/a,N/a,N/a,N/a,N/a,N/a,N/a,N/a,N/a,N/a,N/a,N/a,N/a,N/a,N/a,N/a,N/a,N/a,N/a,N/a,N/a,N/a,N/a,N/a,N/a,N/a,N/a,N/a,N/a,N/a,N/a,N/a,N/a,N/a,N/a,N/a,N/a,N/a,N/a,N/a,N/a,N/a,N/a,N/a,N/a,N/a,N/a,N/a,N/a,N/a,N/a,N/a,N/a,N/a,N/a,N/a,N/a,N/a,N/a,N/a,N/a,N/a,N/a,N/a,N/a,N/a,N/a,N/a,N/a,N/a,N/a,N/a,N/a,N/a,N/a,N/a,N/a,N/a,N/a,N/a,N/a,N/a,N/a,N/a,N/a,N/a,N/a,N/a,0,N/a,0,0,N/a,1,N/a,N/a,N/a,N/a,N/a,N/a,N/a,N/a,N/a,N/a,N/a,N/a,N/a,N/a,N/a,N/a,N/a,N/a,N/a,N/a,N/a,N/a,N/a,N/a
Squad Total,N/a,N/a,25.8,38,418,3420,38.0,67,55,122,65,2,2,70,6,59.9,58.4,45.3,103.6,852,1826,1801,1.76,1.45,3.21,1.71,3.16,1.58,1.19,2.77,1.54,2.73,N/a,Arsenal,N/a,N/a,25.8,38.0,3420.0,34.0,0.89,120.0,86.0,74.2,20.0,14.0,4.0,13.0,34.2,3.0,0.0,N/a,Arsenal,2.0,8.0,0.0,35.1,0.28,1.1,0.03,149.0,478.0,31.2,1210.0,178.0,31.2,N/a,200.0,50.0,38.6,402.0,53.0,13.2,66.0,1.74,N/a,N/a,N/a,25.8,38.0,67.0,544.0,178.0,32.7,14.32,4.68,0.12,0.37,15.1,10.0,2.0,59.9,58.4,0.11,7.1,6.6,N/a,Arsenal,17066.0,20241.0,84.3,278808.0,87055.0,8591.0,9363.0,91.8,7129.0,7999.0,89.1,1031.0,2022.0,51.0,55.0,45.3,45.7,9.7,428.0,1397.0,437.0,75.0,1826.0,18608.0,1553.0,432.0,80.0,74.0,766.0,598.0,251.0,211.0,3.0,2.0,80.0,278.0,969.0,25.5,726.0,82.0,52.0,64.0,34.0,11.0,119.0,3.13,86.0,11.0,6.0,11.0,4.0,1.0,598.0,348.0,220.0,249.0,129.0,260.0,515.0,50.5,255.0,328.0,106.0,222.0,225.0,823.0,680.0,33.0,24056.0,1844.0,6064.0,10362.0,7808.0,1282.0,24054.0,726.0,320.0,44.1,316.0,43.5,14234.0,75544.0,40246.0,852.0,540.0,286.0,483.0,382.0,16894.0,1801.0,90,100,418,83,272,142,18,200,1.95,69,34,+35,+0.92,N/a,59.9,34.4,+25.5,+0.67,N/a,70.0,6.0,3.0,401.0,405.0,80.0,2.0,3.0,0.0,1436.0,471.0,465.0,50.3
Takehiro Tomiyasu,jp JPN,DF,25,1,0,7,0.1,0,0,0,0,0,0,0,0,0.2,0.2,0.0,0.2,0,1,0,0.00,0.00,0.00,0.00,0.00,2.37,0.00,2.37,2.37,2.37,Matches,Arsenal,N/a,N/a,N/a,N/a,N/a,N/a,N/a,N/a,N/a,N/a,N/a,N/a,N/a,N/a,N/a,N/a,N/a,N/a,N/a,N/a,N/a,N/a,N/a,N/a,N/a,N/a,N/a,N/a,N/a,N/a,N/a,N/a,N/a,N/a,N/a,N/a,N/a,N/a,N/a,N/a,N/a,N/a,jp JPN,DF,25.0,0.1,0.0,1.0,0.0,0.0,12.86,0.0,0.0,N/a,1.2,0.0,0.0,0.2,0.2,0.18,-0.2,-0.2,Matches,Arsenal,3.0,4.0,75.0,42.0,10.0,1.0,1.0,100.0,2.0,2.0,100.0,0.0,1.0,0.0,0.0,0.0,0.0,0.0,0.0,0.0,0.0,0.0,1.0,4.0,0.0,0.0,0.0,0.0,0.0,0.0,0.0,0.0,0.0,0.0,0.0,0.0,1.0,12.86,1.0,0.0,0.0,0.0,0.0,0.0,0.0,0.0,0.0,0.0,0.0,0.0,0.0,0.0,0.0,0.0,0.0,0.0,0.0,0.0,0.0,N/a,0.0,0.0,0.0,0.0,0.0,0.0,1.0,0.0,7.0,1.0,4.0,1.0,2.0,1.0,7.0,0.0,0.0,N/a,0.0,N/a,1.0,7.0,5.0,0.0,0.0,0.0,0.0,0.0,2.0,0.0,7,0.2,0,N/a,0,1,7,0,3.00,1,0,+1,+12.86,+11.96,0.6,0.0,+0.5,+6.86,+6.20,0.0,0.0,0.0,0.0,0.0,0.0,0.0,0.0,0.0,0.0,0.0,0.0,N/a
Thomas Partey,gh GHA,"MF,DF",31,35,31,2797,31.1,4,2,6,4,0,0,4,0,2.3,2.3,2.1,4.3,36,185,48,0.13,0.06,0.19,0.13,0.19,0.07,0.07,0.14,0.07,0.14,Matches,Arsenal,N/a,N/a,N/a,N/a,N/a,N/a,N/a,N/a,N/a,N/a,N/a,N/a,N/a,N/a,N/a,N/a,N/a,N/a,N/a,N/a,N/a,N/a,N/a,N/a,N/a,N/a,N/a,N/a,N/a,N/a,N/a,N/a,N/a,N/a,N/a,N/a,N/a,N/a,N/a,N/a,N/a,N/a,gh GHA,"MF,DF",31.0,31.1,4.0,26.0,9.0,34.6,0.84,0.29,0.15,0.44,19.2,0.0,0.0,2.3,2.3,0.09,1.7,1.7,Matches,Arsenal,1678.0,1920.0,87.4,26697.0,7155.0,874.0,942.0,92.8,682.0,767.0,88.9,91.0,143.0,63.6,2.0,2.1,2.6,-0.1,20.0,168.0,33.0,2.0,185.0,1819.0,95.0,27.0,6.0,4.0,12.0,62.0,0.0,0.0,0.0,0.0,6.0,13.0,62.0,2.0,52.0,2.0,1.0,2.0,1.0,4.0,13.0,0.42,8.0,2.0,0.0,1.0,1.0,1.0,89.0,53.0,26.0,39.0,24.0,46.0,76.0,60.5,30.0,29.0,9.0,20.0,35.0,124.0,49.0,4.0,2193.0,74.0,457.0,1214.0,534.0,33.0,2193.0,35.0,24.0,68.6,9.0,25.7,1256.0,6822.0,3691.0,36.0,42.0,3.0,24.0,17.0,1561.0,48.0,80,81.8,31,88,25,4,19,2,1.91,52,30,+22,+0.71,-1.17,43.7,30.3,+13.4,+0.43,-1.31,4.0,0.0,0.0,45.0,31.0,1.0,0.0,0.0,0.0,138.0,28.0,27.0,50.9
Tommy Setford,eng ENG,GK,18,0,0,N/a,N/a,N/a,N/a,N/a,N/a,N/a,N/a,N/a,N/a,N/a,N/a,N/a,N/a,N/a,N/a,N/a,N/a,N/a,N/a,N/a,N/a,N/a,N/a,N/a,N/a,N/a,Matches,Arsenal,N/a,N/a,N/a,N/a,N/a,N/a,N/a,N/a,N/a,N/a,N/a,N/a,N/a,N/a,N/a,N/a,N/a,N/a,N/a,N/a,N/a,N/a,N/a,N/a,N/a,N/a,N/a,N/a,N/a,N/a,N/a,N/a,N/a,N/a,N/a,N/a,N/a,N/a,N/a,N/a,N/a,N/a,N/a,N/a,N/a,N/a,N/a,N/a,N/a,N/a,N/a,N/a,N/a,N/a,N/a,N/a,N/a,N/a,N/a,N/a,N/a,N/a,N/a,N/a,N/a,N/a,N/a,N/a,N/a,N/a,N/a,N/a,N/a,N/a,N/a,N/a,N/a,N/a,N/a,N/a,N/a,N/a,N/a,N/a,N/a,N/a,N/a,N/a,N/a,N/a,N/a,N/a,N/a,N/a,N/a,N/a,N/a,N/a,N/a,N/a,N/a,N/a,N/a,N/a,N/a,N/a,N/a,N/a,N/a,N/a,N/a,N/a,N/a,N/a,N/a,N/a,N/a,N/a,N/a,N/a,N/a,N/a,N/a,N/a,N/a,N/a,N/a,N/a,N/a,N/a,N/a,N/a,N/a,N/a,N/a,N/a,N/a,N/a,N/a,N/a,N/a,N/a,N/a,N/a,N/a,N/a,N/a,N/a,N/a,N/a,N/a,N/a,N/a,N/a,N/a,N/a,0,N/a,0,0,N/a,3,N/a,N/a,N/a,N/a,N/a,N/a,N/a,N/a,N/a,N/a,N/a,N/a,N/a,N/a,N/a,N/a,N/a,N/a,N/a,N/a,N/a,N/a,N/a,N/a
William Saliba,fr FRA,DF,23,35,35,3039,33.8,2,0,2,2,0,0,2,1,2.3,2.3,0.9,3.1,16,138,6,0.06,0.00,0.06,0.06,0.06,0.07,0.03,0.09,0.07,0.09,Matches,Arsenal,N/a,N/a,N/a,N/a,N/a,N/a,N/a,N/a,N/a,N/a,N/a,N/a,N/a,N/a,N/a,N/a,N/a,N/a,N/a,N/a,N/a,N/a,N/a,N/a,N/a,N/a,N/a,N/a,N/a,N/a,N/a,N/a,N/a,N/a,N/a,N/a,N/a,N/a,N/a,N/a,N/a,N/a,fr FRA,DF,23.0,33.8,2.0,6.0,2.0,33.3,0.18,0.06,0.33,1.0,5.4,0.0,0.0,2.3,2.3,0.38,-0.3,-0.3,Matches,Arsenal,2413.0,2559.0,94.3,41458.0,12540.0,1026.0,1071.0,95.8,1255.0,1306.0,96.1,123.0,154.0,79.9,0.0,0.9,1.3,-0.9,7.0,180.0,6.0,0.0,138.0,2508.0,46.0,36.0,1.0,10.0,3.0,4.0,0.0,0.0,0.0,0.0,5.0,4.0,27.0,0.8,25.0,0.0,0.0,1.0,0.0,1.0,1.0,0.03,1.0,0.0,0.0,0.0,0.0,0.0,62.0,37.0,37.0,23.0,2.0,21.0,28.0,75.0,7.0,25.0,15.0,10.0,21.0,83.0,119.0,7.0,2824.0,190.0,1127.0,1571.0,142.0,18.0,2824.0,19.0,12.0,63.2,6.0,31.6,1756.0,7626.0,4154.0,16.0,17.0,1.0,19.0,8.0,2137.0,6.0,87,88.9,35,87,32,0,N/a,0,1.97,62,27,+35,+1.04,+1.04,54.2,29.8,+24.4,+0.72,+0.48,2.0,1.0,0.0,28.0,17.0,1.0,0.0,1.0,0.0,154.0,61.0,36.0,62.9
N/a,N/a,N/a,N/a,Playing Time,Playing Time,Playing Time,Playing Time,Performance,Performance,Performance,Performance,Performance,Performance,Performance,Performance,Expected,Expected,Expected,Expected,Progression,Progression,Progression,Per 90 Minutes,Per 90 Minutes,Per 90 Minutes,Per 90 Minutes,Per 90 Minutes,Per 90 Minutes,Per 90 Minutes,Per 90 Minutes,Per 90 Minutes,Per 90 Minutes,N/a,Arsenal,N/a,N/a,N/a,N/a,N/a,N/a,N/a,N/a,N/a,N/a,N/a,N/a,N/a,N/a,N/a,N/a,N/a,N/a,N/a,N/a,N/a,N/a,N/a,N/a,N/a,N/a,N/a,N/a,N/a,N/a,N/a,N/a,N/a,N/a,N/a,N/a,N/a,N/a,N/a,N/a,N/a,N/a,N/a,N/a,N/a,N/a,N/a,N/a,N/a,N/a,N/a,N/a,N/a,N/a,N/a,N/a,N/a,N/a,N/a,N/a,N/a,N/a,N/a,N/a,N/a,N/a,N/a,N/a,N/a,N/a,N/a,N/a,N/a,N/a,N/a,N/a,N/a,N/a,N/a,N/a,N/a,N/a,N/a,N/a,N/a,N/a,N/a,N/a,N/a,N/a,N/a,N/a,N/a,N/a,N/a,N/a,N/a,N/a,N/a,N/a,N/a,N/a,N/a,N/a,N/a,N/a,N/a,N/a,N/a,N/a,N/a,N/a,N/a,N/a,N/a,N/a,N/a,N/a,N/a,N/a,N/a,N/a,N/a,N/a,N/a,N/a,N/a,N/a,N/a,N/a,N/a,N/a,N/a,N/a,N/a,N/a,N/a,N/a,N/a,N/a,N/a,N/a,N/a,N/a,N/a,N/a,N/a,N/a,N/a,N/a,N/a,N/a,N/a,N/a,Playing Time,Playing Time,Starts,Starts,Starts,Subs,Subs,Subs,Team Success,Team Success,Team Success,Team Success,Team Success,Team Success,Team Success (xG),Team Success (xG),Team Success (xG),Team Success (xG),Team Success (xG),N/a,N/a,N/a,N/a,N/a,N/a,N/a,N/a,N/a,N/a,N/a,N/a,N/a
