Player,Unnamed: 1_level_0_Nation,Unnamed: 2_level_0_Pos,Unnamed: 3_level_0_Age,Unnamed: 4_level_0_MP,Playing Time_Starts,Playing Time_Min,Playing Time_90s,Performance_Gls,Performance_Ast,Performance_G+A,Performance_G-PK,Performance_PK,Performance_PKatt,Performance_CrdY,Performance_CrdR,Expected_xG,Expected_npxG,Expected_xAG,Expected_npxG+xAG,Progression_PrgC,Progression_PrgP,Progression_PrgR,Per 90 Minutes_Gls,Per 90 Minutes_Ast,Per 90 Minutes_G+A,Per 90 Minutes_G-PK,Per 90 Minutes_G+A-PK,Per 90 Minutes_xG,Per 90 Minutes_xAG,Per 90 Minutes_xG+xAG,Per 90 Minutes_npxG,Per 90 Minutes_npxG+xAG,Unnamed: 33_level_0_Matches,Team,Unnamed: 1_level_0_Nation_stats_keeper_9,Unnamed: 2_level_0_Pos_stats_keeper_9,Unnamed: 3_level_0_Age_stats_keeper_9,Playing Time_MP,Playing Time_Min_stats_keeper_9,Performance_GA,Performance_GA90,Performance_SoTA,Performance_Saves,Performance_Save%,Performance_W,Performance_D,Performance_L,Performance_CS,Performance_CS%,Penalty Kicks_PKatt,Penalty Kicks_PKsv,Penalty Kicks_Save%,Unnamed: 23_level_0_Matches,Team_stats_keeper_9,Goals_FK,Goals_CK,Goals_OG,Expected_PSxG,Expected_PSxG/SoT,Expected_PSxG+/-,Expected_/90,Launched_Cmp,Launched_Att,Launched_Cmp%,Passes_Att (GK),Passes_Thr,Passes_Launch%,Passes_AvgLen,Goal Kicks_Att,Goal Kicks_Launch%,Goal Kicks_AvgLen,Crosses_Opp,Crosses_Stp,Crosses_Stp%,Sweeper_#OPA,Sweeper_#OPA/90,Sweeper_AvgDist,Unnamed: 1_level_0_Nation_stats_shooting_9,Unnamed: 2_level_0_Pos_stats_shooting_9,Unnamed: 3_level_0_Age_stats_shooting_9,Unnamed: 4_level_0_90s_stats_shooting_9,Standard_Gls,Standard_Sh,Standard_SoT,Standard_SoT%,Standard_Sh/90,Standard_SoT/90,Standard_G/Sh,Standard_G/SoT,Standard_Dist,Standard_FK,Standard_PK,Expected_xG_stats_shooting_9,Expected_npxG_stats_shooting_9,Expected_npxG/Sh,Expected_G-xG,Expected_np:G-xG,Unnamed: 22_level_0_Matches,Team_stats_shooting_9,Total_Cmp,Total_Att,Total_Cmp%,Total_TotDist,Total_PrgDist,Short_Cmp,Short_Att,Short_Cmp%,Medium_Cmp,Medium_Att,Medium_Cmp%,Long_Cmp,Long_Att,Long_Cmp%,Unnamed: 19_level_0_Ast,Unnamed: 20_level_0_xAG,Expected_xA,Expected_A-xAG,Unnamed: 23_level_0_KP,Unnamed: 24_level_0_1/3,Unnamed: 25_level_0_PPA,Unnamed: 26_level_0_CrsPA,Unnamed: 27_level_0_PrgP,Pass Types_Live,Pass Types_Dead,Pass Types_FK,Pass Types_TB,Pass Types_Sw,Pass Types_Crs,Pass Types_TI,Pass Types_CK,Corner Kicks_In,Corner Kicks_Out,Corner Kicks_Str,Outcomes_Off,Outcomes_Blocks,SCA_SCA,SCA_SCA90,SCA Types_PassLive,SCA Types_PassDead,SCA Types_TO,SCA Types_Sh,SCA Types_Fld,SCA Types_Def,GCA_GCA,GCA_GCA90,GCA Types_PassLive,GCA Types_PassDead,GCA Types_TO,GCA Types_Sh,GCA Types_Fld,GCA Types_Def,Tackles_Tkl,Tackles_TklW,Tackles_Def 3rd,Tackles_Mid 3rd,Tackles_Att 3rd,Challenges_Tkl,Challenges_Att,Challenges_Tkl%,Challenges_Lost,Blocks_Blocks,Blocks_Sh,Blocks_Pass,Unnamed: 17_level_0_Int,Unnamed: 18_level_0_Tkl+Int,Unnamed: 19_level_0_Clr,Unnamed: 20_level_0_Err,Touches_Touches,Touches_Def Pen,Touches_Def 3rd,Touches_Mid 3rd,Touches_Att 3rd,Touches_Att Pen,Touches_Live,Take-Ons_Att,Take-Ons_Succ,Take-Ons_Succ%,Take-Ons_Tkld,Take-Ons_Tkld%,Carries_Carries,Carries_TotDist,Carries_PrgDist,Carries_PrgC,Carries_1/3,Carries_CPA,Carries_Mis,Carries_Dis,Receiving_Rec,Receiving_PrgR,Playing Time_Mn/MP,Playing Time_Min%,Starts_Starts,Starts_Mn/Start,Starts_Compl,Subs_Subs,Subs_Mn/Sub,Subs_unSub,Team Success_PPM,Team Success_onG,Team Success_onGA,Team Success_+/-,Team Success_+/-90,Team Success_On-Off,Team Success (xG)_onxG,Team Success (xG)_onxGA,Team Success (xG)_xG+/-,Team Success (xG)_xG+/-90,Team Success (xG)_On-Off,Performance_CrdY_stats_misc_9,Performance_CrdR_stats_misc_9,Performance_2CrdY,Performance_Fls,Performance_Fld,Performance_Off,Performance_PKwon,Performance_PKcon,Performance_OG,Performance_Recov,Aerial Duels_Won,Aerial Duels_Lost,Aerial Duels_Won%
Adam Webster,eng ENG,DF,29,14,11,887,9.9,0,0,0,0,0,0,1,0,0.2,0.2,0.5,0.7,8,63,2,0.00,0.00,0.00,0.00,0.00,0.03,0.05,0.08,0.03,0.08,Matches,Brighton,N/a,N/a,N/a,N/a,N/a,N/a,N/a,N/a,N/a,N/a,N/a,N/a,N/a,N/a,N/a,N/a,N/a,N/a,N/a,N/a,N/a,N/a,N/a,N/a,N/a,N/a,N/a,N/a,N/a,N/a,N/a,N/a,N/a,N/a,N/a,N/a,N/a,N/a,N/a,N/a,N/a,N/a,N/a,eng ENG,DF,29.0,9.9,0.0,5.0,1.0,20.0,0.51,0.1,0.0,0.0,10.8,0.0,0.0,0.2,0.2,0.05,-0.2,-0.2,Matches,Brighton,636.0,725.0,87.7,11765.0,4541.0,242.0,257.0,94.2,333.0,354.0,94.1,53.0,97.0,54.6,0.0,0.5,0.3,-0.5,3.0,64.0,2.0,0.0,63.0,650.0,73.0,30.0,0.0,3.0,2.0,0.0,0.0,0.0,0.0,0.0,2.0,5.0,14.0,1.42,10.0,2.0,0.0,2.0,0.0,0.0,4.0,0.41,2.0,1.0,0.0,1.0,0.0,0.0,10.0,6.0,5.0,4.0,1.0,6.0,14.0,42.9,8.0,16.0,9.0,7.0,20.0,30.0,41.0,2.0,824.0,119.0,389.0,399.0,43.0,15.0,824.0,3.0,1.0,33.3,2.0,66.7,476.0,2600.0,1475.0,8.0,6.0,0.0,5.0,1.0,552.0,2.0,63,25.9,11,77,8,3,14,7,2.29,26,11,+15,+1.52,+1.81,19.0,14.3,+4.6,+0.47,+0.49,1.0,0.0,0.0,7.0,2.0,1.0,0.0,1.0,0.0,35.0,24.0,6.0,80.0
Bart Verbruggen,nl NED,GK,21,36,36,3240,36.0,0,1,1,0,0,0,5,0,0.0,0.0,0.0,0.0,0,2,0,0.00,0.03,0.03,0.00,0.03,0.00,0.00,0.00,0.00,0.00,Matches,Brighton,nl NED,GK,21.0,36.0,3240.0,58.0,1.61,143.0,87.0,65.7,14.0,13.0,9.0,7.0,19.4,9.0,0.0,0.0,Matches,Brighton,1.0,4.0,2.0,51.0,0.31,-5.0,-0.14,122.0,386.0,31.6,1226.0,122.0,26.9,29.7,83.0,67.5,48.5,414.0,27.0,6.5,47.0,1.31,13.9,nl NED,GK,21.0,36.0,0.0,0.0,0.0,N/a,0.0,0.0,N/a,N/a,N/a,0.0,0.0,0.0,0.0,N/a,0.0,0.0,Matches,Brighton,1011.0,1315.0,76.9,23986.0,16175.0,287.0,289.0,99.3,476.0,484.0,98.3,242.0,528.0,45.8,1.0,0.0,0.0,1.0,1.0,20.0,1.0,0.0,2.0,1164.0,145.0,62.0,0.0,0.0,0.0,0.0,0.0,0.0,0.0,0.0,6.0,2.0,5.0,0.14,5.0,0.0,0.0,0.0,0.0,0.0,1.0,0.03,1.0,0.0,0.0,0.0,0.0,0.0,0.0,0.0,0.0,0.0,0.0,0.0,3.0,0.0,3.0,1.0,0.0,1.0,0.0,0.0,29.0,5.0,1406.0,1109.0,1392.0,14.0,0.0,0.0,1406.0,2.0,2.0,100.0,0.0,0.0,955.0,3507.0,1804.0,0.0,1.0,1.0,2.0,0.0,909.0,0.0,90,94.7,36,90,36,0,N/a,0,1.53,61,58,+3,+0.08,-1.92,55.2,52.7,+2.5,+0.07,-0.75,5.0,0.0,0.0,0.0,2.0,0.0,0.0,0.0,0.0,59.0,10.0,1.0,90.9
Billy Gilmour,sct SCO,MF,23,2,1,98,1.1,0,0,0,0,0,0,0,0,0.1,0.1,0.0,0.1,2,11,2,0.00,0.00,0.00,0.00,0.00,0.07,0.00,0.07,0.07,0.07,Matches,Brighton,N/a,N/a,N/a,N/a,N/a,N/a,N/a,N/a,N/a,N/a,N/a,N/a,N/a,N/a,N/a,N/a,N/a,N/a,N/a,N/a,N/a,N/a,N/a,N/a,N/a,N/a,N/a,N/a,N/a,N/a,N/a,N/a,N/a,N/a,N/a,N/a,N/a,N/a,N/a,N/a,N/a,N/a,N/a,sct SCO,MF,23.0,1.1,0.0,1.0,0.0,0.0,0.92,0.0,0.0,N/a,25.5,1.0,0.0,0.1,0.1,0.08,-0.1,-0.1,Matches,Brighton,58.0,67.0,86.6,980.0,346.0,36.0,38.0,94.7,18.0,22.0,81.8,4.0,7.0,57.1,0.0,0.0,0.0,0.0,0.0,12.0,2.0,0.0,11.0,65.0,2.0,1.0,1.0,2.0,1.0,0.0,1.0,1.0,0.0,0.0,0.0,0.0,3.0,2.76,3.0,0.0,0.0,0.0,0.0,0.0,0.0,0.0,0.0,0.0,0.0,0.0,0.0,0.0,3.0,3.0,2.0,1.0,0.0,3.0,4.0,75.0,1.0,1.0,0.0,1.0,0.0,3.0,1.0,0.0,73.0,2.0,14.0,46.0,13.0,0.0,73.0,2.0,1.0,50.0,1.0,50.0,44.0,210.0,117.0,2.0,0.0,0.0,0.0,0.0,58.0,2.0,49,2.9,1,89,0,1,9,0,3.00,2,1,+1,+0.92,+0.76,1.6,1.3,+0.2,+0.22,+0.11,0.0,0.0,0.0,2.0,3.0,0.0,0.0,0.0,0.0,5.0,0.0,0.0,N/a
Brajan Gruda,de GER,"MF,FW",20,21,8,687,7.6,1,4,5,1,0,0,0,0,1.2,1.2,2.1,3.3,22,26,57,0.13,0.52,0.66,0.13,0.66,0.16,0.28,0.43,0.16,0.43,Matches,Brighton,N/a,N/a,N/a,N/a,N/a,N/a,N/a,N/a,N/a,N/a,N/a,N/a,N/a,N/a,N/a,N/a,N/a,N/a,N/a,N/a,N/a,N/a,N/a,N/a,N/a,N/a,N/a,N/a,N/a,N/a,N/a,N/a,N/a,N/a,N/a,N/a,N/a,N/a,N/a,N/a,N/a,N/a,N/a,de GER,"MF,FW",20.0,7.6,1.0,11.0,5.0,45.5,1.44,0.66,0.09,0.2,16.9,2.0,0.0,1.2,1.2,0.11,-0.2,-0.2,Matches,Brighton,187.0,251.0,74.5,2759.0,970.0,108.0,128.0,84.4,46.0,63.0,73.0,18.0,36.0,50.0,4.0,2.1,1.9,1.9,23.0,12.0,12.0,1.0,26.0,211.0,40.0,7.0,2.0,2.0,29.0,10.0,17.0,8.0,7.0,1.0,0.0,3.0,39.0,5.1,29.0,6.0,3.0,0.0,1.0,0.0,6.0,0.78,4.0,2.0,0.0,0.0,0.0,0.0,16.0,8.0,6.0,6.0,4.0,7.0,14.0,50.0,7.0,8.0,0.0,8.0,2.0,18.0,5.0,1.0,344.0,4.0,38.0,120.0,192.0,46.0,344.0,30.0,13.0,43.3,12.0,40.0,202.0,1447.0,662.0,22.0,19.0,13.0,14.0,21.0,222.0,57.0,33,20.1,8,64,0,13,14,7,1.38,14,15,-1,-0.13,-0.39,10.8,12.8,-2.1,-0.27,-0.48,0.0,0.0,0.0,7.0,12.0,1.0,0.0,0.0,0.0,26.0,3.0,5.0,37.5
Carl Rushworth,eng ENG,GK,23,0,0,N/a,N/a,N/a,N/a,N/a,N/a,N/a,N/a,N/a,N/a,N/a,N/a,N/a,N/a,N/a,N/a,N/a,N/a,N/a,N/a,N/a,N/a,N/a,N/a,N/a,N/a,N/a,Matches,Brighton,N/a,N/a,N/a,N/a,N/a,N/a,N/a,N/a,N/a,N/a,N/a,N/a,N/a,N/a,N/a,N/a,N/a,N/a,N/a,N/a,N/a,N/a,N/a,N/a,N/a,N/a,N/a,N/a,N/a,N/a,N/a,N/a,N/a,N/a,N/a,N/a,N/a,N/a,N/a,N/a,N/a,N/a,N/a,N/a,N/a,N/a,N/a,N/a,N/a,N/a,N/a,N/a,N/a,N/a,N/a,N/a,N/a,N/a,N/a,N/a,N/a,N/a,N/a,N/a,N/a,N/a,N/a,N/a,N/a,N/a,N/a,N/a,N/a,N/a,N/a,N/a,N/a,N/a,N/a,N/a,N/a,N/a,N/a,N/a,N/a,N/a,N/a,N/a,N/a,N/a,N/a,N/a,N/a,N/a,N/a,N/a,N/a,N/a,N/a,N/a,N/a,N/a,N/a,N/a,N/a,N/a,N/a,N/a,N/a,N/a,N/a,N/a,N/a,N/a,N/a,N/a,N/a,N/a,N/a,N/a,N/a,N/a,N/a,N/a,N/a,N/a,N/a,N/a,N/a,N/a,N/a,N/a,N/a,N/a,N/a,N/a,N/a,N/a,N/a,N/a,N/a,N/a,N/a,N/a,N/a,N/a,N/a,N/a,N/a,N/a,N/a,N/a,N/a,N/a,N/a,N/a,N/a,0,N/a,0,0,N/a,14,N/a,N/a,N/a,N/a,N/a,N/a,N/a,N/a,N/a,N/a,N/a,N/a,N/a,N/a,N/a,N/a,N/a,N/a,N/a,N/a,N/a,N/a,N/a,N/a
Carlos Baleba,cm CMR,MF,20,34,31,2661,29.6,3,1,4,3,0,0,8,1,3.1,3.1,1.3,4.4,43,118,29,0.10,0.03,0.14,0.10,0.14,0.10,0.05,0.15,0.10,0.15,Matches,Brighton,N/a,N/a,N/a,N/a,N/a,N/a,N/a,N/a,N/a,N/a,N/a,N/a,N/a,N/a,N/a,N/a,N/a,N/a,N/a,N/a,N/a,N/a,N/a,N/a,N/a,N/a,N/a,N/a,N/a,N/a,N/a,N/a,N/a,N/a,N/a,N/a,N/a,N/a,N/a,N/a,N/a,N/a,N/a,cm CMR,MF,20.0,29.6,3.0,44.0,11.0,25.0,1.49,0.37,0.07,0.27,25.5,1.0,0.0,3.1,3.1,0.07,-0.1,-0.1,Matches,Brighton,1149.0,1314.0,87.4,19305.0,4741.0,544.0,591.0,92.0,487.0,528.0,92.2,94.0,148.0,63.5,1.0,1.3,1.2,-0.3,21.0,109.0,23.0,3.0,118.0,1289.0,23.0,10.0,7.0,3.0,9.0,3.0,0.0,0.0,0.0,0.0,2.0,14.0,66.0,2.23,55.0,0.0,2.0,5.0,1.0,3.0,4.0,0.14,2.0,0.0,0.0,0.0,1.0,1.0,79.0,46.0,26.0,37.0,16.0,48.0,80.0,60.0,32.0,47.0,11.0,36.0,46.0,125.0,44.0,1.0,1697.0,94.0,410.0,994.0,339.0,12.0,1697.0,57.0,33.0,57.9,20.0,35.1,971.0,5692.0,2810.0,43.0,45.0,3.0,39.0,42.0,1035.0,29.0,78,77.8,31,83,15,3,27,2,1.68,55,39,+16,+0.54,+1.61,47.0,39.6,+7.4,+0.25,+0.64,8.0,1.0,1.0,40.0,48.0,0.0,0.0,2.0,0.0,197.0,39.0,26.0,60.0
Charlie Tasker,eng ENG,DF,18,0,0,N/a,N/a,N/a,N/a,N/a,N/a,N/a,N/a,N/a,N/a,N/a,N/a,N/a,N/a,N/a,N/a,N/a,N/a,N/a,N/a,N/a,N/a,N/a,N/a,N/a,N/a,N/a,Matches,Brighton,N/a,N/a,N/a,N/a,N/a,N/a,N/a,N/a,N/a,N/a,N/a,N/a,N/a,N/a,N/a,N/a,N/a,N/a,N/a,N/a,N/a,N/a,N/a,N/a,N/a,N/a,N/a,N/a,N/a,N/a,N/a,N/a,N/a,N/a,N/a,N/a,N/a,N/a,N/a,N/a,N/a,N/a,N/a,N/a,N/a,N/a,N/a,N/a,N/a,N/a,N/a,N/a,N/a,N/a,N/a,N/a,N/a,N/a,N/a,N/a,N/a,N/a,N/a,N/a,N/a,N/a,N/a,N/a,N/a,N/a,N/a,N/a,N/a,N/a,N/a,N/a,N/a,N/a,N/a,N/a,N/a,N/a,N/a,N/a,N/a,N/a,N/a,N/a,N/a,N/a,N/a,N/a,N/a,N/a,N/a,N/a,N/a,N/a,N/a,N/a,N/a,N/a,N/a,N/a,N/a,N/a,N/a,N/a,N/a,N/a,N/a,N/a,N/a,N/a,N/a,N/a,N/a,N/a,N/a,N/a,N/a,N/a,N/a,N/a,N/a,N/a,N/a,N/a,N/a,N/a,N/a,N/a,N/a,N/a,N/a,N/a,N/a,N/a,N/a,N/a,N/a,N/a,N/a,N/a,N/a,N/a,N/a,N/a,N/a,N/a,N/a,N/a,N/a,N/a,N/a,N/a,N/a,0,N/a,0,0,N/a,5,N/a,N/a,N/a,N/a,N/a,N/a,N/a,N/a,N/a,N/a,N/a,N/a,N/a,N/a,N/a,N/a,N/a,N/a,N/a,N/a,N/a,N/a,N/a,N/a
Danny Welbeck,eng ENG,FW,33,30,24,2115,23.5,10,4,14,9,1,1,5,0,9.6,8.8,1.4,10.1,21,47,95,0.43,0.17,0.60,0.38,0.55,0.41,0.06,0.46,0.37,0.43,Matches,Brighton,N/a,N/a,N/a,N/a,N/a,N/a,N/a,N/a,N/a,N/a,N/a,N/a,N/a,N/a,N/a,N/a,N/a,N/a,N/a,N/a,N/a,N/a,N/a,N/a,N/a,N/a,N/a,N/a,N/a,N/a,N/a,N/a,N/a,N/a,N/a,N/a,N/a,N/a,N/a,N/a,N/a,N/a,N/a,eng ENG,FW,33.0,23.5,10.0,59.0,23.0,39.0,2.51,0.98,0.15,0.39,15.3,9.0,1.0,9.6,8.8,0.15,0.4,0.2,Matches,Brighton,417.0,491.0,84.9,4936.0,1008.0,277.0,316.0,87.7,91.0,105.0,86.7,11.0,12.0,91.7,4.0,1.4,1.4,2.6,23.0,18.0,14.0,0.0,47.0,472.0,18.0,2.0,0.0,0.0,3.0,2.0,0.0,0.0,0.0,0.0,1.0,13.0,53.0,2.26,39.0,1.0,3.0,4.0,6.0,0.0,8.0,0.34,7.0,0.0,0.0,1.0,0.0,0.0,26.0,16.0,6.0,15.0,5.0,8.0,20.0,40.0,12.0,19.0,4.0,15.0,5.0,31.0,14.0,0.0,726.0,18.0,58.0,318.0,356.0,102.0,725.0,37.0,13.0,35.1,21.0,56.8,448.0,2065.0,890.0,21.0,23.0,8.0,49.0,28.0,547.0,95.0,71,61.8,24,84,11,6,17,0,1.70,41,37,+4,+0.17,-0.04,34.9,36.8,-1.8,-0.08,-0.49,5.0,0.0,0.0,11.0,23.0,4.0,0.0,0.0,0.0,46.0,17.0,32.0,34.7
Diego Gómez,py PAR,MF,21,16,4,516,5.7,1,0,1,1,0,0,0,0,0.9,0.9,0.7,1.6,8,27,23,0.17,0.00,0.17,0.17,0.17,0.15,0.13,0.28,0.15,0.28,Matches,Brighton,N/a,N/a,N/a,N/a,N/a,N/a,N/a,N/a,N/a,N/a,N/a,N/a,N/a,N/a,N/a,N/a,N/a,N/a,N/a,N/a,N/a,N/a,N/a,N/a,N/a,N/a,N/a,N/a,N/a,N/a,N/a,N/a,N/a,N/a,N/a,N/a,N/a,N/a,N/a,N/a,N/a,N/a,N/a,py PAR,MF,21.0,5.7,1.0,9.0,3.0,33.3,1.57,0.52,0.11,0.33,19.6,2.0,0.0,0.9,0.9,0.09,0.1,0.1,Matches,Brighton,243.0,302.0,80.5,3715.0,931.0,138.0,159.0,86.8,84.0,100.0,84.0,14.0,25.0,56.0,0.0,0.7,1.2,-0.7,8.0,14.0,7.0,1.0,27.0,283.0,19.0,2.0,4.0,2.0,12.0,1.0,6.0,2.0,3.0,0.0,0.0,9.0,19.0,3.32,14.0,3.0,0.0,1.0,1.0,0.0,4.0,0.7,2.0,1.0,0.0,0.0,1.0,0.0,21.0,13.0,11.0,8.0,2.0,12.0,22.0,54.5,10.0,13.0,0.0,13.0,8.0,29.0,10.0,1.0,403.0,21.0,87.0,212.0,109.0,10.0,403.0,12.0,6.0,50.0,6.0,50.0,193.0,746.0,365.0,8.0,4.0,0.0,10.0,9.0,247.0,23.0,32,15.1,4,72,0,12,19,1,1.88,16,13,+3,+0.52,+0.40,14.0,9.1,+4.9,+0.86,+0.88,0.0,0.0,0.0,8.0,3.0,1.0,1.0,0.0,0.0,32.0,10.0,4.0,71.4
Eiran Cashin,ie IRL,DF,22,2,0,20,0.2,0,0,0,0,0,0,0,0,0.0,0.0,0.0,0.0,0,6,1,0.00,0.00,0.00,0.00,0.00,0.00,0.00,0.00,0.00,0.00,Matches,Brighton,N/a,N/a,N/a,N/a,N/a,N/a,N/a,N/a,N/a,N/a,N/a,N/a,N/a,N/a,N/a,N/a,N/a,N/a,N/a,N/a,N/a,N/a,N/a,N/a,N/a,N/a,N/a,N/a,N/a,N/a,N/a,N/a,N/a,N/a,N/a,N/a,N/a,N/a,N/a,N/a,N/a,N/a,N/a,ie IRL,DF,22.0,0.2,0.0,0.0,0.0,N/a,0.0,0.0,N/a,N/a,N/a,0.0,0.0,0.0,0.0,N/a,0.0,0.0,Matches,Brighton,23.0,28.0,82.1,407.0,196.0,9.0,10.0,90.0,13.0,13.0,100.0,1.0,5.0,20.0,0.0,0.0,0.0,0.0,0.0,5.0,0.0,0.0,6.0,28.0,0.0,0.0,0.0,0.0,1.0,0.0,0.0,0.0,0.0,0.0,0.0,0.0,1.0,4.5,1.0,0.0,0.0,0.0,0.0,0.0,0.0,0.0,0.0,0.0,0.0,0.0,0.0,0.0,0.0,0.0,0.0,0.0,0.0,0.0,1.0,0.0,1.0,0.0,0.0,0.0,0.0,0.0,2.0,0.0,32.0,2.0,10.0,20.0,2.0,0.0,32.0,1.0,0.0,0.0,1.0,100.0,21.0,133.0,99.0,0.0,0.0,0.0,0.0,0.0,25.0,1.0,10,0.6,0,N/a,0,2,10,9,0.00,0,2,-2,-9.00,-9.24,0.4,0.4,0.0,-0.19,-0.30,0.0,0.0,0.0,0.0,0.0,0.0,0.0,0.0,0.0,1.0,2.0,1.0,66.7
Evan Ferguson,ie IRL,FW,19,13,2,246,2.7,1,0,1,1,0,0,0,0,0.5,0.5,0.4,1.0,2,1,9,0.37,0.00,0.37,0.37,0.37,0.20,0.15,0.35,0.20,0.35,Matches,Brighton,N/a,N/a,N/a,N/a,N/a,N/a,N/a,N/a,N/a,N/a,N/a,N/a,N/a,N/a,N/a,N/a,N/a,N/a,N/a,N/a,N/a,N/a,N/a,N/a,N/a,N/a,N/a,N/a,N/a,N/a,N/a,N/a,N/a,N/a,N/a,N/a,N/a,N/a,N/a,N/a,N/a,N/a,N/a,ie IRL,FW,19.0,2.7,1.0,7.0,2.0,28.6,2.56,0.73,0.14,0.5,19.2,1.0,0.0,0.5,0.5,0.08,0.5,0.5,Matches,Brighton,43.0,58.0,74.1,484.0,44.0,31.0,36.0,86.1,8.0,11.0,72.7,1.0,4.0,25.0,0.0,0.4,0.4,-0.4,3.0,1.0,0.0,0.0,1.0,52.0,5.0,0.0,0.0,0.0,0.0,0.0,0.0,0.0,0.0,0.0,1.0,1.0,4.0,1.47,3.0,0.0,1.0,0.0,0.0,0.0,0.0,0.0,0.0,0.0,0.0,0.0,0.0,0.0,4.0,3.0,0.0,3.0,1.0,2.0,5.0,40.0,3.0,3.0,1.0,2.0,0.0,4.0,4.0,0.0,88.0,7.0,13.0,50.0,26.0,9.0,88.0,2.0,1.0,50.0,1.0,50.0,42.0,183.0,56.0,2.0,1.0,2.0,5.0,6.0,52.0,9.0,19,7.2,2,65,0,11,11,2,0.92,4,7,-3,-1.10,-1.38,2.9,4.8,-1.9,-0.71,-0.88,0.0,0.0,0.0,3.0,1.0,0.0,0.0,0.0,0.0,10.0,4.0,9.0,30.8
Ferdi Kadioglu,tr TUR,"DF,MF",24,6,5,385,4.3,1,0,1,1,0,0,1,0,0.4,0.4,0.2,0.6,1,15,27,0.23,0.00,0.23,0.23,0.23,0.10,0.04,0.14,0.10,0.14,Matches,Brighton,N/a,N/a,N/a,N/a,N/a,N/a,N/a,N/a,N/a,N/a,N/a,N/a,N/a,N/a,N/a,N/a,N/a,N/a,N/a,N/a,N/a,N/a,N/a,N/a,N/a,N/a,N/a,N/a,N/a,N/a,N/a,N/a,N/a,N/a,N/a,N/a,N/a,N/a,N/a,N/a,N/a,N/a,N/a,tr TUR,"DF,MF",24.0,4.3,1.0,4.0,1.0,25.0,0.94,0.23,0.25,1.0,15.1,0.0,0.0,0.4,0.4,0.11,0.6,0.6,Matches,Brighton,144.0,175.0,82.3,2372.0,698.0,73.0,82.0,89.0,61.0,74.0,82.4,9.0,14.0,64.3,0.0,0.2,0.3,-0.2,5.0,10.0,9.0,4.0,15.0,157.0,17.0,2.0,1.0,0.0,9.0,15.0,0.0,0.0,0.0,0.0,1.0,1.0,13.0,3.03,11.0,0.0,0.0,0.0,1.0,1.0,2.0,0.47,2.0,0.0,0.0,0.0,0.0,0.0,10.0,6.0,4.0,5.0,1.0,6.0,15.0,40.0,9.0,2.0,2.0,0.0,8.0,18.0,17.0,0.0,231.0,13.0,71.0,91.0,72.0,9.0,231.0,7.0,3.0,42.9,3.0,42.9,124.0,479.0,183.0,1.0,0.0,0.0,6.0,2.0,144.0,27.0,64,11.3,5,72,1,1,23,1,1.33,5,8,-3,-0.70,-1.00,5.2,9.3,-4.1,-0.96,-1.20,1.0,0.0,0.0,5.0,3.0,1.0,0.0,0.0,0.0,14.0,3.0,1.0,75.0
Freddie Simmonds,eng ENG,DF,16,0,0,N/a,N/a,N/a,N/a,N/a,N/a,N/a,N/a,N/a,N/a,N/a,N/a,N/a,N/a,N/a,N/a,N/a,N/a,N/a,N/a,N/a,N/a,N/a,N/a,N/a,N/a,N/a,Matches,Brighton,N/a,N/a,N/a,N/a,N/a,N/a,N/a,N/a,N/a,N/a,N/a,N/a,N/a,N/a,N/a,N/a,N/a,N/a,N/a,N/a,N/a,N/a,N/a,N/a,N/a,N/a,N/a,N/a,N/a,N/a,N/a,N/a,N/a,N/a,N/a,N/a,N/a,N/a,N/a,N/a,N/a,N/a,N/a,N/a,N/a,N/a,N/a,N/a,N/a,N/a,N/a,N/a,N/a,N/a,N/a,N/a,N/a,N/a,N/a,N/a,N/a,N/a,N/a,N/a,N/a,N/a,N/a,N/a,N/a,N/a,N/a,N/a,N/a,N/a,N/a,N/a,N/a,N/a,N/a,N/a,N/a,N/a,N/a,N/a,N/a,N/a,N/a,N/a,N/a,N/a,N/a,N/a,N/a,N/a,N/a,N/a,N/a,N/a,N/a,N/a,N/a,N/a,N/a,N/a,N/a,N/a,N/a,N/a,N/a,N/a,N/a,N/a,N/a,N/a,N/a,N/a,N/a,N/a,N/a,N/a,N/a,N/a,N/a,N/a,N/a,N/a,N/a,N/a,N/a,N/a,N/a,N/a,N/a,N/a,N/a,N/a,N/a,N/a,N/a,N/a,N/a,N/a,N/a,N/a,N/a,N/a,N/a,N/a,N/a,N/a,N/a,N/a,N/a,N/a,N/a,N/a,N/a,0,N/a,0,0,N/a,1,N/a,N/a,N/a,N/a,N/a,N/a,N/a,N/a,N/a,N/a,N/a,N/a,N/a,N/a,N/a,N/a,N/a,N/a,N/a,N/a,N/a,N/a,N/a,N/a
Georginio Rutter,fr FRA,"MF,FW",22,28,19,1656,18.4,5,3,8,5,0,0,2,0,4.6,4.6,2.5,7.1,42,67,79,0.27,0.16,0.43,0.27,0.43,0.25,0.14,0.39,0.25,0.39,Matches,Brighton,N/a,N/a,N/a,N/a,N/a,N/a,N/a,N/a,N/a,N/a,N/a,N/a,N/a,N/a,N/a,N/a,N/a,N/a,N/a,N/a,N/a,N/a,N/a,N/a,N/a,N/a,N/a,N/a,N/a,N/a,N/a,N/a,N/a,N/a,N/a,N/a,N/a,N/a,N/a,N/a,N/a,N/a,N/a,fr FRA,"MF,FW",22.0,18.4,5.0,50.0,12.0,24.0,2.72,0.65,0.1,0.42,15.5,0.0,0.0,4.6,4.6,0.09,0.4,0.4,Matches,Brighton,237.0,355.0,66.8,3344.0,1174.0,144.0,187.0,77.0,74.0,111.0,66.7,10.0,16.0,62.5,3.0,2.5,1.7,0.5,19.0,30.0,16.0,1.0,67.0,344.0,9.0,0.0,12.0,0.0,9.0,0.0,0.0,0.0,0.0,0.0,2.0,14.0,64.0,3.47,37.0,0.0,9.0,7.0,9.0,2.0,8.0,0.43,3.0,0.0,3.0,1.0,1.0,0.0,39.0,15.0,13.0,18.0,8.0,14.0,36.0,38.9,22.0,20.0,3.0,17.0,10.0,49.0,13.0,2.0,641.0,20.0,83.0,246.0,326.0,79.0,641.0,71.0,27.0,38.0,34.0,47.9,361.0,2467.0,1405.0,42.0,36.0,16.0,45.0,37.0,411.0,79.0,59,48.4,19,76,3,9,24,0,1.57,32,29,+3,+0.16,-0.04,27.1,27.3,-0.3,-0.01,-0.24,2.0,0.0,0.0,34.0,45.0,7.0,0.0,1.0,0.0,66.0,25.0,46.0,35.2
Harry Howell,eng ENG,FW,15,1,0,7,0.1,0,0,0,0,0,0,0,0,0.0,0.0,0.0,0.0,0,0,3,0.00,0.00,0.00,0.00,0.00,0.00,0.00,0.00,0.00,0.00,Matches,Brighton,N/a,N/a,N/a,N/a,N/a,N/a,N/a,N/a,N/a,N/a,N/a,N/a,N/a,N/a,N/a,N/a,N/a,N/a,N/a,N/a,N/a,N/a,N/a,N/a,N/a,N/a,N/a,N/a,N/a,N/a,N/a,N/a,N/a,N/a,N/a,N/a,N/a,N/a,N/a,N/a,N/a,N/a,N/a,eng ENG,FW,15.0,0.1,0.0,0.0,0.0,N/a,0.0,0.0,N/a,N/a,N/a,0.0,0.0,0.0,0.0,N/a,0.0,0.0,Matches,Brighton,8.0,9.0,88.9,100.0,8.0,4.0,4.0,100.0,3.0,4.0,75.0,0.0,0.0,N/a,0.0,0.0,0.1,0.0,0.0,0.0,0.0,0.0,0.0,9.0,0.0,0.0,0.0,0.0,0.0,0.0,0.0,0.0,0.0,0.0,0.0,0.0,0.0,0.0,0.0,0.0,0.0,0.0,0.0,0.0,0.0,0.0,0.0,0.0,0.0,0.0,0.0,0.0,1.0,1.0,1.0,0.0,0.0,1.0,2.0,50.0,1.0,1.0,0.0,1.0,0.0,1.0,0.0,0.0,12.0,1.0,1.0,7.0,4.0,3.0,12.0,0.0,0.0,N/a,0.0,N/a,9.0,48.0,8.0,0.0,0.0,1.0,0.0,0.0,10.0,3.0,7,0.2,0,N/a,0,1,7,4,3.00,1,0,+1,+12.86,+12.70,0.8,0.0,+0.8,+10.62,+10.53,0.0,0.0,0.0,0.0,0.0,0.0,0.0,0.0,0.0,0.0,0.0,0.0,N/a
Igor,br BRA,DF,26,13,10,961,10.7,0,0,0,0,0,0,4,0,0.0,0.0,0.2,0.2,9,49,1,0.00,0.00,0.00,0.00,0.00,0.00,0.02,0.02,0.00,0.02,Matches,Brighton,N/a,N/a,N/a,N/a,N/a,N/a,N/a,N/a,N/a,N/a,N/a,N/a,N/a,N/a,N/a,N/a,N/a,N/a,N/a,N/a,N/a,N/a,N/a,N/a,N/a,N/a,N/a,N/a,N/a,N/a,N/a,N/a,N/a,N/a,N/a,N/a,N/a,N/a,N/a,N/a,N/a,N/a,N/a,br BRA,DF,26.0,10.7,0.0,1.0,0.0,0.0,0.09,0.0,0.0,N/a,14.1,0.0,0.0,0.0,0.0,0.05,0.0,0.0,Matches,Brighton,671.0,730.0,91.9,12145.0,3851.0,262.0,271.0,96.7,364.0,384.0,94.8,42.0,59.0,71.2,0.0,0.2,0.3,-0.2,2.0,39.0,2.0,1.0,49.0,680.0,48.0,12.0,3.0,4.0,4.0,11.0,0.0,0.0,0.0,0.0,2.0,5.0,14.0,1.31,12.0,0.0,1.0,0.0,1.0,0.0,0.0,0.0,0.0,0.0,0.0,0.0,0.0,0.0,5.0,5.0,2.0,2.0,1.0,4.0,10.0,40.0,6.0,24.0,14.0,10.0,4.0,9.0,39.0,1.0,816.0,109.0,385.0,381.0,54.0,1.0,816.0,6.0,5.0,83.3,1.0,16.7,530.0,2962.0,1837.0,9.0,14.0,0.0,1.0,0.0,606.0,1.0,74,28.1,10,84,8,3,39,10,1.54,17,17,0,0.00,-0.26,14.9,17.4,-2.5,-0.23,-0.48,4.0,0.0,0.0,9.0,6.0,0.0,0.0,0.0,0.0,42.0,8.0,6.0,57.1
Imari Samuels,eng ENG,DF,21,0,0,N/a,N/a,N/a,N/a,N/a,N/a,N/a,N/a,N/a,N/a,N/a,N/a,N/a,N/a,N/a,N/a,N/a,N/a,N/a,N/a,N/a,N/a,N/a,N/a,N/a,N/a,N/a,Matches,Brighton,N/a,N/a,N/a,N/a,N/a,N/a,N/a,N/a,N/a,N/a,N/a,N/a,N/a,N/a,N/a,N/a,N/a,N/a,N/a,N/a,N/a,N/a,N/a,N/a,N/a,N/a,N/a,N/a,N/a,N/a,N/a,N/a,N/a,N/a,N/a,N/a,N/a,N/a,N/a,N/a,N/a,N/a,N/a,N/a,N/a,N/a,N/a,N/a,N/a,N/a,N/a,N/a,N/a,N/a,N/a,N/a,N/a,N/a,N/a,N/a,N/a,N/a,N/a,N/a,N/a,N/a,N/a,N/a,N/a,N/a,N/a,N/a,N/a,N/a,N/a,N/a,N/a,N/a,N/a,N/a,N/a,N/a,N/a,N/a,N/a,N/a,N/a,N/a,N/a,N/a,N/a,N/a,N/a,N/a,N/a,N/a,N/a,N/a,N/a,N/a,N/a,N/a,N/a,N/a,N/a,N/a,N/a,N/a,N/a,N/a,N/a,N/a,N/a,N/a,N/a,N/a,N/a,N/a,N/a,N/a,N/a,N/a,N/a,N/a,N/a,N/a,N/a,N/a,N/a,N/a,N/a,N/a,N/a,N/a,N/a,N/a,N/a,N/a,N/a,N/a,N/a,N/a,N/a,N/a,N/a,N/a,N/a,N/a,N/a,N/a,N/a,N/a,N/a,N/a,N/a,N/a,N/a,0,N/a,0,0,N/a,2,N/a,N/a,N/a,N/a,N/a,N/a,N/a,N/a,N/a,N/a,N/a,N/a,N/a,N/a,N/a,N/a,N/a,N/a,N/a,N/a,N/a,N/a,N/a,N/a
Jack Hinshelwood,eng ENG,"MF,DF",19,26,22,1842,20.5,5,2,7,5,0,0,5,0,2.7,2.7,1.5,4.2,19,68,54,0.24,0.10,0.34,0.24,0.34,0.13,0.07,0.21,0.13,0.21,Matches,Brighton,N/a,N/a,N/a,N/a,N/a,N/a,N/a,N/a,N/a,N/a,N/a,N/a,N/a,N/a,N/a,N/a,N/a,N/a,N/a,N/a,N/a,N/a,N/a,N/a,N/a,N/a,N/a,N/a,N/a,N/a,N/a,N/a,N/a,N/a,N/a,N/a,N/a,N/a,N/a,N/a,N/a,N/a,N/a,eng ENG,"MF,DF",19.0,20.5,5.0,18.0,10.0,55.6,0.88,0.49,0.28,0.5,12.2,0.0,0.0,2.7,2.7,0.15,2.3,2.3,Matches,Brighton,870.0,1046.0,83.2,13114.0,3047.0,510.0,562.0,90.7,280.0,333.0,84.1,56.0,107.0,52.3,2.0,1.5,1.5,0.5,17.0,36.0,9.0,2.0,68.0,927.0,118.0,27.0,0.0,8.0,27.0,75.0,8.0,4.0,1.0,1.0,1.0,11.0,35.0,1.71,28.0,4.0,0.0,2.0,1.0,0.0,3.0,0.15,3.0,0.0,0.0,0.0,0.0,0.0,27.0,19.0,8.0,10.0,9.0,11.0,27.0,40.7,16.0,10.0,3.0,7.0,16.0,43.0,37.0,1.0,1199.0,50.0,322.0,560.0,323.0,35.0,1199.0,11.0,2.0,18.2,8.0,72.7,590.0,2435.0,1189.0,19.0,20.0,2.0,18.0,3.0,762.0,54.0,71,53.9,22,82,12,4,11,0,1.73,39,30,+9,+0.44,+0.55,31.9,29.7,+2.1,+0.10,-0.01,5.0,0.0,0.0,18.0,9.0,0.0,0.0,0.0,0.0,63.0,20.0,16.0,55.6
Jacob Slater,ie IRL,DF,19,0,0,N/a,N/a,N/a,N/a,N/a,N/a,N/a,N/a,N/a,N/a,N/a,N/a,N/a,N/a,N/a,N/a,N/a,N/a,N/a,N/a,N/a,N/a,N/a,N/a,N/a,N/a,N/a,Matches,Brighton,N/a,N/a,N/a,N/a,N/a,N/a,N/a,N/a,N/a,N/a,N/a,N/a,N/a,N/a,N/a,N/a,N/a,N/a,N/a,N/a,N/a,N/a,N/a,N/a,N/a,N/a,N/a,N/a,N/a,N/a,N/a,N/a,N/a,N/a,N/a,N/a,N/a,N/a,N/a,N/a,N/a,N/a,N/a,N/a,N/a,N/a,N/a,N/a,N/a,N/a,N/a,N/a,N/a,N/a,N/a,N/a,N/a,N/a,N/a,N/a,N/a,N/a,N/a,N/a,N/a,N/a,N/a,N/a,N/a,N/a,N/a,N/a,N/a,N/a,N/a,N/a,N/a,N/a,N/a,N/a,N/a,N/a,N/a,N/a,N/a,N/a,N/a,N/a,N/a,N/a,N/a,N/a,N/a,N/a,N/a,N/a,N/a,N/a,N/a,N/a,N/a,N/a,N/a,N/a,N/a,N/a,N/a,N/a,N/a,N/a,N/a,N/a,N/a,N/a,N/a,N/a,N/a,N/a,N/a,N/a,N/a,N/a,N/a,N/a,N/a,N/a,N/a,N/a,N/a,N/a,N/a,N/a,N/a,N/a,N/a,N/a,N/a,N/a,N/a,N/a,N/a,N/a,N/a,N/a,N/a,N/a,N/a,N/a,N/a,N/a,N/a,N/a,N/a,N/a,N/a,N/a,N/a,0,N/a,0,0,N/a,3,N/a,N/a,N/a,N/a,N/a,N/a,N/a,N/a,N/a,N/a,N/a,N/a,N/a,N/a,N/a,N/a,N/a,N/a,N/a,N/a,N/a,N/a,N/a,N/a
Jakub Moder,pl POL,MF,25,4,0,11,0.1,0,0,0,0,0,0,0,0,0.0,0.0,0.2,0.2,2,4,0,0.00,0.00,0.00,0.00,0.00,0.00,1.45,1.45,0.00,1.45,Matches,Brighton,N/a,N/a,N/a,N/a,N/a,N/a,N/a,N/a,N/a,N/a,N/a,N/a,N/a,N/a,N/a,N/a,N/a,N/a,N/a,N/a,N/a,N/a,N/a,N/a,N/a,N/a,N/a,N/a,N/a,N/a,N/a,N/a,N/a,N/a,N/a,N/a,N/a,N/a,N/a,N/a,N/a,N/a,N/a,pl POL,MF,25.0,0.1,0.0,0.0,0.0,N/a,0.0,0.0,N/a,N/a,N/a,0.0,0.0,0.0,0.0,N/a,0.0,0.0,Matches,Brighton,18.0,22.0,81.8,254.0,82.0,10.0,14.0,71.4,8.0,8.0,100.0,0.0,0.0,N/a,0.0,0.2,0.5,-0.2,3.0,0.0,1.0,1.0,4.0,22.0,0.0,0.0,0.0,0.0,1.0,0.0,0.0,0.0,0.0,0.0,0.0,0.0,4.0,32.73,4.0,0.0,0.0,0.0,0.0,0.0,0.0,0.0,0.0,0.0,0.0,0.0,0.0,0.0,1.0,0.0,1.0,0.0,0.0,0.0,2.0,0.0,2.0,0.0,0.0,0.0,0.0,1.0,3.0,0.0,27.0,2.0,7.0,12.0,9.0,1.0,27.0,0.0,0.0,N/a,0.0,N/a,13.0,93.0,62.0,2.0,3.0,0.0,0.0,0.0,14.0,0.0,3,0.3,0,N/a,0,4,3,9,1.75,0,0,0,0.00,-0.18,0.4,0.3,+0.2,+1.30,+1.19,0.0,0.0,0.0,0.0,0.0,0.0,0.0,0.0,0.0,2.0,0.0,1.0,0.0
James Milner,eng ENG,MF,38,4,3,170,1.9,0,0,0,0,0,0,1,0,0.2,0.2,0.2,0.4,1,10,10,0.00,0.00,0.00,0.00,0.00,0.09,0.12,0.21,0.09,0.21,Matches,Brighton,N/a,N/a,N/a,N/a,N/a,N/a,N/a,N/a,N/a,N/a,N/a,N/a,N/a,N/a,N/a,N/a,N/a,N/a,N/a,N/a,N/a,N/a,N/a,N/a,N/a,N/a,N/a,N/a,N/a,N/a,N/a,N/a,N/a,N/a,N/a,N/a,N/a,N/a,N/a,N/a,N/a,N/a,N/a,eng ENG,MF,38.0,1.9,0.0,2.0,0.0,0.0,1.06,0.0,0.0,N/a,16.0,0.0,0.0,0.2,0.2,0.08,-0.2,-0.2,Matches,Brighton,55.0,74.0,74.3,899.0,347.0,26.0,28.0,92.9,23.0,30.0,76.7,4.0,11.0,36.4,0.0,0.2,0.2,-0.2,4.0,3.0,1.0,1.0,10.0,63.0,11.0,4.0,2.0,0.0,8.0,0.0,6.0,2.0,3.0,0.0,0.0,1.0,8.0,4.24,5.0,2.0,0.0,0.0,1.0,0.0,0.0,0.0,0.0,0.0,0.0,0.0,0.0,0.0,5.0,2.0,1.0,3.0,1.0,3.0,3.0,100.0,0.0,4.0,2.0,2.0,2.0,7.0,2.0,1.0,93.0,3.0,13.0,49.0,31.0,4.0,93.0,1.0,1.0,100.0,0.0,0.0,47.0,223.0,97.0,1.0,1.0,0.0,0.0,0.0,59.0,10.0,43,5.0,3,56,0,1,1,0,2.50,4,1,+3,+1.59,+1.48,2.8,2.0,+0.8,+0.42,+0.33,1.0,0.0,0.0,3.0,1.0,0.0,0.0,0.0,0.0,2.0,0.0,1.0,0.0
Jan Paul van Hecke,nl NED,DF,24,34,33,2958,32.9,1,1,2,1,0,0,8,1,1.3,1.3,1.5,2.8,55,228,5,0.03,0.03,0.06,0.03,0.06,0.04,0.05,0.09,0.04,0.09,Matches,Brighton,N/a,N/a,N/a,N/a,N/a,N/a,N/a,N/a,N/a,N/a,N/a,N/a,N/a,N/a,N/a,N/a,N/a,N/a,N/a,N/a,N/a,N/a,N/a,N/a,N/a,N/a,N/a,N/a,N/a,N/a,N/a,N/a,N/a,N/a,N/a,N/a,N/a,N/a,N/a,N/a,N/a,N/a,N/a,nl NED,DF,24.0,32.9,1.0,17.0,5.0,29.4,0.52,0.15,0.06,0.2,13.9,0.0,0.0,1.3,1.3,0.08,-0.3,-0.3,Matches,Brighton,2016.0,2286.0,88.2,39486.0,15217.0,703.0,752.0,93.5,1077.0,1156.0,93.2,219.0,334.0,65.6,1.0,1.5,1.4,-0.5,15.0,226.0,17.0,4.0,228.0,2146.0,138.0,104.0,4.0,19.0,11.0,8.0,0.0,0.0,0.0,0.0,2.0,7.0,52.0,1.58,46.0,2.0,0.0,3.0,1.0,0.0,3.0,0.09,3.0,0.0,0.0,0.0,0.0,0.0,45.0,29.0,24.0,19.0,2.0,23.0,41.0,56.1,18.0,37.0,22.0,15.0,24.0,69.0,142.0,2.0,2589.0,272.0,1094.0,1350.0,166.0,33.0,2589.0,11.0,5.0,45.5,4.0,36.4,1715.0,10633.0,7191.0,55.0,46.0,0.0,12.0,7.0,1820.0,5.0,87,86.5,33,89,30,1,9,0,1.59,55,47,+8,+0.24,+0.44,49.7,44.3,+5.4,+0.17,+0.42,8.0,1.0,1.0,25.0,24.0,0.0,0.0,0.0,0.0,131.0,82.0,50.0,62.1
Jason Steele,eng ENG,GK,33,2,2,180,2.0,0,0,0,0,0,0,0,0,0.0,0.0,0.0,0.0,0,0,0,0.00,0.00,0.00,0.00,0.00,0.00,0.00,0.00,0.00,0.00,Matches,Brighton,eng ENG,GK,33.0,2.0,180.0,1.0,0.5,4.0,3.0,75.0,2.0,0.0,0.0,1.0,50.0,0.0,0.0,N/a,Matches,Brighton,0.0,0.0,0.0,0.5,0.12,-0.5,-0.26,7.0,16.0,43.8,110.0,7.0,13.6,25.1,2.0,50.0,43.0,22.0,2.0,9.1,3.0,1.5,15.4,eng ENG,GK,33.0,2.0,0.0,0.0,0.0,N/a,0.0,0.0,N/a,N/a,N/a,0.0,0.0,0.0,0.0,N/a,0.0,0.0,Matches,Brighton,101.0,112.0,90.2,2321.0,1556.0,21.0,21.0,100.0,63.0,65.0,96.9,17.0,26.0,65.4,0.0,0.0,0.0,0.0,0.0,0.0,0.0,0.0,0.0,104.0,8.0,6.0,0.0,0.0,0.0,0.0,0.0,0.0,0.0,0.0,0.0,0.0,0.0,0.0,0.0,0.0,0.0,0.0,0.0,0.0,0.0,0.0,0.0,0.0,0.0,0.0,0.0,0.0,0.0,0.0,0.0,0.0,0.0,0.0,0.0,N/a,0.0,0.0,0.0,0.0,0.0,0.0,1.0,0.0,114.0,107.0,114.0,0.0,0.0,0.0,114.0,0.0,0.0,N/a,0.0,N/a,91.0,361.0,151.0,0.0,0.0,0.0,0.0,0.0,83.0,0.0,90,5.3,2,90,2,0,N/a,24,3.00,5,1,+4,+2.00,+1.92,3.5,1.9,+1.6,+0.82,+0.75,0.0,0.0,0.0,0.0,1.0,0.0,0.0,0.0,0.0,7.0,1.0,1.0,50.0
Jeremy Sarmiento,ec ECU,MF,22,1,0,9,0.1,0,0,0,0,0,0,0,0,0.0,0.0,0.0,0.0,0,0,2,0.00,0.00,0.00,0.00,0.00,0.00,0.00,0.00,0.00,0.00,Matches,Brighton,N/a,N/a,N/a,N/a,N/a,N/a,N/a,N/a,N/a,N/a,N/a,N/a,N/a,N/a,N/a,N/a,N/a,N/a,N/a,N/a,N/a,N/a,N/a,N/a,N/a,N/a,N/a,N/a,N/a,N/a,N/a,N/a,N/a,N/a,N/a,N/a,N/a,N/a,N/a,N/a,N/a,N/a,N/a,ec ECU,MF,22.0,0.1,0.0,0.0,0.0,N/a,0.0,0.0,N/a,N/a,N/a,0.0,0.0,0.0,0.0,N/a,0.0,0.0,Matches,Brighton,6.0,6.0,100.0,74.0,1.0,4.0,4.0,100.0,2.0,2.0,100.0,0.0,0.0,N/a,0.0,0.0,0.0,0.0,0.0,0.0,0.0,0.0,0.0,6.0,0.0,0.0,0.0,0.0,0.0,0.0,0.0,0.0,0.0,0.0,0.0,0.0,0.0,0.0,0.0,0.0,0.0,0.0,0.0,0.0,0.0,0.0,0.0,0.0,0.0,0.0,0.0,0.0,0.0,0.0,0.0,0.0,0.0,0.0,0.0,N/a,0.0,0.0,0.0,0.0,0.0,0.0,0.0,0.0,8.0,0.0,0.0,6.0,2.0,0.0,8.0,0.0,0.0,N/a,0.0,N/a,6.0,61.0,10.0,0.0,0.0,0.0,1.0,0.0,7.0,2.0,9,0.3,0,N/a,0,1,9,0,3.00,1,0,+1,+10.00,+9.84,0.1,0.0,+0.1,+0.68,+0.57,0.0,0.0,0.0,0.0,0.0,0.0,0.0,0.0,0.0,1.0,0.0,0.0,N/a
Joe Knight,eng ENG,MF,18,0,0,N/a,N/a,N/a,N/a,N/a,N/a,N/a,N/a,N/a,N/a,N/a,N/a,N/a,N/a,N/a,N/a,N/a,N/a,N/a,N/a,N/a,N/a,N/a,N/a,N/a,N/a,N/a,Matches,Brighton,N/a,N/a,N/a,N/a,N/a,N/a,N/a,N/a,N/a,N/a,N/a,N/a,N/a,N/a,N/a,N/a,N/a,N/a,N/a,N/a,N/a,N/a,N/a,N/a,N/a,N/a,N/a,N/a,N/a,N/a,N/a,N/a,N/a,N/a,N/a,N/a,N/a,N/a,N/a,N/a,N/a,N/a,N/a,N/a,N/a,N/a,N/a,N/a,N/a,N/a,N/a,N/a,N/a,N/a,N/a,N/a,N/a,N/a,N/a,N/a,N/a,N/a,N/a,N/a,N/a,N/a,N/a,N/a,N/a,N/a,N/a,N/a,N/a,N/a,N/a,N/a,N/a,N/a,N/a,N/a,N/a,N/a,N/a,N/a,N/a,N/a,N/a,N/a,N/a,N/a,N/a,N/a,N/a,N/a,N/a,N/a,N/a,N/a,N/a,N/a,N/a,N/a,N/a,N/a,N/a,N/a,N/a,N/a,N/a,N/a,N/a,N/a,N/a,N/a,N/a,N/a,N/a,N/a,N/a,N/a,N/a,N/a,N/a,N/a,N/a,N/a,N/a,N/a,N/a,N/a,N/a,N/a,N/a,N/a,N/a,N/a,N/a,N/a,N/a,N/a,N/a,N/a,N/a,N/a,N/a,N/a,N/a,N/a,N/a,N/a,N/a,N/a,N/a,N/a,N/a,N/a,N/a,0,N/a,0,0,N/a,3,N/a,N/a,N/a,N/a,N/a,N/a,N/a,N/a,N/a,N/a,N/a,N/a,N/a,N/a,N/a,N/a,N/a,N/a,N/a,N/a,N/a,N/a,N/a,N/a
João Pedro,br BRA,"FW,MF",22,27,23,1948,21.6,10,6,16,5,5,5,4,1,8.9,5.0,5.0,10.0,66,78,128,0.46,0.28,0.74,0.23,0.51,0.41,0.23,0.64,0.23,0.46,Matches,Brighton,N/a,N/a,N/a,N/a,N/a,N/a,N/a,N/a,N/a,N/a,N/a,N/a,N/a,N/a,N/a,N/a,N/a,N/a,N/a,N/a,N/a,N/a,N/a,N/a,N/a,N/a,N/a,N/a,N/a,N/a,N/a,N/a,N/a,N/a,N/a,N/a,N/a,N/a,N/a,N/a,N/a,N/a,N/a,br BRA,"FW,MF",22.0,21.6,10.0,42.0,15.0,35.7,1.94,0.69,0.12,0.33,17.2,0.0,5.0,8.9,5.0,0.12,1.1,0.0,Matches,Brighton,482.0,661.0,72.9,6847.0,1766.0,300.0,381.0,78.7,133.0,177.0,75.1,29.0,44.0,65.9,6.0,5.0,3.1,1.0,30.0,42.0,36.0,5.0,78.0,631.0,26.0,5.0,10.0,3.0,22.0,9.0,4.0,0.0,0.0,0.0,4.0,20.0,72.0,3.32,56.0,0.0,3.0,2.0,10.0,1.0,9.0,0.42,6.0,0.0,0.0,0.0,3.0,0.0,16.0,12.0,6.0,6.0,4.0,4.0,11.0,36.4,7.0,12.0,0.0,12.0,9.0,25.0,12.0,0.0,940.0,12.0,60.0,387.0,508.0,122.0,935.0,86.0,29.0,33.7,47.0,54.7,616.0,3821.0,1821.0,66.0,39.0,30.0,72.0,38.0,732.0,128.0,72,57.0,23,81,12,4,23,0,1.48,33,27,+6,+0.28,+0.22,36.3,25.7,+10.6,+0.49,+0.88,4.0,1.0,0.0,26.0,46.0,2.0,3.0,1.0,0.0,59.0,41.0,43.0,48.8
Joël Veltman,nl NED,DF,32,21,19,1697,18.9,0,0,0,0,0,0,5,0,0.5,0.5,0.5,0.9,32,85,34,0.00,0.00,0.00,0.00,0.00,0.02,0.02,0.05,0.02,0.05,Matches,Brighton,N/a,N/a,N/a,N/a,N/a,N/a,N/a,N/a,N/a,N/a,N/a,N/a,N/a,N/a,N/a,N/a,N/a,N/a,N/a,N/a,N/a,N/a,N/a,N/a,N/a,N/a,N/a,N/a,N/a,N/a,N/a,N/a,N/a,N/a,N/a,N/a,N/a,N/a,N/a,N/a,N/a,N/a,N/a,nl NED,DF,32.0,18.9,0.0,6.0,1.0,16.7,0.32,0.05,0.0,0.0,19.7,0.0,0.0,0.5,0.5,0.08,-0.5,-0.5,Matches,Brighton,745.0,929.0,80.2,12563.0,3243.0,365.0,406.0,89.9,307.0,380.0,80.8,63.0,99.0,63.6,0.0,0.5,1.3,-0.5,6.0,66.0,9.0,5.0,85.0,756.0,170.0,42.0,2.0,3.0,24.0,128.0,0.0,0.0,0.0,0.0,3.0,21.0,23.0,1.22,16.0,2.0,2.0,1.0,2.0,0.0,2.0,0.11,1.0,1.0,0.0,0.0,0.0,0.0,43.0,29.0,24.0,16.0,3.0,31.0,52.0,59.6,21.0,22.0,7.0,15.0,19.0,62.0,66.0,0.0,1133.0,65.0,332.0,558.0,253.0,10.0,1133.0,15.0,4.0,26.7,5.0,33.3,548.0,2917.0,1521.0,32.0,25.0,3.0,19.0,7.0,626.0,34.0,81,49.6,19,86,14,2,27,3,1.81,32,24,+8,+0.42,+0.48,26.5,24.3,+2.2,+0.11,+0.01,5.0,0.0,0.0,27.0,44.0,0.0,0.0,1.0,0.0,68.0,21.0,18.0,53.8
Julio Enciso,py PAR,"MF,FW",20,12,2,294,3.3,0,0,0,0,0,0,0,0,1.0,1.0,0.2,1.2,11,14,17,0.00,0.00,0.00,0.00,0.00,0.31,0.07,0.38,0.31,0.38,Matches,Brighton,N/a,N/a,N/a,N/a,N/a,N/a,N/a,N/a,N/a,N/a,N/a,N/a,N/a,N/a,N/a,N/a,N/a,N/a,N/a,N/a,N/a,N/a,N/a,N/a,N/a,N/a,N/a,N/a,N/a,N/a,N/a,N/a,N/a,N/a,N/a,N/a,N/a,N/a,N/a,N/a,N/a,N/a,N/a,py PAR,"MF,FW",20.0,3.3,0.0,20.0,11.0,55.0,6.12,3.37,0.0,0.0,21.3,1.0,0.0,1.0,1.0,0.05,-1.0,-1.0,Matches,Brighton,99.0,150.0,66.0,1464.0,392.0,61.0,75.0,81.3,29.0,40.0,72.5,5.0,22.0,22.7,0.0,0.2,0.3,-0.2,5.0,13.0,4.0,1.0,14.0,134.0,16.0,4.0,0.0,1.0,20.0,0.0,12.0,6.0,3.0,0.0,0.0,5.0,12.0,3.69,5.0,1.0,3.0,1.0,2.0,0.0,0.0,0.0,0.0,0.0,0.0,0.0,0.0,0.0,0.0,0.0,0.0,0.0,0.0,0.0,2.0,0.0,2.0,2.0,0.0,2.0,0.0,0.0,1.0,0.0,202.0,2.0,17.0,72.0,116.0,20.0,202.0,21.0,10.0,47.6,8.0,38.1,114.0,678.0,386.0,11.0,10.0,4.0,7.0,9.0,141.0,17.0,25,8.6,2,67,0,10,16,7,1.50,3,4,-1,-0.31,-0.54,4.5,4.9,-0.5,-0.14,-0.28,0.0,0.0,0.0,3.0,7.0,0.0,0.0,0.0,0.0,15.0,6.0,5.0,54.5
Kaoru Mitoma,jp JPN,"FW,MF",27,36,28,2603,28.9,10,4,14,10,0,0,1,0,9.2,9.2,4.6,13.8,146,89,291,0.35,0.14,0.48,0.35,0.48,0.32,0.16,0.48,0.32,0.48,Matches,Brighton,N/a,N/a,N/a,N/a,N/a,N/a,N/a,N/a,N/a,N/a,N/a,N/a,N/a,N/a,N/a,N/a,N/a,N/a,N/a,N/a,N/a,N/a,N/a,N/a,N/a,N/a,N/a,N/a,N/a,N/a,N/a,N/a,N/a,N/a,N/a,N/a,N/a,N/a,N/a,N/a,N/a,N/a,N/a,jp JPN,"FW,MF",27.0,28.9,10.0,57.0,27.0,47.4,1.97,0.93,0.18,0.37,13.9,0.0,0.0,9.2,9.2,0.16,0.8,0.8,Matches,Brighton,749.0,988.0,75.8,9777.0,2226.0,505.0,579.0,87.2,189.0,265.0,71.3,23.0,52.0,44.2,4.0,4.6,4.0,-0.6,37.0,36.0,36.0,8.0,89.0,965.0,19.0,0.0,9.0,1.0,75.0,19.0,0.0,0.0,0.0,0.0,4.0,39.0,87.0,3.01,73.0,0.0,6.0,3.0,4.0,1.0,10.0,0.35,9.0,0.0,0.0,0.0,1.0,0.0,45.0,27.0,15.0,14.0,16.0,19.0,49.0,38.8,30.0,48.0,3.0,45.0,14.0,59.0,10.0,0.0,1375.0,17.0,155.0,468.0,782.0,164.0,1375.0,131.0,52.0,39.7,74.0,56.5,830.0,6659.0,3906.0,146.0,82.0,56.0,53.0,23.0,966.0,291.0,72,76.1,28,85,14,8,29,0,1.64,53,40,+13,+0.45,+1.11,44.1,37.1,+6.9,+0.24,+0.55,1.0,0.0,0.0,40.0,24.0,5.0,0.0,0.0,0.0,99.0,26.0,27.0,49.1
Killian Cahill,ie IRL,GK,20,0,0,N/a,N/a,N/a,N/a,N/a,N/a,N/a,N/a,N/a,N/a,N/a,N/a,N/a,N/a,N/a,N/a,N/a,N/a,N/a,N/a,N/a,N/a,N/a,N/a,N/a,N/a,N/a,Matches,Brighton,N/a,N/a,N/a,N/a,N/a,N/a,N/a,N/a,N/a,N/a,N/a,N/a,N/a,N/a,N/a,N/a,N/a,N/a,N/a,N/a,N/a,N/a,N/a,N/a,N/a,N/a,N/a,N/a,N/a,N/a,N/a,N/a,N/a,N/a,N/a,N/a,N/a,N/a,N/a,N/a,N/a,N/a,N/a,N/a,N/a,N/a,N/a,N/a,N/a,N/a,N/a,N/a,N/a,N/a,N/a,N/a,N/a,N/a,N/a,N/a,N/a,N/a,N/a,N/a,N/a,N/a,N/a,N/a,N/a,N/a,N/a,N/a,N/a,N/a,N/a,N/a,N/a,N/a,N/a,N/a,N/a,N/a,N/a,N/a,N/a,N/a,N/a,N/a,N/a,N/a,N/a,N/a,N/a,N/a,N/a,N/a,N/a,N/a,N/a,N/a,N/a,N/a,N/a,N/a,N/a,N/a,N/a,N/a,N/a,N/a,N/a,N/a,N/a,N/a,N/a,N/a,N/a,N/a,N/a,N/a,N/a,N/a,N/a,N/a,N/a,N/a,N/a,N/a,N/a,N/a,N/a,N/a,N/a,N/a,N/a,N/a,N/a,N/a,N/a,N/a,N/a,N/a,N/a,N/a,N/a,N/a,N/a,N/a,N/a,N/a,N/a,N/a,N/a,N/a,N/a,N/a,N/a,0,N/a,0,0,N/a,1,N/a,N/a,N/a,N/a,N/a,N/a,N/a,N/a,N/a,N/a,N/a,N/a,N/a,N/a,N/a,N/a,N/a,N/a,N/a,N/a,N/a,N/a,N/a,N/a
Lewis Dunk,eng ENG,DF,32,25,23,2083,23.1,0,0,0,0,0,0,5,0,0.8,0.8,0.5,1.3,20,142,3,0.00,0.00,0.00,0.00,0.00,0.03,0.02,0.06,0.03,0.06,Matches,Brighton,N/a,N/a,N/a,N/a,N/a,N/a,N/a,N/a,N/a,N/a,N/a,N/a,N/a,N/a,N/a,N/a,N/a,N/a,N/a,N/a,N/a,N/a,N/a,N/a,N/a,N/a,N/a,N/a,N/a,N/a,N/a,N/a,N/a,N/a,N/a,N/a,N/a,N/a,N/a,N/a,N/a,N/a,N/a,eng ENG,DF,32.0,23.1,0.0,12.0,3.0,25.0,0.52,0.13,0.0,0.0,12.1,1.0,0.0,0.8,0.8,0.07,-0.8,-0.8,Matches,Brighton,1778.0,1953.0,91.0,32940.0,10612.0,668.0,693.0,96.4,954.0,1002.0,95.2,143.0,228.0,62.7,0.0,0.5,1.0,-0.5,6.0,157.0,6.0,0.0,142.0,1818.0,131.0,67.0,2.0,10.0,5.0,10.0,0.0,0.0,0.0,0.0,4.0,7.0,19.0,0.82,17.0,0.0,0.0,2.0,0.0,0.0,3.0,0.13,2.0,0.0,0.0,1.0,0.0,0.0,17.0,10.0,8.0,7.0,2.0,11.0,19.0,57.9,8.0,28.0,18.0,10.0,13.0,30.0,79.0,2.0,2127.0,258.0,993.0,1031.0,113.0,21.0,2127.0,1.0,0.0,0.0,1.0,100.0,1341.0,6155.0,3345.0,20.0,19.0,0.0,9.0,3.0,1556.0,3.0,83,60.9,23,89,21,2,24,2,1.24,33,42,-9,-0.39,-1.47,32.1,35.4,-3.3,-0.14,-0.65,5.0,0.0,0.0,7.0,11.0,2.0,0.0,0.0,1.0,104.0,51.0,31.0,62.2
Mark O'Mahony,ie IRL,FW,19,0,0,N/a,N/a,N/a,N/a,N/a,N/a,N/a,N/a,N/a,N/a,N/a,N/a,N/a,N/a,N/a,N/a,N/a,N/a,N/a,N/a,N/a,N/a,N/a,N/a,N/a,N/a,N/a,Matches,Brighton,N/a,N/a,N/a,N/a,N/a,N/a,N/a,N/a,N/a,N/a,N/a,N/a,N/a,N/a,N/a,N/a,N/a,N/a,N/a,N/a,N/a,N/a,N/a,N/a,N/a,N/a,N/a,N/a,N/a,N/a,N/a,N/a,N/a,N/a,N/a,N/a,N/a,N/a,N/a,N/a,N/a,N/a,N/a,N/a,N/a,N/a,N/a,N/a,N/a,N/a,N/a,N/a,N/a,N/a,N/a,N/a,N/a,N/a,N/a,N/a,N/a,N/a,N/a,N/a,N/a,N/a,N/a,N/a,N/a,N/a,N/a,N/a,N/a,N/a,N/a,N/a,N/a,N/a,N/a,N/a,N/a,N/a,N/a,N/a,N/a,N/a,N/a,N/a,N/a,N/a,N/a,N/a,N/a,N/a,N/a,N/a,N/a,N/a,N/a,N/a,N/a,N/a,N/a,N/a,N/a,N/a,N/a,N/a,N/a,N/a,N/a,N/a,N/a,N/a,N/a,N/a,N/a,N/a,N/a,N/a,N/a,N/a,N/a,N/a,N/a,N/a,N/a,N/a,N/a,N/a,N/a,N/a,N/a,N/a,N/a,N/a,N/a,N/a,N/a,N/a,N/a,N/a,N/a,N/a,N/a,N/a,N/a,N/a,N/a,N/a,N/a,N/a,N/a,N/a,N/a,N/a,N/a,0,N/a,0,0,N/a,1,N/a,N/a,N/a,N/a,N/a,N/a,N/a,N/a,N/a,N/a,N/a,N/a,N/a,N/a,N/a,N/a,N/a,N/a,N/a,N/a,N/a,N/a,N/a,N/a
Mats Wieffer,nl NED,"DF,MF",24,25,10,1015,11.3,1,3,4,1,0,0,6,0,0.8,0.8,1.6,2.4,18,62,23,0.09,0.27,0.35,0.09,0.35,0.07,0.14,0.21,0.07,0.21,Matches,Brighton,N/a,N/a,N/a,N/a,N/a,N/a,N/a,N/a,N/a,N/a,N/a,N/a,N/a,N/a,N/a,N/a,N/a,N/a,N/a,N/a,N/a,N/a,N/a,N/a,N/a,N/a,N/a,N/a,N/a,N/a,N/a,N/a,N/a,N/a,N/a,N/a,N/a,N/a,N/a,N/a,N/a,N/a,N/a,nl NED,"DF,MF",24.0,11.3,1.0,9.0,4.0,44.4,0.8,0.35,0.11,0.25,13.2,0.0,0.0,0.8,0.8,0.08,0.2,0.2,Matches,Brighton,594.0,698.0,85.1,9762.0,2650.0,286.0,317.0,90.2,258.0,298.0,86.6,38.0,50.0,76.0,3.0,1.6,1.0,1.4,16.0,53.0,9.0,2.0,62.0,647.0,49.0,13.0,0.0,1.0,13.0,36.0,0.0,0.0,0.0,0.0,2.0,14.0,32.0,2.83,28.0,0.0,0.0,2.0,2.0,0.0,6.0,0.53,5.0,0.0,0.0,0.0,1.0,0.0,58.0,34.0,27.0,27.0,4.0,32.0,47.0,68.1,15.0,18.0,2.0,16.0,17.0,75.0,28.0,3.0,867.0,55.0,223.0,450.0,206.0,22.0,867.0,15.0,7.0,46.7,7.0,46.7,483.0,2351.0,1051.0,18.0,20.0,1.0,19.0,9.0,533.0,23.0,41,29.7,10,79,5,15,15,3,1.60,25,22,+3,+0.27,+0.12,17.5,19.1,-1.6,-0.15,-0.36,6.0,0.0,0.0,23.0,10.0,1.0,1.0,1.0,0.0,68.0,32.0,25.0,56.1
Matt O'Riley,dk DEN,MF,23,21,11,938,10.4,2,2,4,1,1,1,1,0,2.8,2.0,2.4,4.4,22,38,52,0.19,0.19,0.38,0.10,0.29,0.27,0.23,0.50,0.20,0.42,Matches,Brighton,N/a,N/a,N/a,N/a,N/a,N/a,N/a,N/a,N/a,N/a,N/a,N/a,N/a,N/a,N/a,N/a,N/a,N/a,N/a,N/a,N/a,N/a,N/a,N/a,N/a,N/a,N/a,N/a,N/a,N/a,N/a,N/a,N/a,N/a,N/a,N/a,N/a,N/a,N/a,N/a,N/a,N/a,N/a,dk DEN,MF,23.0,10.4,2.0,21.0,6.0,28.6,2.01,0.58,0.05,0.17,17.6,2.0,1.0,2.8,2.0,0.1,-0.8,-1.0,Matches,Brighton,316.0,413.0,76.5,5018.0,1362.0,161.0,182.0,88.5,108.0,133.0,81.2,30.0,63.0,47.6,2.0,2.4,2.0,-0.4,21.0,30.0,8.0,1.0,38.0,345.0,67.0,13.0,2.0,2.0,51.0,1.0,36.0,23.0,8.0,0.0,1.0,15.0,40.0,3.84,23.0,11.0,1.0,2.0,1.0,2.0,5.0,0.48,4.0,0.0,0.0,0.0,1.0,0.0,16.0,9.0,4.0,8.0,4.0,4.0,13.0,30.8,9.0,7.0,3.0,4.0,13.0,29.0,9.0,1.0,525.0,20.0,80.0,232.0,215.0,47.0,524.0,13.0,8.0,61.5,4.0,30.8,275.0,1139.0,544.0,22.0,12.0,8.0,19.0,4.0,307.0,52.0,45,27.4,11,68,0,10,19,3,1.48,17,20,-3,-0.29,-0.65,17.2,14.3,+2.8,+0.27,+0.23,1.0,0.0,0.0,16.0,13.0,2.0,1.0,0.0,1.0,29.0,5.0,8.0,38.5
Opponent Total,N/a,N/a,26.2,38,418,3420,38.0,57,39,96,48,9,9,93,5,54.6,47.7,41.3,88.9,607,1209,1196,1.50,1.03,2.53,1.26,2.29,1.44,1.09,2.52,1.25,2.34,N/a,Brighton,N/a,N/a,26.2,38.0,3420.0,66.0,1.74,190.0,126.0,68.9,9.0,13.0,16.0,5.0,13.2,7.0,0.0,0.0,N/a,Brighton,2.0,6.0,2.0,67.8,0.33,3.8,0.1,204.0,619.0,33.0,1368.0,187.0,35.5,33.4,298.0,44.6,36.2,541.0,29.0,5.4,64.0,1.68,15.8,N/a,N/a,26.2,38.0,57.0,418.0,138.0,33.0,11.0,3.63,0.11,0.35,15.6,8.0,9.0,54.6,47.7,0.12,2.4,0.3,N/a,Brighton,14240.0,17647.0,80.7,253402.0,87854.0,6260.0,6967.0,89.9,6537.0,7370.0,88.7,1220.0,2475.0,49.3,39.0,41.3,30.2,-2.3,333.0,1004.0,248.0,44.0,1209.0,15881.0,1678.0,460.0,53.0,82.0,543.0,634.0,182.0,130.0,23.0,4.0,88.0,334.0,746.0,19.63,539.0,69.0,49.0,44.0,35.0,10.0,97.0,2.55,64.0,6.0,7.0,9.0,10.0,1.0,726.0,408.0,370.0,274.0,82.0,382.0,720.0,53.1,338.0,409.0,147.0,262.0,320.0,1046.0,981.0,33.0,22046.0,2949.0,8740.0,9148.0,4374.0,877.0,22037.0,795.0,353.0,44.4,350.0,44.0,12304.0,64473.0,31459.0,607.0,355.0,243.0,503.0,355.0,14102.0,1196.0,90,100,418,82,254,163,20,179,1.05,59,66,-7,-0.18,N/a,54.6,58.7,-4.1,-0.11,N/a,93.0,5.0,4.0,427.0,421.0,88.0,7.0,7.0,2.0,1532.0,463.0,518.0,47.2
Pervis Estupiñán,ec ECU,DF,26,30,26,2402,26.7,1,1,2,1,0,0,5,0,1.2,1.2,2.1,3.3,59,132,112,0.04,0.04,0.07,0.04,0.07,0.04,0.08,0.12,0.04,0.12,Matches,Brighton,N/a,N/a,N/a,N/a,N/a,N/a,N/a,N/a,N/a,N/a,N/a,N/a,N/a,N/a,N/a,N/a,N/a,N/a,N/a,N/a,N/a,N/a,N/a,N/a,N/a,N/a,N/a,N/a,N/a,N/a,N/a,N/a,N/a,N/a,N/a,N/a,N/a,N/a,N/a,N/a,N/a,N/a,N/a,ec ECU,DF,26.0,26.7,1.0,28.0,9.0,32.1,1.05,0.34,0.04,0.11,24.5,3.0,0.0,1.2,1.2,0.04,-0.2,-0.2,Matches,Brighton,1338.0,1610.0,83.1,20347.0,6261.0,782.0,839.0,93.2,451.0,540.0,83.5,74.0,158.0,46.8,1.0,2.1,2.5,-1.1,26.0,105.0,34.0,18.0,132.0,1370.0,237.0,20.0,0.0,5.0,119.0,180.0,37.0,23.0,9.0,3.0,3.0,28.0,58.0,2.17,39.0,13.0,0.0,2.0,4.0,0.0,4.0,0.15,3.0,0.0,0.0,0.0,1.0,0.0,65.0,43.0,33.0,25.0,7.0,34.0,51.0,66.7,17.0,20.0,5.0,15.0,37.0,102.0,65.0,2.0,1915.0,89.0,493.0,936.0,506.0,35.0,1915.0,34.0,19.0,55.9,13.0,38.2,1023.0,5007.0,2689.0,59.0,61.0,9.0,34.0,27.0,1144.0,112.0,80,70.2,26,88,22,4,27,1,1.57,47,44,+3,+0.11,-0.24,42.6,39.6,+3.0,+0.11,+0.01,5.0,0.0,0.0,36.0,20.0,3.0,0.0,0.0,0.0,147.0,46.0,26.0,63.9
Player,Nation,Pos,Age,MP,Starts,Min,90s,Gls,Ast,G+A,G-PK,PK,PKatt,CrdY,CrdR,xG,npxG,xAG,npxG+xAG,PrgC,PrgP,PrgR,Gls,Ast,G+A,G-PK,G+A-PK,xG,xAG,xG+xAG,npxG,npxG+xAG,Matches,Brighton,N/a,N/a,N/a,N/a,N/a,N/a,N/a,N/a,N/a,N/a,N/a,N/a,N/a,N/a,N/a,N/a,N/a,N/a,N/a,N/a,N/a,N/a,N/a,N/a,N/a,N/a,N/a,N/a,N/a,N/a,N/a,N/a,N/a,N/a,N/a,N/a,N/a,N/a,N/a,N/a,N/a,N/a,N/a,N/a,N/a,N/a,N/a,N/a,N/a,N/a,N/a,N/a,N/a,N/a,N/a,N/a,N/a,N/a,N/a,N/a,N/a,N/a,N/a,N/a,N/a,N/a,N/a,N/a,N/a,N/a,N/a,N/a,N/a,N/a,N/a,N/a,N/a,N/a,N/a,N/a,N/a,N/a,N/a,N/a,N/a,N/a,N/a,N/a,N/a,N/a,N/a,N/a,N/a,N/a,N/a,N/a,N/a,N/a,N/a,N/a,N/a,N/a,N/a,N/a,N/a,N/a,N/a,N/a,N/a,N/a,N/a,N/a,N/a,N/a,N/a,N/a,N/a,N/a,N/a,N/a,N/a,N/a,N/a,N/a,N/a,N/a,N/a,N/a,N/a,N/a,N/a,N/a,N/a,N/a,N/a,N/a,N/a,N/a,N/a,N/a,N/a,N/a,N/a,N/a,N/a,N/a,N/a,N/a,N/a,N/a,N/a,N/a,N/a,N/a,N/a,Mn/MP,Min%,Starts,Mn/Start,Compl,Subs,Mn/Sub,unSub,PPM,onG,onGA,+/-,+/-90,On-Off,onxG,onxGA,xG+/-,xG+/-90,On-Off,N/a,N/a,N/a,N/a,N/a,N/a,N/a,N/a,N/a,N/a,N/a,N/a,N/a
Ruairi Mcconville,nir NIR,DF,19,0,0,N/a,N/a,N/a,N/a,N/a,N/a,N/a,N/a,N/a,N/a,N/a,N/a,N/a,N/a,N/a,N/a,N/a,N/a,N/a,N/a,N/a,N/a,N/a,N/a,N/a,N/a,N/a,Matches,Brighton,N/a,N/a,N/a,N/a,N/a,N/a,N/a,N/a,N/a,N/a,N/a,N/a,N/a,N/a,N/a,N/a,N/a,N/a,N/a,N/a,N/a,N/a,N/a,N/a,N/a,N/a,N/a,N/a,N/a,N/a,N/a,N/a,N/a,N/a,N/a,N/a,N/a,N/a,N/a,N/a,N/a,N/a,N/a,N/a,N/a,N/a,N/a,N/a,N/a,N/a,N/a,N/a,N/a,N/a,N/a,N/a,N/a,N/a,N/a,N/a,N/a,N/a,N/a,N/a,N/a,N/a,N/a,N/a,N/a,N/a,N/a,N/a,N/a,N/a,N/a,N/a,N/a,N/a,N/a,N/a,N/a,N/a,N/a,N/a,N/a,N/a,N/a,N/a,N/a,N/a,N/a,N/a,N/a,N/a,N/a,N/a,N/a,N/a,N/a,N/a,N/a,N/a,N/a,N/a,N/a,N/a,N/a,N/a,N/a,N/a,N/a,N/a,N/a,N/a,N/a,N/a,N/a,N/a,N/a,N/a,N/a,N/a,N/a,N/a,N/a,N/a,N/a,N/a,N/a,N/a,N/a,N/a,N/a,N/a,N/a,N/a,N/a,N/a,N/a,N/a,N/a,N/a,N/a,N/a,N/a,N/a,N/a,N/a,N/a,N/a,N/a,N/a,N/a,N/a,N/a,N/a,N/a,0,N/a,0,0,N/a,8,N/a,N/a,N/a,N/a,N/a,N/a,N/a,N/a,N/a,N/a,N/a,N/a,N/a,N/a,N/a,N/a,N/a,N/a,N/a,N/a,N/a,N/a,N/a,N/a
Simon Adingra,ci CIV,"FW,MF",22,29,12,1097,12.2,2,2,4,2,0,0,0,0,2.5,2.5,2.5,4.9,50,18,136,0.16,0.16,0.33,0.16,0.33,0.20,0.20,0.40,0.20,0.40,Matches,Brighton,N/a,N/a,N/a,N/a,N/a,N/a,N/a,N/a,N/a,N/a,N/a,N/a,N/a,N/a,N/a,N/a,N/a,N/a,N/a,N/a,N/a,N/a,N/a,N/a,N/a,N/a,N/a,N/a,N/a,N/a,N/a,N/a,N/a,N/a,N/a,N/a,N/a,N/a,N/a,N/a,N/a,N/a,N/a,ci CIV,"FW,MF",22.0,12.2,2.0,33.0,8.0,24.2,2.71,0.66,0.06,0.25,17.0,0.0,0.0,2.5,2.5,0.07,-0.5,-0.5,Matches,Brighton,290.0,382.0,75.9,4148.0,820.0,187.0,217.0,86.2,81.0,109.0,74.3,16.0,29.0,55.2,2.0,2.5,2.8,-0.5,16.0,5.0,17.0,6.0,18.0,372.0,9.0,0.0,2.0,0.0,41.0,8.0,1.0,0.0,0.0,0.0,1.0,12.0,47.0,3.86,33.0,0.0,6.0,8.0,0.0,0.0,7.0,0.57,5.0,0.0,1.0,1.0,0.0,0.0,23.0,14.0,10.0,8.0,5.0,10.0,26.0,38.5,16.0,12.0,0.0,12.0,8.0,31.0,6.0,2.0,548.0,10.0,66.0,174.0,315.0,76.0,548.0,50.0,21.0,42.0,27.0,54.0,366.0,2514.0,1300.0,50.0,21.0,27.0,39.0,12.0,388.0,136.0,38,32.1,12,66,1,17,18,6,1.59,18,23,-5,-0.41,-0.88,18.2,19.0,-0.9,-0.07,-0.27,0.0,0.0,0.0,13.0,4.0,4.0,0.0,0.0,0.0,47.0,7.0,4.0,63.6
Solly March,eng ENG,"FW,MF",30,8,1,168,1.9,0,0,0,0,0,0,2,0,0.1,0.1,0.3,0.4,5,2,20,0.00,0.00,0.00,0.00,0.00,0.05,0.15,0.19,0.05,0.19,Matches,Brighton,N/a,N/a,N/a,N/a,N/a,N/a,N/a,N/a,N/a,N/a,N/a,N/a,N/a,N/a,N/a,N/a,N/a,N/a,N/a,N/a,N/a,N/a,N/a,N/a,N/a,N/a,N/a,N/a,N/a,N/a,N/a,N/a,N/a,N/a,N/a,N/a,N/a,N/a,N/a,N/a,N/a,N/a,N/a,eng ENG,"FW,MF",30.0,1.9,0.0,2.0,0.0,0.0,1.07,0.0,0.0,N/a,22.5,0.0,0.0,0.1,0.1,0.04,-0.1,-0.1,Matches,Brighton,60.0,95.0,63.2,990.0,222.0,35.0,40.0,87.5,16.0,28.0,57.1,7.0,18.0,38.9,0.0,0.3,0.3,-0.3,3.0,2.0,4.0,4.0,2.0,81.0,14.0,1.0,0.0,1.0,20.0,6.0,6.0,3.0,2.0,1.0,0.0,7.0,7.0,3.77,6.0,1.0,0.0,0.0,0.0,0.0,2.0,1.08,2.0,0.0,0.0,0.0,0.0,0.0,6.0,3.0,2.0,2.0,2.0,5.0,8.0,62.5,3.0,3.0,0.0,3.0,2.0,8.0,2.0,1.0,118.0,3.0,12.0,33.0,73.0,7.0,118.0,4.0,1.0,25.0,3.0,75.0,57.0,398.0,167.0,5.0,2.0,3.0,3.0,1.0,67.0,20.0,21,4.9,1,62,0,7,15,5,1.75,4,3,+1,+0.54,+0.37,3.4,2.8,+0.6,+0.34,+0.25,2.0,0.0,0.0,2.0,2.0,3.0,0.0,0.0,0.0,7.0,1.0,2.0,33.3
Squad Total,N/a,N/a,24.8,38,418,3420,38.0,64,41,105,57,7,7,78,3,58.7,53.3,40.4,93.7,816,1539,1522,1.68,1.08,2.76,1.50,2.58,1.54,1.06,2.61,1.40,2.47,N/a,Brighton,N/a,N/a,24.8,38.0,3420.0,59.0,1.55,147.0,90.0,66.0,16.0,13.0,9.0,8.0,21.1,9.0,0.0,0.0,N/a,Brighton,1.0,4.0,2.0,51.5,0.3,-5.5,-0.15,129.0,402.0,32.1,1178.0,129.0,29.3,25.1,243.0,23.5,23.1,436.0,29.0,6.7,50.0,1.32,15.4,N/a,N/a,24.8,38.0,64.0,526.0,183.0,34.8,13.84,4.82,0.11,0.31,17.2,25.0,7.0,58.7,53.3,0.1,5.3,3.7,N/a,Brighton,15820.0,19188.0,82.4,268916.0,90984.0,7629.0,8443.0,90.4,6541.0,7472.0,87.5,1313.0,2397.0,54.8,41.0,40.4,39.1,0.6,377.0,1189.0,339.0,87.0,1539.0,17527.0,1615.0,482.0,77.0,76.0,704.0,605.0,188.0,107.0,48.0,7.0,46.0,310.0,933.0,24.55,685.0,70.0,56.0,53.0,55.0,14.0,113.0,2.97,78.0,7.0,10.0,6.0,10.0,2.0,705.0,431.0,287.0,297.0,121.0,350.0,703.0,49.8,353.0,439.0,122.0,317.0,315.0,1020.0,762.0,29.0,23677.0,2601.0,7503.0,10292.0,6153.0,1085.0,23670.0,797.0,338.0,42.4,382.0,47.9,13919.0,76882.0,41746.0,816.0,576.0,263.0,583.0,344.0,15637.0,1522.0,90,100,418,82,231,184,18,158,1.61,66,59,+7,+0.18,N/a,58.7,54.6,+4.1,+0.11,N/a,78.0,3.0,2.0,438.0,411.0,46.0,6.0,9.0,2.0,1624.0,518.0,463.0,52.8
Tariq Lamptey,gh GHA,DF,23,15,10,860,9.6,2,2,4,2,0,0,0,0,0.4,0.4,0.8,1.2,32,14,45,0.21,0.21,0.42,0.21,0.42,0.04,0.08,0.12,0.04,0.12,Matches,Brighton,N/a,N/a,N/a,N/a,N/a,N/a,N/a,N/a,N/a,N/a,N/a,N/a,N/a,N/a,N/a,N/a,N/a,N/a,N/a,N/a,N/a,N/a,N/a,N/a,N/a,N/a,N/a,N/a,N/a,N/a,N/a,N/a,N/a,N/a,N/a,N/a,N/a,N/a,N/a,N/a,N/a,N/a,N/a,gh GHA,DF,23.0,9.6,2.0,6.0,2.0,33.3,0.63,0.21,0.33,1.0,18.5,0.0,0.0,0.4,0.4,0.06,1.6,1.6,Matches,Brighton,335.0,413.0,81.1,5168.0,1326.0,185.0,199.0,93.0,128.0,162.0,79.0,19.0,40.0,47.5,2.0,0.8,0.8,1.2,5.0,12.0,6.0,5.0,14.0,346.0,66.0,5.0,0.0,1.0,28.0,60.0,1.0,1.0,0.0,0.0,1.0,6.0,17.0,1.78,14.0,1.0,0.0,0.0,1.0,1.0,3.0,0.31,2.0,0.0,0.0,0.0,0.0,1.0,17.0,11.0,8.0,9.0,0.0,9.0,25.0,36.0,16.0,15.0,7.0,8.0,7.0,24.0,23.0,1.0,535.0,29.0,161.0,224.0,154.0,11.0,535.0,31.0,10.0,32.3,18.0,58.1,292.0,2081.0,1034.0,32.0,17.0,3.0,11.0,5.0,302.0,45.0,57,25.1,10,76,5,5,19,10,1.40,14,21,-7,-0.73,-1.22,13.3,14.8,-1.4,-0.15,-0.35,0.0,0.0,0.0,15.0,10.0,0.0,0.0,1.0,0.0,39.0,1.0,14.0,6.7
Valentín Barco,ar ARG,"DF,MF",20,0,0,N/a,N/a,N/a,N/a,N/a,N/a,N/a,N/a,N/a,N/a,N/a,N/a,N/a,N/a,N/a,N/a,N/a,N/a,N/a,N/a,N/a,N/a,N/a,N/a,N/a,N/a,N/a,Matches,Brighton,N/a,N/a,N/a,N/a,N/a,N/a,N/a,N/a,N/a,N/a,N/a,N/a,N/a,N/a,N/a,N/a,N/a,N/a,N/a,N/a,N/a,N/a,N/a,N/a,N/a,N/a,N/a,N/a,N/a,N/a,N/a,N/a,N/a,N/a,N/a,N/a,N/a,N/a,N/a,N/a,N/a,N/a,N/a,N/a,N/a,N/a,N/a,N/a,N/a,N/a,N/a,N/a,N/a,N/a,N/a,N/a,N/a,N/a,N/a,N/a,N/a,N/a,N/a,N/a,N/a,N/a,N/a,N/a,N/a,N/a,N/a,N/a,N/a,N/a,N/a,N/a,N/a,N/a,N/a,N/a,N/a,N/a,N/a,N/a,N/a,N/a,N/a,N/a,N/a,N/a,N/a,N/a,N/a,N/a,N/a,N/a,N/a,N/a,N/a,N/a,N/a,N/a,N/a,N/a,N/a,N/a,N/a,N/a,N/a,N/a,N/a,N/a,N/a,N/a,N/a,N/a,N/a,N/a,N/a,N/a,N/a,N/a,N/a,N/a,N/a,N/a,N/a,N/a,N/a,N/a,N/a,N/a,N/a,N/a,N/a,N/a,N/a,N/a,N/a,N/a,N/a,N/a,N/a,N/a,N/a,N/a,N/a,N/a,N/a,N/a,N/a,N/a,N/a,N/a,N/a,N/a,N/a,0,N/a,0,0,N/a,1,N/a,N/a,N/a,N/a,N/a,N/a,N/a,N/a,N/a,N/a,N/a,N/a,N/a,N/a,N/a,N/a,N/a,N/a,N/a,N/a,N/a,N/a,N/a,N/a
Yankuba Minteh,gm GAM,"FW,MF",20,32,20,1838,20.4,6,4,10,6,0,0,6,0,4.1,4.1,5.0,9.1,90,48,201,0.29,0.20,0.49,0.29,0.49,0.20,0.24,0.44,0.20,0.44,Matches,Brighton,N/a,N/a,N/a,N/a,N/a,N/a,N/a,N/a,N/a,N/a,N/a,N/a,N/a,N/a,N/a,N/a,N/a,N/a,N/a,N/a,N/a,N/a,N/a,N/a,N/a,N/a,N/a,N/a,N/a,N/a,N/a,N/a,N/a,N/a,N/a,N/a,N/a,N/a,N/a,N/a,N/a,N/a,N/a,gm GAM,"FW,MF",20.0,20.4,6.0,34.0,16.0,47.1,1.66,0.78,0.18,0.38,13.8,0.0,0.0,4.1,4.1,0.12,1.9,1.9,Matches,Brighton,348.0,557.0,62.5,5531.0,1843.0,200.0,257.0,77.8,107.0,172.0,62.2,31.0,67.0,46.3,4.0,5.0,5.0,-1.0,29.0,14.0,36.0,9.0,48.0,510.0,45.0,9.0,4.0,4.0,91.0,20.0,16.0,7.0,6.0,0.0,2.0,36.0,64.0,3.14,37.0,8.0,13.0,3.0,2.0,1.0,13.0,0.64,6.0,0.0,6.0,1.0,0.0,0.0,48.0,35.0,25.0,13.0,10.0,17.0,45.0,37.8,28.0,22.0,0.0,22.0,11.0,59.0,31.0,0.0,836.0,30.0,135.0,228.0,491.0,146.0,836.0,98.0,46.0,46.9,43.0,43.9,481.0,3573.0,2105.0,90.0,24.0,67.0,53.0,28.0,511.0,201.0,57,53.7,20,78,3,12,24,1,1.59,37,33,+4,+0.20,+0.03,34.5,27.6,+6.9,+0.34,+0.49,6.0,0.0,0.0,21.0,11.0,6.0,0.0,0.0,0.0,85.0,17.0,34.0,33.3
Yasin Ayari,se SWE,MF,20,34,22,1965,21.8,2,1,3,2,0,0,3,0,2.4,2.4,2.3,4.8,30,75,61,0.09,0.05,0.14,0.09,0.14,0.11,0.11,0.22,0.11,0.22,Matches,Brighton,N/a,N/a,N/a,N/a,N/a,N/a,N/a,N/a,N/a,N/a,N/a,N/a,N/a,N/a,N/a,N/a,N/a,N/a,N/a,N/a,N/a,N/a,N/a,N/a,N/a,N/a,N/a,N/a,N/a,N/a,N/a,N/a,N/a,N/a,N/a,N/a,N/a,N/a,N/a,N/a,N/a,N/a,N/a,se SWE,MF,20.0,21.8,2.0,28.0,8.0,28.6,1.28,0.37,0.07,0.25,18.7,2.0,0.0,2.4,2.4,0.09,-0.4,-0.4,Matches,Brighton,793.0,973.0,81.5,11915.0,3328.0,465.0,509.0,91.4,269.0,319.0,84.3,40.0,98.0,40.8,1.0,2.3,2.6,-1.3,30.0,55.0,18.0,4.0,75.0,880.0,92.0,34.0,10.0,1.0,69.0,3.0,37.0,27.0,6.0,1.0,1.0,14.0,61.0,2.79,36.0,13.0,3.0,3.0,4.0,2.0,6.0,0.27,4.0,2.0,0.0,0.0,0.0,0.0,59.0,32.0,15.0,31.0,13.0,26.0,56.0,46.4,30.0,24.0,6.0,18.0,20.0,79.0,26.0,0.0,1233.0,58.0,275.0,624.0,354.0,45.0,1233.0,45.0,18.0,40.0,18.0,40.0,655.0,3244.0,1466.0,30.0,25.0,6.0,38.0,22.0,801.0,61.0,58,57.5,22,78,8,12,22,2,1.68,31,28,+3,+0.14,-0.11,32.5,29.6,+2.9,+0.13,+0.05,3.0,0.0,0.0,37.0,26.0,3.0,0.0,1.0,0.0,118.0,16.0,20.0,44.4
N/a,N/a,N/a,N/a,N/a,Playing Time,Playing Time,Playing Time,Performance,Performance,Performance,Performance,Performance,Performance,Performance,Performance,Expected,Expected,Expected,Expected,Progression,Progression,Progression,Per 90 Minutes,Per 90 Minutes,Per 90 Minutes,Per 90 Minutes,Per 90 Minutes,Per 90 Minutes,Per 90 Minutes,Per 90 Minutes,Per 90 Minutes,Per 90 Minutes,N/a,Brighton,N/a,N/a,N/a,N/a,N/a,N/a,N/a,N/a,N/a,N/a,N/a,N/a,N/a,N/a,N/a,N/a,N/a,N/a,N/a,N/a,N/a,N/a,N/a,N/a,N/a,N/a,N/a,N/a,N/a,N/a,N/a,N/a,N/a,N/a,N/a,N/a,N/a,N/a,N/a,N/a,N/a,N/a,N/a,N/a,N/a,N/a,N/a,N/a,N/a,N/a,N/a,N/a,N/a,N/a,N/a,N/a,N/a,N/a,N/a,N/a,N/a,N/a,N/a,N/a,N/a,N/a,N/a,N/a,N/a,N/a,N/a,N/a,N/a,N/a,N/a,N/a,N/a,N/a,N/a,N/a,N/a,N/a,N/a,N/a,N/a,N/a,N/a,N/a,N/a,N/a,N/a,N/a,N/a,N/a,N/a,N/a,N/a,N/a,N/a,N/a,N/a,N/a,N/a,N/a,N/a,N/a,N/a,N/a,N/a,N/a,N/a,N/a,N/a,N/a,N/a,N/a,N/a,N/a,N/a,N/a,N/a,N/a,N/a,N/a,N/a,N/a,N/a,N/a,N/a,N/a,N/a,N/a,N/a,N/a,N/a,N/a,N/a,N/a,N/a,N/a,N/a,N/a,N/a,N/a,N/a,N/a,N/a,N/a,N/a,N/a,N/a,N/a,N/a,N/a,N/a,Playing Time,Playing Time,Starts,Starts,Starts,Subs,Subs,Subs,Team Success,Team Success,Team Success,Team Success,Team Success,Team Success,Team Success (xG),Team Success (xG),Team Success (xG),Team Success (xG),Team Success (xG),N/a,N/a,N/a,N/a,N/a,N/a,N/a,N/a,N/a,N/a,N/a,N/a,N/a
