Player,Unnamed: 1_level_0_Nation,Unnamed: 2_level_0_Pos,Unnamed: 3_level_0_Age,Playing Time_MP,Playing Time_Starts,Playing Time_Min,Playing Time_90s,Performance_Gls,Performance_Ast,Performance_G+A,Performance_G-PK,Performance_PK,Performance_PKatt,Performance_CrdY,Performance_CrdR,Expected_xG,Expected_npxG,Expected_xAG,Expected_npxG+xAG,Progression_PrgC,Progression_PrgP,Progression_PrgR,Per 90 Minutes_Gls,Per 90 Minutes_Ast,Per 90 Minutes_G+A,Per 90 Minutes_G-PK,Per 90 Minutes_G+A-PK,Per 90 Minutes_xG,Per 90 Minutes_xAG,Per 90 Minutes_xG+xAG,Per 90 Minutes_npxG,Per 90 Minutes_npxG+xAG,Unnamed: 33_level_0_Matches,Team,Unnamed: 1_level_0_Nation_stats_keeper_9,Unnamed: 2_level_0_Pos_stats_keeper_9,Unnamed: 3_level_0_Age_stats_keeper_9,Playing Time_MP_stats_keeper_9,Playing Time_Min_stats_keeper_9,Performance_GA,Performance_GA90,Performance_SoTA,Performance_Saves,Performance_Save%,Performance_W,Performance_D,Performance_L,Performance_CS,Performance_CS%,Penalty Kicks_PKatt,Penalty Kicks_PKA,Penalty Kicks_PKsv,Penalty Kicks_PKm,Penalty Kicks_Save%,Unnamed: 23_level_0_Matches,Team_stats_keeper_9,Goals_CK,Goals_OG,Expected_PSxG,Expected_PSxG/SoT,Expected_PSxG+/-,Expected_/90,Launched_Cmp,Launched_Att,Launched_Cmp%,Passes_Att (GK),Passes_Thr,Passes_Launch%,Passes_AvgLen,Goal Kicks_Att,Goal Kicks_Launch%,Goal Kicks_AvgLen,Crosses_Opp,Crosses_Stp,Crosses_Stp%,Sweeper_#OPA,Sweeper_#OPA/90,Sweeper_AvgDist,Unnamed: 1_level_0_Nation_stats_shooting_9,Unnamed: 2_level_0_Pos_stats_shooting_9,Unnamed: 3_level_0_Age_stats_shooting_9,Standard_Sh,Standard_SoT,Standard_SoT%,Standard_Sh/90,Standard_SoT/90,Standard_G/Sh,Standard_G/SoT,Standard_Dist,Standard_FK,Expected_npxG/Sh,Expected_G-xG,Expected_np:G-xG,Unnamed: 22_level_0_Matches,Team_stats_shooting_9,Total_Cmp,Total_Att,Total_Cmp%,Total_TotDist,Total_PrgDist,Short_Cmp,Short_Att,Short_Cmp%,Medium_Cmp,Medium_Att,Medium_Cmp%,Long_Cmp,Long_Att,Long_Cmp%,Expected_xA,Expected_A-xAG,Unnamed: 23_level_0_KP,Unnamed: 24_level_0_1/3,Unnamed: 25_level_0_PPA,Unnamed: 26_level_0_CrsPA,Pass Types_Live,Pass Types_Dead,Pass Types_FK,Pass Types_TB,Pass Types_Sw,Pass Types_Crs,Pass Types_TI,Pass Types_CK,Corner Kicks_In,Corner Kicks_Out,Corner Kicks_Str,Outcomes_Off,Outcomes_Blocks,SCA_SCA,SCA_SCA90,SCA Types_PassLive,SCA Types_PassDead,SCA Types_TO,SCA Types_Sh,SCA Types_Fld,SCA Types_Def,GCA_GCA,GCA_GCA90,GCA Types_PassLive,GCA Types_PassDead,GCA Types_TO,GCA Types_Sh,GCA Types_Fld,GCA Types_Def,Tackles_Tkl,Tackles_TklW,Tackles_Def 3rd,Tackles_Mid 3rd,Tackles_Att 3rd,Challenges_Tkl,Challenges_Att,Challenges_Tkl%,Challenges_Lost,Blocks_Blocks,Blocks_Sh,Blocks_Pass,Unnamed: 17_level_0_Int,Unnamed: 18_level_0_Tkl+Int,Unnamed: 19_level_0_Clr,Unnamed: 20_level_0_Err,Touches_Touches,Touches_Def Pen,Touches_Def 3rd,Touches_Mid 3rd,Touches_Att 3rd,Touches_Att Pen,Touches_Live,Take-Ons_Att,Take-Ons_Succ,Take-Ons_Succ%,Take-Ons_Tkld,Take-Ons_Tkld%,Carries_Carries,Carries_TotDist,Carries_PrgDist,Carries_1/3,Carries_CPA,Carries_Mis,Carries_Dis,Receiving_Rec,Playing Time_Mn/MP,Playing Time_Min%,Starts_Mn/Start,Starts_Compl,Subs_Subs,Subs_Mn/Sub,Subs_unSub,Team Success_PPM,Team Success_onG,Team Success_onGA,Team Success_+/-,Team Success_+/-90,Team Success_On-Off,Team Success (xG)_onxG,Team Success (xG)_onxGA,Team Success (xG)_xG+/-,Team Success (xG)_xG+/-90,Team Success (xG)_On-Off,Performance_2CrdY,Performance_Fls,Performance_Fld,Performance_Off,Performance_PKwon,Performance_PKcon,Performance_OG,Performance_Recov,Aerial Duels_Won,Aerial Duels_Lost,Aerial Duels_Won%
Adama Traoré,es ESP,"FW,MF",28.0,36,18,1772.0,19.7,2.0,7.0,9.0,2.0,0.0,0.0,3.0,0.0,4.0,4.0,4.9,8.9,100.0,68.0,161.0,0.1,0.36,0.46,0.1,0.46,0.2,0.25,0.45,0.2,0.45,Matches,Fulham,N/a,N/a,N/a,N/a,N/a,N/a,N/a,N/a,N/a,N/a,N/a,N/a,N/a,N/a,N/a,N/a,N/a,N/a,N/a,N/a,N/a,N/a,N/a,N/a,N/a,N/a,N/a,N/a,N/a,N/a,N/a,N/a,N/a,N/a,N/a,N/a,N/a,N/a,N/a,N/a,N/a,N/a,N/a,N/a,es ESP,"FW,MF",28.0,39.0,12.0,30.8,1.98,0.61,0.05,0.17,14.2,0.0,0.1,-2.0,-2.0,Matches,Fulham,424.0,587.0,72.2,6645.0,1683.0,236.0,286.0,82.5,143.0,194.0,73.7,30.0,54.0,55.6,4.5,2.1,42.0,36.0,38.0,22.0,584.0,1.0,0.0,6.0,2.0,100.0,1.0,0.0,0.0,0.0,0.0,2.0,19.0,82.0,4.16,66.0,0.0,9.0,4.0,1.0,2.0,10.0,0.51,9.0,0.0,1.0,0.0,0.0,0.0,20.0,13.0,9.0,6.0,5.0,5.0,13.0,38.5,8.0,7.0,0.0,7.0,1.0,21.0,6.0,4.0,801.0,4.0,83.0,285.0,455.0,91.0,801.0,97.0,48.0,49.5,36.0,37.1,538.0,4631.0,2486.0,45.0,33.0,37.0,25.0,607.0,49.0,51.8,76.0,4,18,23.0,1,1.47,32.0,28.0,4.0,0.2,0.42,27.9,24.6,3.3,0.17,0.25,0.0,24.0,32.0,1.0,0.0,0.0,0.0,87.0,25.0,26.0,49.0
Alex Iwobi,ng NGA,"FW,MF",28.0,38,35,2981.0,33.1,9.0,6.0,15.0,9.0,0.0,0.0,1.0,0.0,4.7,4.7,7.0,11.8,144.0,213.0,246.0,0.27,0.18,0.45,0.27,0.45,0.14,0.21,0.36,0.14,0.36,Matches,Fulham,N/a,N/a,N/a,N/a,N/a,N/a,N/a,N/a,N/a,N/a,N/a,N/a,N/a,N/a,N/a,N/a,N/a,N/a,N/a,N/a,N/a,N/a,N/a,N/a,N/a,N/a,N/a,N/a,N/a,N/a,N/a,N/a,N/a,N/a,N/a,N/a,N/a,N/a,N/a,N/a,N/a,N/a,N/a,N/a,ng NGA,"FW,MF",28.0,68.0,29.0,42.6,2.05,0.88,0.13,0.31,18.3,0.0,0.07,4.3,4.3,Matches,Fulham,1150.0,1532.0,75.1,19530.0,5723.0,582.0,671.0,86.7,448.0,574.0,78.0,98.0,184.0,53.3,7.0,-1.0,59.0,115.0,86.0,19.0,1487.0,39.0,7.0,15.0,21.0,126.0,24.0,2.0,0.0,1.0,0.0,6.0,52.0,122.0,3.68,106.0,0.0,8.0,6.0,2.0,0.0,16.0,0.48,13.0,0.0,2.0,1.0,0.0,0.0,44.0,25.0,14.0,21.0,9.0,22.0,34.0,64.7,12.0,26.0,1.0,25.0,14.0,58.0,29.0,1.0,1861.0,33.0,244.0,748.0,895.0,116.0,1861.0,97.0,48.0,49.5,42.0,43.3,1312.0,8012.0,4367.0,105.0,37.0,62.0,40.0,1447.0,78.0,87.2,83.0,14,3,26.0,0,1.42,40.0,45.0,-5.0,-0.15,-1.18,39.3,37.5,1.8,0.05,0.04,0.0,19.0,18.0,5.0,0.0,0.0,0.0,140.0,7.0,31.0,18.4
Andreas Pereira,br BRA,MF,28.0,33,25,2013.0,22.4,2.0,4.0,6.0,2.0,0.0,1.0,7.0,0.0,3.8,3.0,4.6,7.6,29.0,104.0,81.0,0.09,0.18,0.27,0.09,0.27,0.17,0.21,0.38,0.14,0.34,Matches,Fulham,N/a,N/a,N/a,N/a,N/a,N/a,N/a,N/a,N/a,N/a,N/a,N/a,N/a,N/a,N/a,N/a,N/a,N/a,N/a,N/a,N/a,N/a,N/a,N/a,N/a,N/a,N/a,N/a,N/a,N/a,N/a,N/a,N/a,N/a,N/a,N/a,N/a,N/a,N/a,N/a,N/a,N/a,N/a,N/a,br BRA,MF,28.0,38.0,8.0,21.1,1.7,0.36,0.05,0.25,21.8,6.0,0.08,-1.8,-1.0,Matches,Fulham,670.0,970.0,69.1,12139.0,3902.0,310.0,371.0,83.6,258.0,326.0,79.1,89.0,218.0,40.8,4.6,-0.6,57.0,67.0,19.0,4.0,761.0,205.0,50.0,5.0,8.0,171.0,9.0,109.0,53.0,47.0,0.0,4.0,26.0,104.0,4.65,54.0,41.0,0.0,4.0,4.0,1.0,8.0,0.36,4.0,2.0,0.0,0.0,2.0,0.0,24.0,13.0,8.0,11.0,5.0,10.0,42.0,23.8,32.0,17.0,2.0,15.0,8.0,32.0,17.0,3.0,1148.0,22.0,169.0,466.0,531.0,46.0,1147.0,30.0,14.0,46.7,8.0,26.7,578.0,2764.0,1341.0,38.0,9.0,29.0,22.0,676.0,61.0,58.9,74.0,3,8,22.0,2,1.39,31.0,32.0,-1.0,-0.04,-0.11,29.3,27.1,2.2,0.1,0.13,0.0,28.0,24.0,1.0,1.0,0.0,0.0,100.0,13.0,23.0,36.1
Antonee Robinson,us USA,DF,26.0,36,35,3167.0,35.2,0.0,10.0,10.0,0.0,0.0,0.0,8.0,0.0,0.7,0.7,4.2,4.9,118.0,131.0,274.0,0.0,0.28,0.28,0.0,0.28,0.02,0.12,0.14,0.02,0.14,Matches,Fulham,N/a,N/a,N/a,N/a,N/a,N/a,N/a,N/a,N/a,N/a,N/a,N/a,N/a,N/a,N/a,N/a,N/a,N/a,N/a,N/a,N/a,N/a,N/a,N/a,N/a,N/a,N/a,N/a,N/a,N/a,N/a,N/a,N/a,N/a,N/a,N/a,N/a,N/a,N/a,N/a,N/a,N/a,N/a,N/a,us USA,DF,26.0,16.0,2.0,12.5,0.45,0.06,0.0,0.0,22.1,0.0,0.04,-0.7,-0.7,Matches,Fulham,1595.0,2076.0,76.8,27385.0,10017.0,763.0,881.0,86.6,678.0,853.0,79.5,134.0,239.0,56.1,4.1,5.8,43.0,115.0,56.0,29.0,1781.0,289.0,17.0,1.0,5.0,170.0,272.0,0.0,0.0,0.0,0.0,6.0,47.0,80.0,2.27,74.0,1.0,2.0,2.0,0.0,1.0,11.0,0.31,11.0,0.0,0.0,0.0,0.0,0.0,95.0,61.0,57.0,31.0,7.0,45.0,95.0,47.4,50.0,43.0,9.0,34.0,62.0,157.0,133.0,2.0,2523.0,139.0,828.0,942.0,788.0,70.0,2523.0,83.0,38.0,45.8,34.0,41.0,1343.0,7361.0,4230.0,61.0,30.0,44.0,20.0,1509.0,88.0,92.6,90.0,34,1,19.0,0,1.42,49.0,49.0,0.0,0.0,0.0,44.8,44.3,0.4,0.01,-0.48,0.0,31.0,20.0,7.0,0.0,0.0,0.0,157.0,50.0,26.0,65.8
Bernd Leno,de GER,GK,32.0,38,38,3420.0,38.0,0.0,1.0,1.0,0.0,0.0,0.0,5.0,0.0,0.0,0.0,0.1,0.1,0.0,0.0,0.0,0.0,0.03,0.03,0.0,0.03,0.0,0.0,0.0,0.0,0.0,Matches,Fulham,de GER,GK,32.0,38.0,3420.0,54.0,1.42,159.0,106.0,67.9,15.0,9.0,14.0,5.0,13.2,4.0,3.0,1.0,0.0,25.0,Matches,Fulham,6.0,2.0,48.9,0.29,-3.1,-0.08,141.0,367.0,38.4,1231.0,167.0,22.7,28.9,172.0,51.2,41.9,507.0,23.0,4.5,33.0,0.87,13.3,de GER,GK,32.0,0.0,0.0,N/a,0.0,0.0,N/a,N/a,N/a,0.0,N/a,0.0,0.0,Matches,Fulham,1149.0,1404.0,81.8,28206.0,16978.0,227.0,228.0,99.6,683.0,691.0,98.8,227.0,471.0,48.2,0.1,0.9,2.0,16.0,2.0,0.0,1160.0,243.0,71.0,0.0,0.0,0.0,0.0,0.0,0.0,0.0,0.0,1.0,1.0,6.0,0.16,6.0,0.0,0.0,0.0,0.0,0.0,2.0,0.05,2.0,0.0,0.0,0.0,0.0,0.0,2.0,2.0,2.0,0.0,0.0,2.0,2.0,100.0,0.0,1.0,0.0,1.0,0.0,2.0,11.0,5.0,1479.0,1190.0,1466.0,13.0,0.0,0.0,1479.0,0.0,0.0,N/a,0.0,N/a,955.0,3956.0,2233.0,0.0,0.0,0.0,0.0,862.0,90.0,100.0,90.0,38,0,N/a,0,1.42,54.0,54.0,0.0,0.0,N/a,49.0,47.2,1.8,0.05,N/a,0.0,0.0,4.0,0.0,0.0,0.0,0.0,50.0,9.0,1.0,90.0
Calvin Bassey,ng NGA,DF,24.0,35,34,3074.0,34.2,1.0,0.0,1.0,1.0,0.0,0.0,7.0,0.0,1.0,1.0,0.1,1.2,39.0,116.0,15.0,0.03,0.0,0.03,0.03,0.03,0.03,0.0,0.03,0.03,0.03,Matches,Fulham,N/a,N/a,N/a,N/a,N/a,N/a,N/a,N/a,N/a,N/a,N/a,N/a,N/a,N/a,N/a,N/a,N/a,N/a,N/a,N/a,N/a,N/a,N/a,N/a,N/a,N/a,N/a,N/a,N/a,N/a,N/a,N/a,N/a,N/a,N/a,N/a,N/a,N/a,N/a,N/a,N/a,N/a,N/a,N/a,ng NGA,DF,24.0,14.0,4.0,28.6,0.41,0.12,0.07,0.25,15.3,0.0,0.07,0.0,0.0,Matches,Fulham,1934.0,2155.0,89.7,34171.0,11961.0,821.0,862.0,95.2,941.0,1003.0,93.8,140.0,228.0,61.4,0.4,-0.1,3.0,152.0,3.0,0.0,2025.0,128.0,48.0,0.0,10.0,8.0,8.0,0.0,0.0,0.0,0.0,2.0,17.0,23.0,0.67,19.0,1.0,2.0,0.0,0.0,1.0,3.0,0.09,2.0,0.0,0.0,0.0,0.0,1.0,54.0,34.0,35.0,19.0,0.0,22.0,31.0,71.0,9.0,40.0,17.0,23.0,20.0,74.0,118.0,8.0,2463.0,324.0,1205.0,1151.0,132.0,19.0,2463.0,33.0,15.0,45.5,11.0,33.3,1571.0,8212.0,4940.0,20.0,5.0,34.0,8.0,1716.0,88.0,89.9,90.0,34,1,14.0,2,1.51,49.0,47.0,2.0,0.06,0.58,44.5,38.9,5.7,0.17,1.16,0.0,26.0,32.0,2.0,0.0,0.0,0.0,168.0,43.0,33.0,56.6
Carlos Vinícius,br BRA,"MF,FW",29.0,3,0,16.0,0.2,0.0,0.0,0.0,0.0,0.0,0.0,0.0,0.0,0.0,0.0,0.0,0.0,1.0,0.0,3.0,0.0,0.0,0.0,0.0,0.0,0.21,0.0,0.21,0.21,0.21,Matches,Fulham,N/a,N/a,N/a,N/a,N/a,N/a,N/a,N/a,N/a,N/a,N/a,N/a,N/a,N/a,N/a,N/a,N/a,N/a,N/a,N/a,N/a,N/a,N/a,N/a,N/a,N/a,N/a,N/a,N/a,N/a,N/a,N/a,N/a,N/a,N/a,N/a,N/a,N/a,N/a,N/a,N/a,N/a,N/a,N/a,br BRA,"MF,FW",29.0,1.0,1.0,100.0,5.63,5.63,0.0,0.0,17.4,0.0,0.04,0.0,0.0,Matches,Fulham,1.0,3.0,33.3,14.0,0.0,1.0,2.0,50.0,0.0,0.0,N/a,0.0,0.0,N/a,0.0,0.0,0.0,0.0,0.0,0.0,3.0,0.0,0.0,0.0,0.0,0.0,0.0,0.0,0.0,0.0,0.0,0.0,1.0,2.0,11.25,0.0,0.0,1.0,0.0,1.0,0.0,0.0,0.0,0.0,0.0,0.0,0.0,0.0,0.0,0.0,0.0,0.0,0.0,0.0,0.0,1.0,0.0,1.0,1.0,0.0,1.0,0.0,0.0,0.0,0.0,7.0,0.0,1.0,3.0,3.0,2.0,7.0,1.0,1.0,100.0,0.0,0.0,7.0,24.0,11.0,0.0,1.0,1.0,0.0,6.0,5.0,0.5,N/a,0,3,5.0,8,1.33,1.0,1.0,0.0,0.0,0.0,0.7,0.1,0.6,3.37,3.34,0.0,0.0,2.0,0.0,0.0,0.0,0.0,0.0,0.0,0.0,N/a
Emile Smith Rowe,eng ENG,MF,24.0,34,25,2043.0,22.7,6.0,3.0,9.0,6.0,0.0,0.0,3.0,0.0,4.5,4.5,1.4,6.0,53.0,126.0,127.0,0.26,0.13,0.4,0.26,0.4,0.2,0.06,0.26,0.2,0.26,Matches,Fulham,N/a,N/a,N/a,N/a,N/a,N/a,N/a,N/a,N/a,N/a,N/a,N/a,N/a,N/a,N/a,N/a,N/a,N/a,N/a,N/a,N/a,N/a,N/a,N/a,N/a,N/a,N/a,N/a,N/a,N/a,N/a,N/a,N/a,N/a,N/a,N/a,N/a,N/a,N/a,N/a,N/a,N/a,N/a,N/a,eng ENG,MF,24.0,37.0,11.0,29.7,1.63,0.48,0.16,0.55,16.0,0.0,0.12,1.5,1.5,Matches,Fulham,922.0,1023.0,90.1,13141.0,2429.0,548.0,592.0,92.6,330.0,348.0,94.8,21.0,29.0,72.4,2.0,1.6,24.0,80.0,15.0,1.0,985.0,35.0,6.0,2.0,2.0,16.0,3.0,1.0,0.0,0.0,0.0,3.0,18.0,73.0,3.22,57.0,0.0,3.0,8.0,2.0,3.0,12.0,0.53,10.0,0.0,1.0,0.0,0.0,1.0,31.0,18.0,7.0,14.0,10.0,8.0,24.0,33.3,16.0,22.0,2.0,20.0,11.0,42.0,16.0,0.0,1223.0,20.0,166.0,591.0,476.0,60.0,1223.0,35.0,16.0,45.7,16.0,45.7,779.0,3728.0,1932.0,40.0,12.0,36.0,18.0,940.0,60.0,59.7,73.0,0,9,24.0,0,1.38,29.0,28.0,1.0,0.04,0.11,29.5,25.0,4.5,0.2,0.38,0.0,19.0,14.0,4.0,0.0,0.0,0.0,75.0,6.0,20.0,23.1
Harrison Reed,eng ENG,MF,29.0,12,0,108.0,1.2,0.0,0.0,0.0,0.0,0.0,0.0,2.0,0.0,0.2,0.2,0.1,0.3,1.0,4.0,7.0,0.0,0.0,0.0,0.0,0.0,0.21,0.07,0.27,0.21,0.27,Matches,Fulham,N/a,N/a,N/a,N/a,N/a,N/a,N/a,N/a,N/a,N/a,N/a,N/a,N/a,N/a,N/a,N/a,N/a,N/a,N/a,N/a,N/a,N/a,N/a,N/a,N/a,N/a,N/a,N/a,N/a,N/a,N/a,N/a,N/a,N/a,N/a,N/a,N/a,N/a,N/a,N/a,N/a,N/a,N/a,N/a,eng ENG,MF,29.0,3.0,2.0,66.7,2.5,1.67,0.0,0.0,21.7,0.0,0.08,-0.2,-0.2,Matches,Fulham,39.0,55.0,70.9,550.0,138.0,21.0,24.0,87.5,13.0,17.0,76.5,2.0,5.0,40.0,0.1,-0.1,1.0,1.0,1.0,0.0,46.0,8.0,5.0,0.0,0.0,6.0,0.0,1.0,0.0,1.0,0.0,1.0,3.0,1.0,0.89,0.0,1.0,0.0,0.0,0.0,0.0,0.0,0.0,0.0,0.0,0.0,0.0,0.0,0.0,6.0,3.0,3.0,2.0,1.0,1.0,3.0,33.3,2.0,1.0,0.0,1.0,1.0,7.0,3.0,0.0,78.0,2.0,11.0,28.0,40.0,5.0,78.0,2.0,0.0,0.0,1.0,50.0,31.0,95.0,27.0,1.0,0.0,2.0,2.0,38.0,9.0,3.2,N/a,0,12,9.0,14,1.75,1.0,3.0,-2.0,-1.67,-1.72,1.3,4.6,-3.3,-2.96,-3.1,0.0,6.0,2.0,0.0,0.0,1.0,0.0,10.0,1.0,2.0,33.3
Harry Wilson,wls WAL,"FW,MF",27.0,25,12,1162.0,12.9,6.0,1.0,7.0,6.0,0.0,0.0,2.0,0.0,4.2,4.2,1.1,5.3,22.0,51.0,96.0,0.46,0.08,0.54,0.46,0.54,0.33,0.09,0.41,0.33,0.41,Matches,Fulham,N/a,N/a,N/a,N/a,N/a,N/a,N/a,N/a,N/a,N/a,N/a,N/a,N/a,N/a,N/a,N/a,N/a,N/a,N/a,N/a,N/a,N/a,N/a,N/a,N/a,N/a,N/a,N/a,N/a,N/a,N/a,N/a,N/a,N/a,N/a,N/a,N/a,N/a,N/a,N/a,N/a,N/a,N/a,N/a,wls WAL,"FW,MF",27.0,43.0,17.0,39.5,3.33,1.32,0.14,0.35,18.0,1.0,0.1,1.8,1.8,Matches,Fulham,326.0,445.0,73.3,5413.0,1378.0,171.0,200.0,85.5,121.0,156.0,77.6,29.0,71.0,40.8,1.2,-0.1,20.0,26.0,15.0,1.0,393.0,51.0,16.0,1.0,5.0,41.0,4.0,27.0,14.0,6.0,1.0,1.0,6.0,44.0,3.41,30.0,6.0,0.0,5.0,2.0,1.0,3.0,0.23,2.0,0.0,0.0,0.0,1.0,0.0,20.0,14.0,13.0,3.0,4.0,12.0,18.0,66.7,6.0,15.0,1.0,14.0,7.0,27.0,10.0,1.0,598.0,11.0,81.0,203.0,324.0,63.0,598.0,24.0,9.0,37.5,10.0,41.7,342.0,1879.0,864.0,18.0,11.0,19.0,6.0,390.0,46.0,34.0,77.0,1,13,18.0,3,1.28,23.0,21.0,2.0,0.15,0.23,16.6,16.7,-0.1,-0.01,-0.09,0.0,12.0,22.0,1.0,1.0,0.0,0.0,55.0,5.0,20.0,20.0
Issa Diop,fr FRA,DF,27.0,21,15,1339.0,14.9,0.0,0.0,0.0,0.0,0.0,0.0,2.0,0.0,0.5,0.5,0.1,0.6,6.0,25.0,3.0,0.0,0.0,0.0,0.0,0.0,0.04,0.01,0.04,0.04,0.04,Matches,Fulham,N/a,N/a,N/a,N/a,N/a,N/a,N/a,N/a,N/a,N/a,N/a,N/a,N/a,N/a,N/a,N/a,N/a,N/a,N/a,N/a,N/a,N/a,N/a,N/a,N/a,N/a,N/a,N/a,N/a,N/a,N/a,N/a,N/a,N/a,N/a,N/a,N/a,N/a,N/a,N/a,N/a,N/a,N/a,N/a,fr FRA,DF,27.0,5.0,2.0,40.0,0.34,0.13,0.0,0.0,10.7,0.0,0.11,-0.5,-0.5,Matches,Fulham,663.0,758.0,87.5,12350.0,4179.0,233.0,252.0,92.5,379.0,408.0,92.9,46.0,87.0,52.9,0.1,-0.1,3.0,43.0,1.0,0.0,733.0,25.0,21.0,0.0,1.0,1.0,2.0,0.0,0.0,0.0,0.0,0.0,2.0,6.0,0.4,5.0,0.0,0.0,1.0,0.0,0.0,0.0,0.0,0.0,0.0,0.0,0.0,0.0,0.0,26.0,12.0,18.0,8.0,0.0,13.0,18.0,72.2,5.0,10.0,7.0,3.0,9.0,35.0,72.0,2.0,903.0,125.0,498.0,381.0,26.0,13.0,903.0,2.0,1.0,50.0,1.0,50.0,533.0,2426.0,1216.0,2.0,0.0,9.0,2.0,617.0,64.0,39.2,86.0,13,6,8.0,9,1.52,19.0,19.0,0.0,0.0,0.0,16.1,19.6,-3.5,-0.23,-0.46,0.0,10.0,4.0,0.0,0.0,0.0,1.0,45.0,20.0,12.0,62.5
Jay Stansfield,eng ENG,MF,21.0,1,0,1.0,0.0,0.0,0.0,0.0,0.0,0.0,0.0,0.0,0.0,0.0,0.0,0.0,0.0,0.0,0.0,0.0,0.0,0.0,0.0,0.0,0.0,0.0,0.0,0.0,0.0,0.0,Matches,Fulham,N/a,N/a,N/a,N/a,N/a,N/a,N/a,N/a,N/a,N/a,N/a,N/a,N/a,N/a,N/a,N/a,N/a,N/a,N/a,N/a,N/a,N/a,N/a,N/a,N/a,N/a,N/a,N/a,N/a,N/a,N/a,N/a,N/a,N/a,N/a,N/a,N/a,N/a,N/a,N/a,N/a,N/a,N/a,N/a,eng ENG,MF,21.0,0.0,0.0,N/a,0.0,0.0,N/a,N/a,N/a,0.0,N/a,0.0,0.0,Matches,Fulham,0.0,0.0,N/a,0.0,0.0,0.0,0.0,N/a,0.0,0.0,N/a,0.0,0.0,N/a,0.0,0.0,0.0,0.0,0.0,0.0,0.0,0.0,0.0,0.0,0.0,0.0,0.0,0.0,0.0,0.0,0.0,0.0,0.0,0.0,0.0,0.0,0.0,0.0,0.0,0.0,0.0,0.0,0.0,0.0,0.0,0.0,0.0,0.0,0.0,0.0,0.0,0.0,0.0,0.0,0.0,0.0,N/a,0.0,0.0,0.0,0.0,0.0,0.0,0.0,0.0,0.0,0.0,0.0,0.0,0.0,0.0,0.0,0.0,0.0,N/a,0.0,N/a,0.0,0.0,0.0,0.0,0.0,0.0,0.0,0.0,1.0,0.0,N/a,0,1,1.0,1,0.0,0.0,0.0,0.0,0.0,0.0,0.0,0.7,-0.7,-59.86,-59.93,0.0,1.0,0.0,0.0,0.0,0.0,0.0,0.0,0.0,0.0,N/a
Joachim Andersen,dk DEN,DF,28.0,29,29,2583.0,28.7,0.0,0.0,0.0,0.0,0.0,0.0,6.0,1.0,1.0,1.0,0.5,1.5,16.0,112.0,2.0,0.0,0.0,0.0,0.0,0.0,0.04,0.02,0.05,0.04,0.05,Matches,Fulham,N/a,N/a,N/a,N/a,N/a,N/a,N/a,N/a,N/a,N/a,N/a,N/a,N/a,N/a,N/a,N/a,N/a,N/a,N/a,N/a,N/a,N/a,N/a,N/a,N/a,N/a,N/a,N/a,N/a,N/a,N/a,N/a,N/a,N/a,N/a,N/a,N/a,N/a,N/a,N/a,N/a,N/a,N/a,N/a,dk DEN,DF,28.0,19.0,4.0,21.1,0.66,0.14,0.0,0.0,15.1,0.0,0.05,-1.0,-1.0,Matches,Fulham,1654.0,2000.0,82.7,36471.0,14436.0,456.0,497.0,91.8,918.0,985.0,93.2,269.0,487.0,55.2,0.5,-0.5,4.0,196.0,6.0,3.0,1891.0,102.0,81.0,0.0,35.0,12.0,9.0,0.0,0.0,0.0,0.0,7.0,8.0,35.0,1.23,27.0,1.0,0.0,7.0,0.0,0.0,2.0,0.07,1.0,1.0,0.0,0.0,0.0,0.0,27.0,18.0,20.0,6.0,1.0,15.0,24.0,62.5,9.0,37.0,28.0,9.0,34.0,61.0,188.0,1.0,2336.0,340.0,1233.0,1013.0,102.0,22.0,2336.0,6.0,4.0,66.7,0.0,0.0,1350.0,6505.0,3435.0,14.0,1.0,6.0,3.0,1621.0,89.0,75.5,89.0,28,0,N/a,2,1.45,43.0,42.0,1.0,0.03,0.14,39.5,35.8,3.7,0.13,0.33,0.0,18.0,19.0,0.0,0.0,1.0,1.0,122.0,70.0,39.0,64.2
Jorge Cuenca,es ESP,DF,24.0,8,4,351.0,3.9,0.0,0.0,0.0,0.0,0.0,0.0,0.0,0.0,0.0,0.0,0.0,0.0,0.0,10.0,0.0,0.0,0.0,0.0,0.0,0.0,0.01,0.0,0.01,0.01,0.01,Matches,Fulham,N/a,N/a,N/a,N/a,N/a,N/a,N/a,N/a,N/a,N/a,N/a,N/a,N/a,N/a,N/a,N/a,N/a,N/a,N/a,N/a,N/a,N/a,N/a,N/a,N/a,N/a,N/a,N/a,N/a,N/a,N/a,N/a,N/a,N/a,N/a,N/a,N/a,N/a,N/a,N/a,N/a,N/a,N/a,N/a,es ESP,DF,24.0,1.0,0.0,0.0,0.26,0.0,0.0,N/a,13.1,0.0,0.02,0.0,0.0,Matches,Fulham,145.0,173.0,83.8,2483.0,858.0,51.0,56.0,91.1,83.0,93.0,89.2,7.0,20.0,35.0,0.0,0.0,0.0,7.0,0.0,0.0,160.0,13.0,4.0,0.0,0.0,1.0,2.0,0.0,0.0,0.0,0.0,0.0,0.0,1.0,0.26,1.0,0.0,0.0,0.0,0.0,0.0,0.0,0.0,0.0,0.0,0.0,0.0,0.0,0.0,6.0,2.0,5.0,1.0,0.0,3.0,8.0,37.5,5.0,4.0,4.0,0.0,2.0,8.0,26.0,0.0,214.0,38.0,134.0,74.0,7.0,1.0,214.0,2.0,2.0,100.0,0.0,0.0,89.0,302.0,140.0,1.0,0.0,2.0,0.0,133.0,44.0,10.3,87.0,3,4,1.0,18,1.5,5.0,8.0,-3.0,-0.77,-0.86,4.6,8.8,-4.2,-1.08,-1.26,0.0,2.0,2.0,0.0,0.0,0.0,0.0,10.0,6.0,3.0,66.7
Joshua King,eng ENG,MF,17.0,8,1,130.0,1.4,0.0,0.0,0.0,0.0,0.0,0.0,0.0,0.0,0.3,0.3,0.4,0.7,3.0,9.0,16.0,0.0,0.0,0.0,0.0,0.0,0.22,0.3,0.51,0.22,0.51,Matches,Fulham,N/a,N/a,N/a,N/a,N/a,N/a,N/a,N/a,N/a,N/a,N/a,N/a,N/a,N/a,N/a,N/a,N/a,N/a,N/a,N/a,N/a,N/a,N/a,N/a,N/a,N/a,N/a,N/a,N/a,N/a,N/a,N/a,N/a,N/a,N/a,N/a,N/a,N/a,N/a,N/a,N/a,N/a,N/a,N/a,eng ENG,MF,17.0,3.0,0.0,0.0,2.08,0.0,0.0,N/a,9.0,0.0,0.11,-0.3,-0.3,Matches,Fulham,54.0,64.0,84.4,928.0,172.0,29.0,32.0,90.6,21.0,24.0,87.5,3.0,4.0,75.0,0.7,-0.4,3.0,5.0,2.0,0.0,63.0,1.0,0.0,0.0,1.0,2.0,0.0,0.0,0.0,0.0,0.0,0.0,3.0,8.0,5.54,6.0,0.0,1.0,1.0,0.0,0.0,2.0,1.38,2.0,0.0,0.0,0.0,0.0,0.0,7.0,5.0,3.0,4.0,0.0,0.0,3.0,0.0,3.0,3.0,0.0,3.0,1.0,8.0,1.0,0.0,87.0,2.0,12.0,31.0,46.0,10.0,87.0,8.0,4.0,50.0,4.0,50.0,44.0,335.0,138.0,4.0,0.0,1.0,6.0,60.0,16.0,3.8,61.0,0,7,10.0,15,1.38,3.0,0.0,3.0,2.08,2.16,1.8,0.7,1.0,0.72,0.69,0.0,3.0,2.0,0.0,0.0,0.0,0.0,5.0,1.0,2.0,33.3
Kenny Tete,nl NED,DF,28.0,22,21,1774.0,19.7,0.0,2.0,2.0,0.0,0.0,0.0,5.0,0.0,1.4,1.4,0.9,2.3,34.0,63.0,54.0,0.0,0.1,0.1,0.0,0.1,0.07,0.05,0.12,0.07,0.12,Matches,Fulham,N/a,N/a,N/a,N/a,N/a,N/a,N/a,N/a,N/a,N/a,N/a,N/a,N/a,N/a,N/a,N/a,N/a,N/a,N/a,N/a,N/a,N/a,N/a,N/a,N/a,N/a,N/a,N/a,N/a,N/a,N/a,N/a,N/a,N/a,N/a,N/a,N/a,N/a,N/a,N/a,N/a,N/a,N/a,N/a,nl NED,DF,28.0,24.0,2.0,8.3,1.22,0.1,0.0,0.0,15.5,0.0,0.06,-1.4,-1.4,Matches,Fulham,772.0,956.0,80.8,12358.0,4026.0,405.0,443.0,91.4,285.0,353.0,80.7,61.0,108.0,56.5,0.7,1.1,9.0,65.0,13.0,6.0,799.0,153.0,6.0,1.0,2.0,38.0,147.0,0.0,0.0,0.0,0.0,4.0,23.0,36.0,1.83,28.0,0.0,2.0,3.0,2.0,1.0,4.0,0.2,4.0,0.0,0.0,0.0,0.0,0.0,56.0,38.0,29.0,14.0,13.0,23.0,38.0,60.5,15.0,31.0,12.0,19.0,32.0,88.0,67.0,0.0,1205.0,79.0,402.0,484.0,329.0,37.0,1205.0,20.0,9.0,45.0,6.0,30.0,611.0,2851.0,1336.0,21.0,7.0,17.0,10.0,695.0,81.0,51.9,84.0,15,1,9.0,2,1.36,24.0,26.0,-2.0,-0.1,-0.21,25.7,25.1,0.6,0.03,-0.04,0.0,35.0,16.0,1.0,0.0,0.0,0.0,74.0,24.0,22.0,52.2
Martial Godo,eng ENG,"FW,DF",21.0,2,0,24.0,0.3,0.0,0.0,0.0,0.0,0.0,0.0,0.0,0.0,0.0,0.0,0.1,0.1,2.0,3.0,6.0,0.0,0.0,0.0,0.0,0.0,0.0,0.21,0.21,0.0,0.21,Matches,Fulham,N/a,N/a,N/a,N/a,N/a,N/a,N/a,N/a,N/a,N/a,N/a,N/a,N/a,N/a,N/a,N/a,N/a,N/a,N/a,N/a,N/a,N/a,N/a,N/a,N/a,N/a,N/a,N/a,N/a,N/a,N/a,N/a,N/a,N/a,N/a,N/a,N/a,N/a,N/a,N/a,N/a,N/a,N/a,N/a,eng ENG,"FW,DF",21.0,0.0,0.0,N/a,0.0,0.0,N/a,N/a,N/a,0.0,N/a,0.0,0.0,Matches,Fulham,12.0,17.0,70.6,214.0,53.0,6.0,8.0,75.0,5.0,5.0,100.0,1.0,2.0,50.0,0.1,-0.1,1.0,0.0,3.0,0.0,15.0,2.0,0.0,0.0,0.0,1.0,2.0,0.0,0.0,0.0,0.0,0.0,2.0,1.0,3.91,1.0,0.0,0.0,0.0,0.0,0.0,0.0,0.0,0.0,0.0,0.0,0.0,0.0,0.0,0.0,0.0,0.0,0.0,0.0,0.0,0.0,N/a,0.0,1.0,0.0,1.0,1.0,1.0,0.0,0.0,25.0,0.0,1.0,7.0,17.0,7.0,25.0,4.0,1.0,25.0,3.0,75.0,18.0,155.0,87.0,0.0,2.0,0.0,0.0,15.0,12.0,0.7,N/a,0,2,12.0,7,0.5,0.0,0.0,0.0,0.0,0.0,0.3,0.1,0.1,0.48,0.44,0.0,1.0,0.0,0.0,0.0,0.0,0.0,1.0,0.0,1.0,0.0
Opponent Total,N/a,N/a,26.3,38,418,3420.0,38.0,52.0,40.0,92.0,49.0,3.0,4.0,67.0,3.0,47.2,44.1,34.4,78.5,654.0,1396.0,1384.0,1.37,1.05,2.42,1.29,2.34,1.24,0.91,2.15,1.16,2.06,N/a,Fulham,N/a,N/a,26.3,38.0,3420.0,54.0,1.42,171.0,117.0,70.2,14.0,9.0,15.0,7.0,18.4,4.0,3.0,1.0,0.0,25.0,N/a,Fulham,3.0,1.0,55.3,0.31,2.3,0.06,140.0,480.0,29.2,1017.0,166.0,35.0,34.2,296.0,41.9,35.6,661.0,33.0,5.0,48.0,1.26,14.6,N/a,N/a,26.3,429.0,155.0,36.1,11.29,4.08,0.11,0.32,16.2,17.0,0.11,4.8,4.9,N/a,Fulham,14692.0,18069.0,81.3,250460.0,87331.0,6948.0,7706.0,90.2,6126.0,7060.0,86.8,1212.0,2371.0,51.1,30.0,5.6,304.0,1144.0,279.0,65.0,16368.0,1618.0,445.0,75.0,96.0,632.0,613.0,172.0,122.0,26.0,3.0,83.0,310.0,756.0,19.89,519.0,76.0,55.0,41.0,56.0,9.0,90.0,2.37,64.0,7.0,5.0,7.0,5.0,2.0,535.0,306.0,237.0,226.0,72.0,254.0,542.0,46.9,288.0,423.0,148.0,275.0,336.0,871.0,995.0,27.0,22348.0,2568.0,7282.0,10037.0,5271.0,825.0,22344.0,658.0,276.0,41.9,289.0,43.9,12382.0,68477.0,35170.0,459.0,180.0,572.0,390.0,14544.0,90.0,100.0,83.0,258,160,18.0,181,1.34,54.0,54.0,0.0,0.0,N/a,47.2,49.0,-1.8,-0.05,N/a,1.0,371.0,425.0,83.0,4.0,4.0,1.0,1585.0,532.0,533.0,50.0
Raúl Jiménez,mx MEX,FW,33.0,38,30,2494.0,27.7,12.0,3.0,15.0,9.0,3.0,3.0,4.0,0.0,12.0,9.6,3.3,12.9,35.0,62.0,125.0,0.43,0.11,0.54,0.32,0.43,0.43,0.12,0.55,0.35,0.47,Matches,Fulham,N/a,N/a,N/a,N/a,N/a,N/a,N/a,N/a,N/a,N/a,N/a,N/a,N/a,N/a,N/a,N/a,N/a,N/a,N/a,N/a,N/a,N/a,N/a,N/a,N/a,N/a,N/a,N/a,N/a,N/a,N/a,N/a,N/a,N/a,N/a,N/a,N/a,N/a,N/a,N/a,N/a,N/a,N/a,N/a,mx MEX,FW,33.0,93.0,30.0,32.3,3.36,1.08,0.1,0.3,14.5,1.0,0.1,0.0,-0.6,Matches,Fulham,458.0,643.0,71.2,6916.0,1618.0,265.0,326.0,81.3,138.0,188.0,73.4,33.0,55.0,60.0,2.1,-0.3,24.0,41.0,14.0,3.0,635.0,7.0,3.0,3.0,5.0,23.0,4.0,0.0,0.0,0.0,0.0,1.0,28.0,66.0,2.38,48.0,1.0,2.0,9.0,5.0,1.0,7.0,0.25,4.0,0.0,0.0,1.0,1.0,1.0,35.0,24.0,9.0,17.0,9.0,8.0,22.0,36.4,14.0,21.0,5.0,16.0,10.0,45.0,23.0,3.0,999.0,35.0,120.0,431.0,464.0,165.0,996.0,50.0,21.0,42.0,26.0,52.0,549.0,2557.0,1112.0,24.0,17.0,74.0,45.0,734.0,66.0,72.9,78.0,9,8,18.0,0,1.42,31.0,37.0,-6.0,-0.22,-0.8,34.4,33.0,1.4,0.05,0.01,0.0,39.0,41.0,15.0,1.0,0.0,0.0,80.0,91.0,99.0,47.9
Reiss Nelson,eng ENG,FW,24.0,11,5,487.0,5.4,1.0,1.0,2.0,1.0,0.0,0.0,1.0,0.0,1.1,1.1,1.0,2.1,45.0,35.0,63.0,0.18,0.18,0.37,0.18,0.37,0.2,0.18,0.39,0.2,0.39,Matches,Fulham,N/a,N/a,N/a,N/a,N/a,N/a,N/a,N/a,N/a,N/a,N/a,N/a,N/a,N/a,N/a,N/a,N/a,N/a,N/a,N/a,N/a,N/a,N/a,N/a,N/a,N/a,N/a,N/a,N/a,N/a,N/a,N/a,N/a,N/a,N/a,N/a,N/a,N/a,N/a,N/a,N/a,N/a,N/a,N/a,eng ENG,FW,24.0,12.0,6.0,50.0,2.22,1.11,0.08,0.17,15.4,0.0,0.09,-0.1,-0.1,Matches,Fulham,232.0,268.0,86.6,3429.0,761.0,136.0,147.0,92.5,77.0,91.0,84.6,12.0,19.0,63.2,1.0,0.0,13.0,7.0,15.0,3.0,261.0,6.0,0.0,2.0,2.0,23.0,1.0,5.0,3.0,1.0,0.0,1.0,2.0,31.0,5.73,21.0,2.0,3.0,4.0,0.0,1.0,1.0,0.18,1.0,0.0,0.0,0.0,0.0,0.0,8.0,6.0,3.0,3.0,2.0,5.0,13.0,38.5,8.0,11.0,0.0,11.0,5.0,13.0,2.0,0.0,347.0,5.0,30.0,110.0,212.0,35.0,347.0,35.0,13.0,37.1,13.0,37.1,259.0,1956.0,960.0,25.0,21.0,14.0,8.0,274.0,44.0,14.2,73.0,0,6,21.0,0,1.64,5.0,9.0,-4.0,-0.74,-0.86,7.6,6.2,1.4,0.26,0.25,0.0,6.0,9.0,1.0,0.0,0.0,0.0,29.0,0.0,4.0,0.0
Rodrigo Muniz,br BRA,FW,23.0,31,8,964.0,10.7,8.0,1.0,9.0,8.0,0.0,0.0,1.0,0.0,5.8,5.8,0.7,6.5,6.0,27.0,31.0,0.75,0.09,0.84,0.75,0.84,0.54,0.07,0.61,0.54,0.61,Matches,Fulham,N/a,N/a,N/a,N/a,N/a,N/a,N/a,N/a,N/a,N/a,N/a,N/a,N/a,N/a,N/a,N/a,N/a,N/a,N/a,N/a,N/a,N/a,N/a,N/a,N/a,N/a,N/a,N/a,N/a,N/a,N/a,N/a,N/a,N/a,N/a,N/a,N/a,N/a,N/a,N/a,N/a,N/a,N/a,N/a,br BRA,FW,23.0,39.0,19.0,48.7,3.64,1.77,0.21,0.42,12.0,0.0,0.15,2.2,2.2,Matches,Fulham,92.0,142.0,64.8,1540.0,528.0,46.0,68.0,67.6,31.0,45.0,68.9,11.0,13.0,84.6,0.2,0.3,7.0,13.0,3.0,0.0,135.0,6.0,1.0,3.0,2.0,1.0,0.0,0.0,0.0,0.0,0.0,1.0,4.0,17.0,1.59,10.0,0.0,2.0,2.0,2.0,1.0,2.0,0.19,1.0,0.0,1.0,0.0,0.0,0.0,10.0,5.0,3.0,5.0,2.0,4.0,4.0,100.0,0.0,9.0,2.0,7.0,5.0,15.0,14.0,0.0,311.0,14.0,27.0,161.0,127.0,55.0,311.0,18.0,6.0,33.3,9.0,50.0,157.0,651.0,187.0,4.0,3.0,47.0,24.0,237.0,31.0,28.2,72.0,0,23,17.0,1,1.55,25.0,17.0,8.0,0.75,1.04,16.9,15.2,1.6,0.15,0.15,0.0,11.0,31.0,3.0,0.0,0.0,0.0,14.0,67.0,63.0,51.5
Ryan Sessegnon,eng ENG,"FW,DF",24.0,16,7,580.0,6.4,4.0,2.0,6.0,4.0,0.0,0.0,1.0,0.0,1.6,1.6,1.1,2.7,18.0,22.0,59.0,0.62,0.31,0.93,0.62,0.93,0.25,0.17,0.42,0.25,0.42,Matches,Fulham,N/a,N/a,N/a,N/a,N/a,N/a,N/a,N/a,N/a,N/a,N/a,N/a,N/a,N/a,N/a,N/a,N/a,N/a,N/a,N/a,N/a,N/a,N/a,N/a,N/a,N/a,N/a,N/a,N/a,N/a,N/a,N/a,N/a,N/a,N/a,N/a,N/a,N/a,N/a,N/a,N/a,N/a,N/a,N/a,eng ENG,"FW,DF",24.0,14.0,8.0,57.1,2.17,1.24,0.29,0.5,12.8,0.0,0.12,2.4,2.4,Matches,Fulham,189.0,241.0,78.4,2728.0,859.0,118.0,136.0,86.8,58.0,73.0,79.5,8.0,13.0,61.5,1.1,0.9,12.0,18.0,7.0,2.0,226.0,15.0,0.0,0.0,0.0,16.0,13.0,1.0,0.0,0.0,0.0,0.0,9.0,24.0,3.72,20.0,0.0,1.0,2.0,1.0,0.0,4.0,0.62,4.0,0.0,0.0,0.0,0.0,0.0,27.0,13.0,11.0,11.0,5.0,9.0,20.0,45.0,11.0,13.0,1.0,12.0,3.0,30.0,18.0,0.0,363.0,15.0,88.0,131.0,149.0,45.0,363.0,21.0,8.0,38.1,10.0,47.6,180.0,1054.0,549.0,14.0,10.0,19.0,8.0,210.0,36.0,17.0,73.0,1,9,7.0,16,1.56,13.0,10.0,3.0,0.47,0.56,9.3,8.1,1.3,0.19,0.18,0.0,20.0,4.0,1.0,0.0,0.0,0.0,30.0,8.0,11.0,42.1
Samuel Amissah,eng ENG,DF,17.0,0,0,N/a,N/a,N/a,N/a,N/a,N/a,N/a,N/a,N/a,N/a,N/a,N/a,N/a,N/a,N/a,N/a,N/a,N/a,N/a,N/a,N/a,N/a,N/a,N/a,N/a,N/a,N/a,Matches,Fulham,N/a,N/a,N/a,N/a,N/a,N/a,N/a,N/a,N/a,N/a,N/a,N/a,N/a,N/a,N/a,N/a,N/a,N/a,N/a,N/a,N/a,N/a,N/a,N/a,N/a,N/a,N/a,N/a,N/a,N/a,N/a,N/a,N/a,N/a,N/a,N/a,N/a,N/a,N/a,N/a,N/a,N/a,N/a,N/a,N/a,N/a,N/a,N/a,N/a,N/a,N/a,N/a,N/a,N/a,N/a,N/a,N/a,N/a,N/a,N/a,N/a,N/a,N/a,N/a,N/a,N/a,N/a,N/a,N/a,N/a,N/a,N/a,N/a,N/a,N/a,N/a,N/a,N/a,N/a,N/a,N/a,N/a,N/a,N/a,N/a,N/a,N/a,N/a,N/a,N/a,N/a,N/a,N/a,N/a,N/a,N/a,N/a,N/a,N/a,N/a,N/a,N/a,N/a,N/a,N/a,N/a,N/a,N/a,N/a,N/a,N/a,N/a,N/a,N/a,N/a,N/a,N/a,N/a,N/a,N/a,N/a,N/a,N/a,N/a,N/a,N/a,N/a,N/a,N/a,N/a,N/a,N/a,N/a,N/a,N/a,N/a,N/a,N/a,N/a,N/a,N/a,N/a,N/a,N/a,N/a,N/a,N/a,N/a,N/a,0,0,N/a,1,N/a,N/a,N/a,N/a,N/a,N/a,N/a,N/a,N/a,N/a,N/a,N/a,N/a,N/a,N/a,N/a,N/a,N/a,N/a,N/a,N/a,N/a
Sander Berge,no NOR,MF,26.0,31,26,2224.0,24.7,0.0,0.0,0.0,0.0,0.0,0.0,6.0,0.0,0.4,0.4,0.6,1.0,29.0,124.0,9.0,0.0,0.0,0.0,0.0,0.0,0.01,0.03,0.04,0.01,0.04,Matches,Fulham,N/a,N/a,N/a,N/a,N/a,N/a,N/a,N/a,N/a,N/a,N/a,N/a,N/a,N/a,N/a,N/a,N/a,N/a,N/a,N/a,N/a,N/a,N/a,N/a,N/a,N/a,N/a,N/a,N/a,N/a,N/a,N/a,N/a,N/a,N/a,N/a,N/a,N/a,N/a,N/a,N/a,N/a,N/a,N/a,no NOR,MF,26.0,3.0,1.0,33.3,0.12,0.04,0.0,0.0,8.7,0.0,0.12,-0.4,-0.4,Matches,Fulham,1091.0,1193.0,91.5,19377.0,4626.0,452.0,491.0,92.1,526.0,557.0,94.4,96.0,115.0,83.5,0.6,-0.6,18.0,116.0,5.0,0.0,1152.0,41.0,40.0,3.0,7.0,3.0,1.0,0.0,0.0,0.0,0.0,0.0,8.0,48.0,1.94,43.0,1.0,1.0,1.0,0.0,2.0,2.0,0.08,2.0,0.0,0.0,0.0,0.0,0.0,50.0,30.0,23.0,23.0,4.0,27.0,39.0,69.2,12.0,27.0,8.0,19.0,21.0,71.0,38.0,1.0,1384.0,81.0,374.0,799.0,217.0,14.0,1384.0,20.0,11.0,55.0,6.0,30.0,804.0,4467.0,2065.0,25.0,2.0,15.0,16.0,892.0,72.0,65.0,81.0,16,5,23.0,0,1.48,33.0,35.0,-2.0,-0.08,-0.23,29.9,30.2,-0.3,-0.01,-0.18,0.0,31.0,10.0,0.0,0.0,0.0,0.0,126.0,28.0,22.0,56.0
Saša Lukić,rs SRB,MF,27.0,30,28,2344.0,26.0,0.0,2.0,2.0,0.0,0.0,0.0,12.0,0.0,1.2,1.2,2.7,3.9,39.0,98.0,33.0,0.0,0.08,0.08,0.0,0.08,0.04,0.11,0.15,0.04,0.15,Matches,Fulham,N/a,N/a,N/a,N/a,N/a,N/a,N/a,N/a,N/a,N/a,N/a,N/a,N/a,N/a,N/a,N/a,N/a,N/a,N/a,N/a,N/a,N/a,N/a,N/a,N/a,N/a,N/a,N/a,N/a,N/a,N/a,N/a,N/a,N/a,N/a,N/a,N/a,N/a,N/a,N/a,N/a,N/a,N/a,N/a,rs SRB,MF,27.0,18.0,2.0,11.1,0.69,0.08,0.0,0.0,20.2,0.0,0.06,-1.2,-1.2,Matches,Fulham,1100.0,1260.0,87.3,18730.0,4635.0,519.0,565.0,91.9,477.0,521.0,91.6,91.0,129.0,70.5,1.4,-0.7,26.0,104.0,17.0,7.0,1171.0,87.0,38.0,1.0,4.0,62.0,1.0,42.0,12.0,24.0,0.0,2.0,23.0,55.0,2.11,36.0,12.0,0.0,5.0,1.0,1.0,4.0,0.15,3.0,0.0,0.0,1.0,0.0,0.0,68.0,39.0,22.0,40.0,6.0,23.0,55.0,41.8,32.0,20.0,7.0,13.0,28.0,96.0,35.0,1.0,1493.0,57.0,332.0,843.0,331.0,21.0,1493.0,17.0,8.0,47.1,5.0,29.4,825.0,4427.0,2190.0,40.0,4.0,23.0,8.0,963.0,78.0,68.5,82.0,10,2,31.0,0,1.37,37.0,37.0,0.0,0.0,0.0,32.5,32.5,0.0,0.0,-0.15,0.0,66.0,26.0,0.0,0.0,1.0,0.0,109.0,19.0,25.0,43.2
Squad Total,N/a,N/a,28.1,38,418,3420.0,38.0,53.0,44.0,97.0,50.0,3.0,4.0,80.0,2.0,49.0,45.9,37.5,83.4,786.0,1558.0,1544.0,1.39,1.16,2.55,1.32,2.47,1.29,0.99,2.28,1.21,2.2,N/a,Fulham,N/a,N/a,28.1,38.0,3420.0,54.0,1.42,159.0,106.0,67.9,15.0,9.0,14.0,5.0,13.2,4.0,3.0,1.0,0.0,25.0,N/a,Fulham,6.0,2.0,48.9,0.29,-3.1,-0.08,141.0,367.0,38.4,1138.0,167.0,24.5,N/a,265.0,33.2,30.2,507.0,23.0,4.5,33.0,0.87,N/a,N/a,N/a,28.1,516.0,167.0,32.4,13.58,4.39,0.1,0.3,16.4,10.0,0.09,4.0,4.1,N/a,Fulham,16199.0,19753.0,82.0,289508.0,97635.0,7195.0,8007.0,89.9,7222.0,8198.0,88.1,1504.0,2703.0,55.6,35.0,6.5,398.0,1346.0,343.0,108.0,18077.0,1633.0,437.0,43.0,119.0,894.0,636.0,203.0,88.0,87.0,1.0,43.0,337.0,940.0,24.74,718.0,73.0,38.0,70.0,25.0,16.0,99.0,2.61,80.0,3.0,5.0,4.0,4.0,3.0,679.0,411.0,327.0,259.0,93.0,289.0,565.0,51.2,276.0,382.0,113.0,269.0,302.0,981.0,914.0,33.0,23926.0,2641.0,8095.0,9787.0,6287.0,954.0,23922.0,637.0,288.0,45.2,254.0,39.9,14026.0,73723.0,38440.0,544.0,213.0,515.0,281.0,16043.0,90.0,100.0,83.0,239,179,17.0,163,1.42,54.0,54.0,0.0,0.0,N/a,49.0,47.2,1.8,0.05,N/a,0.0,432.0,359.0,43.0,3.0,4.0,2.0,1610.0,533.0,532.0,50.0
Steven Benda,de GER,GK,25.0,0,0,N/a,N/a,N/a,N/a,N/a,N/a,N/a,N/a,N/a,N/a,N/a,N/a,N/a,N/a,N/a,N/a,N/a,N/a,N/a,N/a,N/a,N/a,N/a,N/a,N/a,N/a,N/a,Matches,Fulham,N/a,N/a,N/a,N/a,N/a,N/a,N/a,N/a,N/a,N/a,N/a,N/a,N/a,N/a,N/a,N/a,N/a,N/a,N/a,N/a,N/a,N/a,N/a,N/a,N/a,N/a,N/a,N/a,N/a,N/a,N/a,N/a,N/a,N/a,N/a,N/a,N/a,N/a,N/a,N/a,N/a,N/a,N/a,N/a,N/a,N/a,N/a,N/a,N/a,N/a,N/a,N/a,N/a,N/a,N/a,N/a,N/a,N/a,N/a,N/a,N/a,N/a,N/a,N/a,N/a,N/a,N/a,N/a,N/a,N/a,N/a,N/a,N/a,N/a,N/a,N/a,N/a,N/a,N/a,N/a,N/a,N/a,N/a,N/a,N/a,N/a,N/a,N/a,N/a,N/a,N/a,N/a,N/a,N/a,N/a,N/a,N/a,N/a,N/a,N/a,N/a,N/a,N/a,N/a,N/a,N/a,N/a,N/a,N/a,N/a,N/a,N/a,N/a,N/a,N/a,N/a,N/a,N/a,N/a,N/a,N/a,N/a,N/a,N/a,N/a,N/a,N/a,N/a,N/a,N/a,N/a,N/a,N/a,N/a,N/a,N/a,N/a,N/a,N/a,N/a,N/a,N/a,N/a,N/a,N/a,N/a,N/a,N/a,N/a,0,0,N/a,38,N/a,N/a,N/a,N/a,N/a,N/a,N/a,N/a,N/a,N/a,N/a,N/a,N/a,N/a,N/a,N/a,N/a,N/a,N/a,N/a,N/a,N/a
Timothy Castagne,be BEL,DF,28.0,24,17,1649.0,18.3,0.0,1.0,1.0,0.0,0.0,0.0,1.0,0.0,0.4,0.4,1.2,1.6,17.0,62.0,67.0,0.0,0.05,0.05,0.0,0.05,0.02,0.07,0.09,0.02,0.09,Matches,Fulham,N/a,N/a,N/a,N/a,N/a,N/a,N/a,N/a,N/a,N/a,N/a,N/a,N/a,N/a,N/a,N/a,N/a,N/a,N/a,N/a,N/a,N/a,N/a,N/a,N/a,N/a,N/a,N/a,N/a,N/a,N/a,N/a,N/a,N/a,N/a,N/a,N/a,N/a,N/a,N/a,N/a,N/a,N/a,N/a,be BEL,DF,28.0,8.0,3.0,37.5,0.44,0.16,0.0,0.0,14.0,0.0,0.05,-0.4,-0.4,Matches,Fulham,780.0,953.0,81.8,12441.0,3910.0,397.0,442.0,89.8,328.0,382.0,85.9,37.0,75.0,49.3,0.6,-0.2,9.0,51.0,5.0,3.0,813.0,140.0,10.0,0.0,1.0,37.0,130.0,0.0,0.0,0.0,0.0,0.0,26.0,25.0,1.36,21.0,0.0,1.0,2.0,1.0,0.0,3.0,0.16,2.0,0.0,0.0,1.0,0.0,0.0,46.0,29.0,28.0,15.0,3.0,26.0,45.0,57.8,19.0,15.0,6.0,9.0,22.0,68.0,83.0,0.0,1164.0,92.0,449.0,462.0,259.0,32.0,1164.0,12.0,5.0,41.7,5.0,41.7,547.0,2191.0,1044.0,15.0,2.0,15.0,5.0,665.0,69.0,48.2,89.0,16,7,19.0,9,1.33,30.0,28.0,2.0,0.11,0.21,23.4,22.2,1.2,0.06,0.03,0.0,15.0,6.0,1.0,0.0,1.0,0.0,57.0,34.0,35.0,49.3
Tom Cairney,sct SCO,MF,33.0,25,3,628.0,7.0,2.0,0.0,2.0,2.0,0.0,0.0,3.0,1.0,0.8,0.8,1.1,1.8,18.0,53.0,33.0,0.29,0.0,0.29,0.29,0.29,0.11,0.15,0.26,0.11,0.26,Matches,Fulham,N/a,N/a,N/a,N/a,N/a,N/a,N/a,N/a,N/a,N/a,N/a,N/a,N/a,N/a,N/a,N/a,N/a,N/a,N/a,N/a,N/a,N/a,N/a,N/a,N/a,N/a,N/a,N/a,N/a,N/a,N/a,N/a,N/a,N/a,N/a,N/a,N/a,N/a,N/a,N/a,N/a,N/a,N/a,N/a,sct SCO,MF,33.0,11.0,4.0,36.4,1.58,0.57,0.18,0.5,20.4,2.0,0.07,1.2,1.2,Matches,Fulham,569.0,627.0,90.7,9151.0,1910.0,316.0,336.0,94.0,206.0,223.0,92.4,42.0,54.0,77.8,1.2,-1.1,11.0,53.0,7.0,3.0,602.0,25.0,11.0,0.0,2.0,20.0,1.0,8.0,3.0,3.0,0.0,0.0,8.0,33.0,4.71,28.0,2.0,0.0,2.0,1.0,0.0,3.0,0.43,3.0,0.0,0.0,0.0,0.0,0.0,13.0,5.0,5.0,2.0,6.0,4.0,7.0,57.1,3.0,7.0,1.0,6.0,4.0,17.0,3.0,1.0,683.0,12.0,123.0,347.0,223.0,18.0,683.0,13.0,5.0,38.5,4.0,30.8,456.0,2179.0,1047.0,17.0,4.0,6.0,4.0,553.0,25.0,18.4,70.0,0,22,19.0,10,1.2,15.0,12.0,3.0,0.43,0.53,10.3,9.7,0.6,0.09,0.05,0.0,8.0,19.0,0.0,0.0,0.0,0.0,52.0,5.0,9.0,35.7
Willian,br BRA,"FW,MF",35.0,10,2,257.0,2.9,0.0,0.0,0.0,0.0,0.0,0.0,0.0,0.0,0.3,0.3,0.5,0.8,11.0,40.0,33.0,0.0,0.0,0.0,0.0,0.0,0.1,0.18,0.28,0.1,0.28,Matches,Fulham,N/a,N/a,N/a,N/a,N/a,N/a,N/a,N/a,N/a,N/a,N/a,N/a,N/a,N/a,N/a,N/a,N/a,N/a,N/a,N/a,N/a,N/a,N/a,N/a,N/a,N/a,N/a,N/a,N/a,N/a,N/a,N/a,N/a,N/a,N/a,N/a,N/a,N/a,N/a,N/a,N/a,N/a,N/a,N/a,br BRA,"FW,MF",35.0,7.0,0.0,0.0,2.45,0.0,0.0,N/a,22.1,0.0,0.04,-0.3,-0.3,Matches,Fulham,178.0,208.0,85.6,3198.0,855.0,86.0,91.0,94.5,75.0,88.0,85.2,17.0,23.0,73.9,0.7,-0.5,7.0,19.0,10.0,2.0,196.0,11.0,2.0,0.0,4.0,16.0,2.0,7.0,3.0,4.0,0.0,1.0,1.0,17.0,5.93,11.0,4.0,0.0,2.0,0.0,0.0,0.0,0.0,0.0,0.0,0.0,0.0,0.0,0.0,4.0,2.0,0.0,3.0,1.0,2.0,6.0,33.3,4.0,0.0,0.0,0.0,1.0,5.0,1.0,0.0,231.0,1.0,18.0,83.0,134.0,7.0,231.0,7.0,1.0,14.3,4.0,57.1,148.0,1005.0,503.0,10.0,2.0,3.0,1.0,183.0,26.0,7.5,76.0,0,8,13.0,4,1.2,2.0,3.0,-1.0,-0.35,-0.38,3.8,4.2,-0.4,-0.16,-0.22,0.0,1.0,0.0,0.0,0.0,0.0,0.0,14.0,1.0,3.0,25.0
