Player,Unnamed: 1_level_0_Nation,Unnamed: 2_level_0_Pos,Unnamed: 3_level_0_Age,Unnamed: 4_level_0_MP,Playing Time_Starts,Playing Time_Min,Playing Time_90s,Performance_Gls,Performance_Ast,Performance_G+A,Performance_G-PK,Performance_PK,Performance_PKatt,Performance_CrdY,Performance_CrdR,Expected_xG,Expected_npxG,Expected_xAG,Expected_npxG+xAG,Progression_PrgC,Progression_PrgP,Progression_PrgR,Per 90 Minutes_Gls,Per 90 Minutes_Ast,Per 90 Minutes_G+A,Per 90 Minutes_G-PK,Per 90 Minutes_G+A-PK,Per 90 Minutes_xG,Per 90 Minutes_xAG,Per 90 Minutes_xG+xAG,Per 90 Minutes_npxG,Per 90 Minutes_npxG+xAG,Unnamed: 33_level_0_Matches,Team,Unnamed: 1_level_0_Nation_stats_keeper_9,Unnamed: 2_level_0_Pos_stats_keeper_9,Unnamed: 3_level_0_Age_stats_keeper_9,Playing Time_MP,Playing Time_Starts_stats_keeper_9,Playing Time_Min_stats_keeper_9,Playing Time_90s_stats_keeper_9,Performance_GA,Performance_GA90,Performance_SoTA,Performance_Saves,Performance_Save%,Performance_W,Performance_D,Performance_L,Performance_CS,Performance_CS%,Penalty Kicks_PKatt,Penalty Kicks_PKA,Penalty Kicks_PKsv,Penalty Kicks_PKm,Penalty Kicks_Save%,Unnamed: 23_level_0_Matches,Team_stats_keeper_9,Goals_CK,Goals_OG,Expected_PSxG,Expected_PSxG/SoT,Expected_PSxG+/-,Expected_/90,Launched_Cmp,Launched_Att,Launched_Cmp%,Passes_Att (GK),Passes_Thr,Passes_Launch%,Passes_AvgLen,Goal Kicks_Att,Goal Kicks_Launch%,Goal Kicks_AvgLen,Crosses_Opp,Crosses_Stp,Crosses_Stp%,Sweeper_#OPA,Sweeper_#OPA/90,Sweeper_AvgDist,Unnamed: 1_level_0_Nation_stats_shooting_9,Unnamed: 2_level_0_Pos_stats_shooting_9,Unnamed: 3_level_0_Age_stats_shooting_9,Unnamed: 4_level_0_90s_stats_shooting_9,Standard_Gls,Standard_Sh,Standard_SoT,Standard_SoT%,Standard_Sh/90,Standard_SoT/90,Standard_G/Sh,Standard_G/SoT,Standard_Dist,Standard_FK,Standard_PK,Standard_PKatt,Expected_xG_stats_shooting_9,Expected_npxG_stats_shooting_9,Expected_npxG/Sh,Expected_G-xG,Expected_np:G-xG,Unnamed: 22_level_0_Matches,Team_stats_shooting_9,Total_Cmp,Total_Att,Total_Cmp%,Total_TotDist,Total_PrgDist,Short_Cmp,Short_Att,Short_Cmp%,Medium_Cmp,Medium_Att,Medium_Cmp%,Long_Cmp,Long_Att,Long_Cmp%,Unnamed: 19_level_0_Ast,Unnamed: 20_level_0_xAG,Expected_xA,Expected_A-xAG,Unnamed: 23_level_0_KP,Unnamed: 24_level_0_1/3,Unnamed: 25_level_0_PPA,Unnamed: 26_level_0_CrsPA,Unnamed: 27_level_0_PrgP,Pass Types_Live,Pass Types_Dead,Pass Types_FK,Pass Types_TB,Pass Types_Sw,Pass Types_Crs,Pass Types_TI,Pass Types_CK,Corner Kicks_In,Corner Kicks_Out,Corner Kicks_Str,Outcomes_Off,Outcomes_Blocks,SCA_SCA,SCA_SCA90,SCA Types_PassLive,SCA Types_PassDead,SCA Types_TO,SCA Types_Sh,SCA Types_Fld,SCA Types_Def,GCA_GCA,GCA_GCA90,GCA Types_PassLive,GCA Types_PassDead,GCA Types_TO,GCA Types_Sh,GCA Types_Fld,GCA Types_Def,Tackles_Tkl,Tackles_TklW,Tackles_Def 3rd,Tackles_Mid 3rd,Tackles_Att 3rd,Challenges_Tkl,Challenges_Att,Challenges_Tkl%,Challenges_Lost,Blocks_Blocks,Blocks_Sh,Blocks_Pass,Unnamed: 17_level_0_Int,Unnamed: 18_level_0_Tkl+Int,Unnamed: 19_level_0_Clr,Unnamed: 20_level_0_Err,Touches_Touches,Touches_Def Pen,Touches_Def 3rd,Touches_Mid 3rd,Touches_Att 3rd,Touches_Att Pen,Touches_Live,Take-Ons_Att,Take-Ons_Succ,Take-Ons_Succ%,Take-Ons_Tkld,Take-Ons_Tkld%,Carries_Carries,Carries_TotDist,Carries_PrgDist,Carries_PrgC,Carries_1/3,Carries_CPA,Carries_Mis,Carries_Dis,Receiving_Rec,Receiving_PrgR,Playing Time_Mn/MP,Playing Time_Min%,Starts_Starts,Starts_Mn/Start,Starts_Compl,Subs_Subs,Subs_Mn/Sub,Subs_unSub,Team Success_PPM,Team Success_onG,Team Success_onGA,Team Success_+/-,Team Success_+/-90,Team Success_On-Off,Team Success (xG)_onxG,Team Success (xG)_onxGA,Team Success (xG)_xG+/-,Team Success (xG)_xG+/-90,Team Success (xG)_On-Off,Performance_CrdY_stats_misc_9,Performance_CrdR_stats_misc_9,Performance_2CrdY,Performance_Fls,Performance_Fld,Performance_Off,Performance_PKwon,Performance_PKcon,Performance_OG,Performance_Recov,Aerial Duels_Won,Aerial Duels_Lost,Aerial Duels_Won%
Abdul Fatawu Issahaku,gh GHA,FW,20,11,6,579,6.4,0,2,2,0,0,0,0,0,0.4,0.4,1.6,2.0,42,17,60,0.00,0.31,0.31,0.00,0.31,0.06,0.24,0.31,0.06,0.31,Matches,Leicester City,N/a,N/a,N/a,N/a,N/a,N/a,N/a,N/a,N/a,N/a,N/a,N/a,N/a,N/a,N/a,N/a,N/a,N/a,N/a,N/a,N/a,N/a,N/a,N/a,N/a,N/a,N/a,N/a,N/a,N/a,N/a,N/a,N/a,N/a,N/a,N/a,N/a,N/a,N/a,N/a,N/a,N/a,N/a,N/a,N/a,N/a,gh GHA,FW,20.0,6.4,0.0,13.0,5.0,38.5,2.02,0.78,0.0,0.0,31.2,0.0,0.0,0.0,0.4,0.4,0.03,-0.4,-0.4,Matches,Leicester City,123.0,197.0,62.4,2150.0,601.0,59.0,81.0,72.8,45.0,59.0,76.3,16.0,33.0,48.5,2.0,1.6,1.4,0.4,6.0,7.0,7.0,2.0,17.0,186.0,11.0,1.0,2.0,2.0,30.0,9.0,1.0,0.0,0.0,0.0,0.0,18.0,17.0,2.64,10.0,0.0,2.0,1.0,4.0,0.0,3.0,0.47,2.0,0.0,0.0,1.0,0.0,0.0,21.0,15.0,13.0,2.0,6.0,11.0,19.0,57.9,8.0,7.0,0.0,7.0,4.0,25.0,12.0,0.0,326.0,19.0,73.0,114.0,157.0,26.0,326.0,69.0,29.0,42.0,28.0,40.6,217.0,1869.0,1055.0,42.0,24.0,15.0,18.0,12.0,216.0,60.0,53,16.9,6,86,5,5,12,0,0.91,7,14,-7,-1.09,+0.18,6.8,10.7,-3.9,-0.60,+0.52,0.0,0.0,0.0,11.0,20.0,2.0,0.0,0.0,0.0,38.0,14.0,13.0,51.9
Benjamin Nelson,eng ENG,DF,20,0,0,N/a,N/a,N/a,N/a,N/a,N/a,N/a,N/a,N/a,N/a,N/a,N/a,N/a,N/a,N/a,N/a,N/a,N/a,N/a,N/a,N/a,N/a,N/a,N/a,N/a,N/a,N/a,Matches,Leicester City,N/a,N/a,N/a,N/a,N/a,N/a,N/a,N/a,N/a,N/a,N/a,N/a,N/a,N/a,N/a,N/a,N/a,N/a,N/a,N/a,N/a,N/a,N/a,N/a,N/a,N/a,N/a,N/a,N/a,N/a,N/a,N/a,N/a,N/a,N/a,N/a,N/a,N/a,N/a,N/a,N/a,N/a,N/a,N/a,N/a,N/a,N/a,N/a,N/a,N/a,N/a,N/a,N/a,N/a,N/a,N/a,N/a,N/a,N/a,N/a,N/a,N/a,N/a,N/a,N/a,N/a,N/a,N/a,N/a,N/a,N/a,N/a,N/a,N/a,N/a,N/a,N/a,N/a,N/a,N/a,N/a,N/a,N/a,N/a,N/a,N/a,N/a,N/a,N/a,N/a,N/a,N/a,N/a,N/a,N/a,N/a,N/a,N/a,N/a,N/a,N/a,N/a,N/a,N/a,N/a,N/a,N/a,N/a,N/a,N/a,N/a,N/a,N/a,N/a,N/a,N/a,N/a,N/a,N/a,N/a,N/a,N/a,N/a,N/a,N/a,N/a,N/a,N/a,N/a,N/a,N/a,N/a,N/a,N/a,N/a,N/a,N/a,N/a,N/a,N/a,N/a,N/a,N/a,N/a,N/a,N/a,N/a,N/a,N/a,N/a,N/a,N/a,N/a,N/a,N/a,N/a,N/a,N/a,N/a,N/a,N/a,0,N/a,0,0,N/a,1,N/a,N/a,N/a,N/a,N/a,N/a,N/a,N/a,N/a,N/a,N/a,N/a,N/a,N/a,N/a,N/a,N/a,N/a,N/a,N/a,N/a,N/a,N/a,N/a
Bilal El Khannouss,ma MAR,"MF,FW",20,32,27,2182,24.2,2,3,5,2,0,0,4,0,1.3,1.3,4.6,5.8,73,128,89,0.08,0.12,0.21,0.08,0.21,0.05,0.19,0.24,0.05,0.24,Matches,Leicester City,N/a,N/a,N/a,N/a,N/a,N/a,N/a,N/a,N/a,N/a,N/a,N/a,N/a,N/a,N/a,N/a,N/a,N/a,N/a,N/a,N/a,N/a,N/a,N/a,N/a,N/a,N/a,N/a,N/a,N/a,N/a,N/a,N/a,N/a,N/a,N/a,N/a,N/a,N/a,N/a,N/a,N/a,N/a,N/a,N/a,N/a,ma MAR,"MF,FW",20.0,24.2,2.0,30.0,7.0,23.3,1.24,0.29,0.07,0.29,22.0,0.0,0.0,0.0,1.3,1.3,0.04,0.7,0.7,Matches,Leicester City,798.0,1063.0,75.1,14413.0,4123.0,372.0,434.0,85.7,306.0,381.0,80.3,101.0,170.0,59.4,3.0,4.6,3.1,-1.6,42.0,89.0,31.0,6.0,128.0,928.0,130.0,28.0,11.0,8.0,89.0,14.0,36.0,19.0,10.0,1.0,5.0,26.0,78.0,3.22,54.0,9.0,8.0,4.0,3.0,0.0,7.0,0.29,5.0,1.0,0.0,1.0,0.0,0.0,50.0,30.0,16.0,29.0,5.0,17.0,32.0,53.1,15.0,22.0,4.0,18.0,6.0,56.0,10.0,3.0,1268.0,18.0,183.0,655.0,445.0,35.0,1268.0,60.0,34.0,56.7,23.0,38.3,732.0,4494.0,2038.0,73.0,45.0,12.0,38.0,38.0,851.0,89.0,68,63.8,27,78,8,5,16,3,0.63,17,54,-37,-1.53,-0.80,20.0,47.6,-27.6,-1.14,-0.30,4.0,0.0,0.0,30.0,13.0,1.0,0.0,0.0,0.0,92.0,19.0,24.0,44.2
Bobby De Cordova-Reid,jm JAM,FW,31,23,9,744,8.3,1,2,3,1,0,0,2,0,0.8,0.8,1.2,2.0,14,15,48,0.12,0.24,0.36,0.12,0.36,0.10,0.15,0.24,0.10,0.24,Matches,Leicester City,N/a,N/a,N/a,N/a,N/a,N/a,N/a,N/a,N/a,N/a,N/a,N/a,N/a,N/a,N/a,N/a,N/a,N/a,N/a,N/a,N/a,N/a,N/a,N/a,N/a,N/a,N/a,N/a,N/a,N/a,N/a,N/a,N/a,N/a,N/a,N/a,N/a,N/a,N/a,N/a,N/a,N/a,N/a,N/a,N/a,N/a,jm JAM,FW,31.0,8.3,1.0,7.0,3.0,42.9,0.85,0.36,0.14,0.33,25.1,0.0,0.0,0.0,0.8,0.8,0.11,0.2,0.2,Matches,Leicester City,145.0,206.0,70.4,1883.0,587.0,88.0,108.0,81.5,39.0,53.0,73.6,5.0,15.0,33.3,2.0,1.2,0.2,0.8,6.0,9.0,5.0,0.0,15.0,198.0,8.0,1.0,0.0,0.0,15.0,6.0,0.0,0.0,0.0,0.0,0.0,15.0,13.0,1.57,8.0,0.0,0.0,3.0,2.0,0.0,3.0,0.36,1.0,0.0,0.0,1.0,1.0,0.0,9.0,4.0,3.0,6.0,0.0,4.0,14.0,28.6,10.0,6.0,1.0,5.0,0.0,9.0,10.0,0.0,272.0,15.0,49.0,114.0,109.0,16.0,272.0,10.0,0.0,0.0,8.0,80.0,174.0,816.0,389.0,14.0,5.0,6.0,11.0,10.0,188.0,48.0,32,21.8,9,67,0,14,10,9,0.65,9,17,-8,-0.97,+0.34,7.1,14.6,-7.5,-0.90,+0.17,2.0,0.0,0.0,9.0,9.0,4.0,1.0,0.0,0.0,29.0,6.0,14.0,30.0
Boubakary Soumaré,fr FRA,MF,25,31,25,2171,24.1,0,0,0,0,0,0,8,0,0.3,0.3,0.4,0.7,34,105,23,0.00,0.00,0.00,0.00,0.00,0.01,0.02,0.03,0.01,0.03,Matches,Leicester City,N/a,N/a,N/a,N/a,N/a,N/a,N/a,N/a,N/a,N/a,N/a,N/a,N/a,N/a,N/a,N/a,N/a,N/a,N/a,N/a,N/a,N/a,N/a,N/a,N/a,N/a,N/a,N/a,N/a,N/a,N/a,N/a,N/a,N/a,N/a,N/a,N/a,N/a,N/a,N/a,N/a,N/a,N/a,N/a,N/a,N/a,fr FRA,MF,25.0,24.1,0.0,7.0,0.0,0.0,0.29,0.0,0.0,N/a,23.4,0.0,0.0,0.0,0.3,0.3,0.04,-0.3,-0.3,Matches,Leicester City,1073.0,1234.0,87.0,16191.0,4336.0,581.0,632.0,91.9,414.0,471.0,87.9,42.0,60.0,70.0,0.0,0.4,1.0,-0.4,11.0,95.0,16.0,3.0,105.0,1220.0,11.0,8.0,3.0,1.0,10.0,3.0,0.0,0.0,0.0,0.0,3.0,15.0,35.0,1.45,27.0,0.0,5.0,1.0,2.0,0.0,3.0,0.12,3.0,0.0,0.0,0.0,0.0,0.0,37.0,20.0,24.0,12.0,1.0,21.0,33.0,63.6,12.0,22.0,10.0,12.0,27.0,64.0,34.0,4.0,1441.0,73.0,386.0,903.0,166.0,18.0,1441.0,45.0,27.0,60.0,14.0,31.1,847.0,3904.0,2011.0,34.0,19.0,4.0,24.0,22.0,1013.0,23.0,70,63.5,25,83,19,6,15,4,0.65,17,52,-35,-1.45,-0.59,19.7,45.7,-26.1,-1.08,-0.13,8.0,0.0,0.0,24.0,23.0,0.0,0.0,0.0,0.0,140.0,21.0,11.0,65.6
Caleb Okoli,it ITA,DF,23,19,12,1125,12.5,1,0,1,1,0,0,4,0,0.6,0.6,0.0,0.6,3,32,2,0.08,0.00,0.08,0.08,0.08,0.05,0.00,0.05,0.05,0.05,Matches,Leicester City,N/a,N/a,N/a,N/a,N/a,N/a,N/a,N/a,N/a,N/a,N/a,N/a,N/a,N/a,N/a,N/a,N/a,N/a,N/a,N/a,N/a,N/a,N/a,N/a,N/a,N/a,N/a,N/a,N/a,N/a,N/a,N/a,N/a,N/a,N/a,N/a,N/a,N/a,N/a,N/a,N/a,N/a,N/a,N/a,N/a,N/a,it ITA,DF,23.0,12.5,1.0,4.0,2.0,50.0,0.32,0.16,0.25,0.5,13.5,0.0,0.0,0.0,0.6,0.6,0.15,0.4,0.4,Matches,Leicester City,559.0,648.0,86.3,9749.0,3849.0,243.0,266.0,91.4,273.0,301.0,90.7,36.0,65.0,55.4,0.0,0.0,0.2,0.0,0.0,21.0,1.0,0.0,32.0,597.0,51.0,21.0,1.0,3.0,1.0,4.0,0.0,0.0,0.0,0.0,0.0,8.0,4.0,0.32,4.0,0.0,0.0,0.0,0.0,0.0,0.0,0.0,0.0,0.0,0.0,0.0,0.0,0.0,25.0,14.0,8.0,15.0,2.0,11.0,18.0,61.1,7.0,24.0,14.0,10.0,15.0,40.0,79.0,3.0,806.0,152.0,451.0,325.0,35.0,10.0,806.0,0.0,0.0,N/a,0.0,N/a,468.0,2318.0,1106.0,3.0,6.0,0.0,10.0,2.0,484.0,2.0,59,32.9,12,85,8,7,16,18,0.53,15,26,-11,-0.88,+0.53,11.8,27.0,-15.2,-1.21,-0.27,4.0,0.0,0.0,16.0,9.0,0.0,0.0,0.0,0.0,44.0,23.0,21.0,52.3
Conor Coady,eng ENG,DF,31,22,19,1714,19.0,1,0,1,1,0,0,3,0,0.4,0.4,0.1,0.5,3,32,0,0.05,0.00,0.05,0.05,0.05,0.02,0.00,0.03,0.02,0.03,Matches,Leicester City,N/a,N/a,N/a,N/a,N/a,N/a,N/a,N/a,N/a,N/a,N/a,N/a,N/a,N/a,N/a,N/a,N/a,N/a,N/a,N/a,N/a,N/a,N/a,N/a,N/a,N/a,N/a,N/a,N/a,N/a,N/a,N/a,N/a,N/a,N/a,N/a,N/a,N/a,N/a,N/a,N/a,N/a,N/a,N/a,N/a,N/a,eng ENG,DF,31.0,19.0,1.0,2.0,2.0,100.0,0.11,0.11,0.5,0.5,6.9,0.0,0.0,0.0,0.4,0.4,0.21,0.6,0.6,Matches,Leicester City,977.0,1072.0,91.1,17121.0,6371.0,405.0,418.0,96.9,507.0,523.0,96.9,61.0,112.0,54.5,0.0,0.1,0.5,-0.1,1.0,34.0,2.0,0.0,32.0,1010.0,58.0,29.0,2.0,3.0,0.0,1.0,0.0,0.0,0.0,0.0,4.0,4.0,6.0,0.32,6.0,0.0,0.0,0.0,0.0,0.0,0.0,0.0,0.0,0.0,0.0,0.0,0.0,0.0,13.0,9.0,6.0,6.0,1.0,3.0,6.0,50.0,3.0,32.0,24.0,8.0,13.0,26.0,71.0,2.0,1210.0,234.0,689.0,503.0,20.0,8.0,1210.0,2.0,1.0,50.0,1.0,50.0,789.0,3430.0,1820.0,3.0,3.0,1.0,4.0,3.0,878.0,0.0,78,50.1,19,89,16,3,7,13,0.73,16,42,-26,-1.37,-0.26,15.1,38.2,-23.1,-1.21,-0.36,3.0,0.0,0.0,8.0,2.0,1.0,0.0,2.0,0.0,62.0,13.0,22.0,37.1
Daniel Iversen,dk DEN,GK,27,0,0,N/a,N/a,N/a,N/a,N/a,N/a,N/a,N/a,N/a,N/a,N/a,N/a,N/a,N/a,N/a,N/a,N/a,N/a,N/a,N/a,N/a,N/a,N/a,N/a,N/a,N/a,N/a,Matches,Leicester City,N/a,N/a,N/a,N/a,N/a,N/a,N/a,N/a,N/a,N/a,N/a,N/a,N/a,N/a,N/a,N/a,N/a,N/a,N/a,N/a,N/a,N/a,N/a,N/a,N/a,N/a,N/a,N/a,N/a,N/a,N/a,N/a,N/a,N/a,N/a,N/a,N/a,N/a,N/a,N/a,N/a,N/a,N/a,N/a,N/a,N/a,N/a,N/a,N/a,N/a,N/a,N/a,N/a,N/a,N/a,N/a,N/a,N/a,N/a,N/a,N/a,N/a,N/a,N/a,N/a,N/a,N/a,N/a,N/a,N/a,N/a,N/a,N/a,N/a,N/a,N/a,N/a,N/a,N/a,N/a,N/a,N/a,N/a,N/a,N/a,N/a,N/a,N/a,N/a,N/a,N/a,N/a,N/a,N/a,N/a,N/a,N/a,N/a,N/a,N/a,N/a,N/a,N/a,N/a,N/a,N/a,N/a,N/a,N/a,N/a,N/a,N/a,N/a,N/a,N/a,N/a,N/a,N/a,N/a,N/a,N/a,N/a,N/a,N/a,N/a,N/a,N/a,N/a,N/a,N/a,N/a,N/a,N/a,N/a,N/a,N/a,N/a,N/a,N/a,N/a,N/a,N/a,N/a,N/a,N/a,N/a,N/a,N/a,N/a,N/a,N/a,N/a,N/a,N/a,N/a,N/a,N/a,N/a,N/a,N/a,N/a,0,N/a,0,0,N/a,12,N/a,N/a,N/a,N/a,N/a,N/a,N/a,N/a,N/a,N/a,N/a,N/a,N/a,N/a,N/a,N/a,N/a,N/a,N/a,N/a,N/a,N/a,N/a,N/a
Danny Ward,wls WAL,GK,31,2,1,135,1.5,0,0,0,0,0,0,0,0,0.0,0.0,0.0,0.0,0,0,0,0.00,0.00,0.00,0.00,0.00,0.00,0.00,0.00,0.00,0.00,Matches,Leicester City,wls WAL,GK,31.0,2.0,1.0,135.0,1.5,6.0,4.0,10.0,4.0,40.0,0.0,0.0,1.0,0.0,0.0,0.0,0.0,0.0,0.0,N/a,Matches,Leicester City,0.0,0.0,2.8,0.28,-3.2,-2.11,10.0,22.0,45.5,46.0,9.0,37.0,32.0,7.0,71.4,52.0,11.0,0.0,0.0,2.0,1.33,20.7,wls WAL,GK,31.0,1.5,0.0,0.0,0.0,N/a,0.0,0.0,N/a,N/a,N/a,0.0,0.0,0.0,0.0,0.0,N/a,0.0,0.0,Matches,Leicester City,41.0,53.0,77.4,1162.0,949.0,6.0,6.0,100.0,20.0,20.0,100.0,15.0,27.0,55.6,0.0,0.0,0.0,0.0,0.0,2.0,0.0,0.0,0.0,46.0,7.0,0.0,0.0,0.0,0.0,0.0,0.0,0.0,0.0,0.0,0.0,0.0,0.0,0.0,0.0,0.0,0.0,0.0,0.0,0.0,0.0,0.0,0.0,0.0,0.0,0.0,0.0,0.0,0.0,0.0,0.0,0.0,0.0,0.0,0.0,N/a,0.0,0.0,0.0,0.0,0.0,0.0,1.0,0.0,55.0,40.0,55.0,0.0,0.0,0.0,55.0,1.0,0.0,0.0,1.0,100.0,44.0,176.0,107.0,0.0,0.0,0.0,0.0,0.0,35.0,0.0,68,3.9,1,90,1,1,45,14,0.00,0,6,-6,-4.00,-2.88,0.9,3.4,-2.5,-1.70,-0.69,0.0,0.0,0.0,0.0,0.0,0.0,0.0,0.0,0.0,1.0,0.0,0.0,N/a
Facundo Buonanotte,ar ARG,"FW,MF",19,31,14,1523,16.9,5,2,7,5,0,0,8,0,3.9,3.9,3.1,7.0,39,54,74,0.30,0.12,0.41,0.30,0.41,0.23,0.18,0.41,0.23,0.41,Matches,Leicester City,N/a,N/a,N/a,N/a,N/a,N/a,N/a,N/a,N/a,N/a,N/a,N/a,N/a,N/a,N/a,N/a,N/a,N/a,N/a,N/a,N/a,N/a,N/a,N/a,N/a,N/a,N/a,N/a,N/a,N/a,N/a,N/a,N/a,N/a,N/a,N/a,N/a,N/a,N/a,N/a,N/a,N/a,N/a,N/a,N/a,N/a,ar ARG,"FW,MF",19.0,16.9,5.0,36.0,12.0,33.3,2.13,0.71,0.14,0.42,17.6,0.0,0.0,0.0,3.9,3.9,0.11,1.1,1.1,Matches,Leicester City,437.0,572.0,76.4,6930.0,1757.0,236.0,276.0,85.5,150.0,182.0,82.4,35.0,74.0,47.3,2.0,3.1,2.3,-1.1,24.0,41.0,13.0,2.0,54.0,501.0,67.0,24.0,7.0,4.0,43.0,10.0,26.0,19.0,1.0,0.0,4.0,9.0,51.0,3.01,27.0,11.0,9.0,1.0,3.0,0.0,5.0,0.3,1.0,2.0,2.0,0.0,0.0,0.0,53.0,32.0,17.0,22.0,14.0,21.0,67.0,31.3,46.0,34.0,6.0,28.0,12.0,65.0,14.0,0.0,874.0,26.0,128.0,452.0,307.0,39.0,874.0,83.0,28.0,33.7,49.0,59.0,479.0,2997.0,1347.0,39.0,26.0,9.0,58.0,39.0,528.0,74.0,49,44.5,14,80,6,17,24,3,0.52,17,33,-16,-0.95,+0.53,16.8,28.6,-11.8,-0.70,+0.60,8.0,0.0,0.0,37.0,35.0,3.0,0.0,0.0,0.0,79.0,18.0,36.0,33.3
Hamza Choudhury,bd BAN,"MF,DF",26,4,1,131,1.5,0,0,0,0,0,0,0,0,0.0,0.0,0.4,0.4,4,3,6,0.00,0.00,0.00,0.00,0.00,0.00,0.27,0.27,0.00,0.27,Matches,Leicester City,N/a,N/a,N/a,N/a,N/a,N/a,N/a,N/a,N/a,N/a,N/a,N/a,N/a,N/a,N/a,N/a,N/a,N/a,N/a,N/a,N/a,N/a,N/a,N/a,N/a,N/a,N/a,N/a,N/a,N/a,N/a,N/a,N/a,N/a,N/a,N/a,N/a,N/a,N/a,N/a,N/a,N/a,N/a,N/a,N/a,N/a,bd BAN,"MF,DF",26.0,1.5,0.0,0.0,0.0,N/a,0.0,0.0,N/a,N/a,N/a,0.0,0.0,0.0,0.0,0.0,N/a,0.0,0.0,Matches,Leicester City,72.0,84.0,85.7,991.0,249.0,47.0,50.0,94.0,23.0,29.0,79.3,2.0,4.0,50.0,0.0,0.4,0.2,-0.4,2.0,10.0,1.0,1.0,3.0,81.0,3.0,0.0,0.0,0.0,5.0,3.0,0.0,0.0,0.0,0.0,0.0,1.0,3.0,2.05,2.0,0.0,1.0,0.0,0.0,0.0,0.0,0.0,0.0,0.0,0.0,0.0,0.0,0.0,1.0,1.0,1.0,0.0,0.0,1.0,3.0,33.3,2.0,4.0,2.0,2.0,5.0,6.0,2.0,0.0,100.0,4.0,19.0,61.0,20.0,3.0,100.0,4.0,3.0,75.0,1.0,25.0,63.0,246.0,130.0,4.0,2.0,2.0,1.0,0.0,71.0,6.0,33,3.8,1,58,0,3,24,11,0.25,0,5,-5,-3.44,-2.29,0.9,5.3,-4.4,-2.97,-2.01,0.0,0.0,0.0,1.0,0.0,0.0,0.0,0.0,0.0,2.0,0.0,0.0,N/a
Harry Winks,eng ENG,MF,28,22,17,1538,17.1,0,2,2,0,0,0,4,0,0.2,0.2,1.2,1.5,19,101,11,0.00,0.12,0.12,0.00,0.12,0.01,0.07,0.09,0.01,0.09,Matches,Leicester City,N/a,N/a,N/a,N/a,N/a,N/a,N/a,N/a,N/a,N/a,N/a,N/a,N/a,N/a,N/a,N/a,N/a,N/a,N/a,N/a,N/a,N/a,N/a,N/a,N/a,N/a,N/a,N/a,N/a,N/a,N/a,N/a,N/a,N/a,N/a,N/a,N/a,N/a,N/a,N/a,N/a,N/a,N/a,N/a,N/a,N/a,eng ENG,MF,28.0,17.1,0.0,10.0,4.0,40.0,0.59,0.23,0.0,0.0,29.2,0.0,0.0,0.0,0.2,0.2,0.02,-0.2,-0.2,Matches,Leicester City,910.0,1045.0,87.1,14101.0,5048.0,471.0,511.0,92.2,362.0,397.0,91.2,44.0,76.0,57.9,2.0,1.2,1.5,0.8,17.0,110.0,7.0,5.0,101.0,981.0,61.0,35.0,4.0,2.0,34.0,5.0,16.0,11.0,3.0,0.0,3.0,11.0,39.0,2.28,29.0,7.0,1.0,1.0,1.0,0.0,3.0,0.18,2.0,1.0,0.0,0.0,0.0,0.0,24.0,11.0,12.0,10.0,2.0,13.0,30.0,43.3,17.0,19.0,7.0,12.0,9.0,33.0,20.0,0.0,1158.0,49.0,275.0,746.0,151.0,1.0,1158.0,12.0,3.0,25.0,8.0,66.7,696.0,3268.0,1522.0,19.0,13.0,0.0,13.0,8.0,827.0,11.0,70,45.0,17,80,12,5,34,3,0.45,17,34,-17,-0.99,+0.44,16.4,28.9,-12.5,-0.73,+0.55,4.0,0.0,0.0,9.0,13.0,0.0,0.0,0.0,0.0,106.0,8.0,6.0,57.1
Henry Cartwright,eng ENG,MF,19,0,0,N/a,N/a,N/a,N/a,N/a,N/a,N/a,N/a,N/a,N/a,N/a,N/a,N/a,N/a,N/a,N/a,N/a,N/a,N/a,N/a,N/a,N/a,N/a,N/a,N/a,N/a,N/a,Matches,Leicester City,N/a,N/a,N/a,N/a,N/a,N/a,N/a,N/a,N/a,N/a,N/a,N/a,N/a,N/a,N/a,N/a,N/a,N/a,N/a,N/a,N/a,N/a,N/a,N/a,N/a,N/a,N/a,N/a,N/a,N/a,N/a,N/a,N/a,N/a,N/a,N/a,N/a,N/a,N/a,N/a,N/a,N/a,N/a,N/a,N/a,N/a,N/a,N/a,N/a,N/a,N/a,N/a,N/a,N/a,N/a,N/a,N/a,N/a,N/a,N/a,N/a,N/a,N/a,N/a,N/a,N/a,N/a,N/a,N/a,N/a,N/a,N/a,N/a,N/a,N/a,N/a,N/a,N/a,N/a,N/a,N/a,N/a,N/a,N/a,N/a,N/a,N/a,N/a,N/a,N/a,N/a,N/a,N/a,N/a,N/a,N/a,N/a,N/a,N/a,N/a,N/a,N/a,N/a,N/a,N/a,N/a,N/a,N/a,N/a,N/a,N/a,N/a,N/a,N/a,N/a,N/a,N/a,N/a,N/a,N/a,N/a,N/a,N/a,N/a,N/a,N/a,N/a,N/a,N/a,N/a,N/a,N/a,N/a,N/a,N/a,N/a,N/a,N/a,N/a,N/a,N/a,N/a,N/a,N/a,N/a,N/a,N/a,N/a,N/a,N/a,N/a,N/a,N/a,N/a,N/a,N/a,N/a,N/a,N/a,N/a,N/a,0,N/a,0,0,N/a,1,N/a,N/a,N/a,N/a,N/a,N/a,N/a,N/a,N/a,N/a,N/a,N/a,N/a,N/a,N/a,N/a,N/a,N/a,N/a,N/a,N/a,N/a,N/a,N/a
Jake Evans,eng ENG,FW,15,4,0,24,0.3,0,0,0,0,0,0,0,0,0.0,0.0,0.0,0.0,0,0,1,0.00,0.00,0.00,0.00,0.00,0.00,0.00,0.00,0.00,0.00,Matches,Leicester City,N/a,N/a,N/a,N/a,N/a,N/a,N/a,N/a,N/a,N/a,N/a,N/a,N/a,N/a,N/a,N/a,N/a,N/a,N/a,N/a,N/a,N/a,N/a,N/a,N/a,N/a,N/a,N/a,N/a,N/a,N/a,N/a,N/a,N/a,N/a,N/a,N/a,N/a,N/a,N/a,N/a,N/a,N/a,N/a,N/a,N/a,eng ENG,FW,15.0,0.3,0.0,0.0,0.0,N/a,0.0,0.0,N/a,N/a,N/a,0.0,0.0,0.0,0.0,0.0,N/a,0.0,0.0,Matches,Leicester City,2.0,3.0,66.7,24.0,9.0,1.0,1.0,100.0,1.0,2.0,50.0,0.0,0.0,N/a,0.0,0.0,0.0,0.0,0.0,1.0,0.0,0.0,0.0,3.0,0.0,0.0,0.0,0.0,0.0,0.0,0.0,0.0,0.0,0.0,0.0,0.0,0.0,0.0,0.0,0.0,0.0,0.0,0.0,0.0,0.0,0.0,0.0,0.0,0.0,0.0,0.0,0.0,1.0,1.0,0.0,0.0,1.0,0.0,1.0,0.0,1.0,0.0,0.0,0.0,0.0,1.0,1.0,0.0,5.0,0.0,1.0,3.0,1.0,0.0,5.0,0.0,0.0,N/a,0.0,N/a,1.0,1.0,0.0,0.0,0.0,0.0,0.0,1.0,3.0,1.0,6,0.7,0,N/a,0,4,6,1,1.75,0,1,-1,-3.75,-2.53,0.1,0.2,-0.2,-0.57,+0.46,0.0,0.0,0.0,0.0,0.0,0.0,0.0,0.0,0.0,0.0,0.0,1.0,0.0
Jakub Stolarczyk,pl POL,GK,23,10,10,900,10.0,0,0,0,0,0,0,1,0,0.0,0.0,0.0,0.0,0,1,0,0.00,0.00,0.00,0.00,0.00,0.00,0.00,0.00,0.00,0.00,Matches,Leicester City,pl POL,GK,23.0,10.0,10.0,900.0,10.0,16.0,1.6,44.0,28.0,63.6,3.0,1.0,6.0,2.0,20.0,0.0,0.0,0.0,0.0,N/a,Matches,Leicester City,2.0,0.0,15.4,0.35,-0.6,-0.06,57.0,195.0,29.2,328.0,36.0,46.3,34.2,58.0,74.1,50.2,169.0,10.0,5.9,8.0,0.8,12.5,pl POL,GK,23.0,10.0,0.0,0.0,0.0,N/a,0.0,0.0,N/a,N/a,N/a,0.0,0.0,0.0,0.0,0.0,N/a,0.0,0.0,Matches,Leicester City,238.0,386.0,61.7,6215.0,4560.0,70.0,70.0,100.0,91.0,94.0,96.8,76.0,220.0,34.5,0.0,0.0,0.0,0.0,0.0,2.0,0.0,0.0,1.0,286.0,100.0,42.0,0.0,1.0,0.0,0.0,0.0,0.0,0.0,0.0,0.0,1.0,0.0,0.0,0.0,0.0,0.0,0.0,0.0,0.0,0.0,0.0,0.0,0.0,0.0,0.0,0.0,0.0,2.0,1.0,2.0,0.0,0.0,1.0,2.0,50.0,1.0,0.0,0.0,0.0,0.0,2.0,6.0,1.0,411.0,309.0,406.0,6.0,0.0,0.0,411.0,0.0,0.0,N/a,0.0,N/a,221.0,983.0,595.0,0.0,0.0,0.0,1.0,0.0,225.0,0.0,90,26.3,10,90,10,0,N/a,11,1.00,10,16,-6,-0.60,+0.86,9.4,14.4,-5.0,-0.50,+0.72,1.0,0.0,0.0,0.0,0.0,0.0,0.0,0.0,0.0,8.0,5.0,0.0,100.0
James Justin,eng ENG,DF,26,36,34,2912,32.4,2,2,4,2,0,0,6,0,1.5,1.5,0.8,2.3,39,91,96,0.06,0.06,0.12,0.06,0.12,0.05,0.03,0.07,0.05,0.07,Matches,Leicester City,N/a,N/a,N/a,N/a,N/a,N/a,N/a,N/a,N/a,N/a,N/a,N/a,N/a,N/a,N/a,N/a,N/a,N/a,N/a,N/a,N/a,N/a,N/a,N/a,N/a,N/a,N/a,N/a,N/a,N/a,N/a,N/a,N/a,N/a,N/a,N/a,N/a,N/a,N/a,N/a,N/a,N/a,N/a,N/a,N/a,N/a,eng ENG,DF,26.0,32.4,2.0,25.0,6.0,24.0,0.77,0.19,0.08,0.33,16.2,2.0,0.0,0.0,1.5,1.5,0.06,0.5,0.5,Matches,Leicester City,1205.0,1541.0,78.2,18606.0,5922.0,625.0,718.0,87.0,497.0,586.0,84.8,48.0,136.0,35.3,2.0,0.8,0.8,1.2,14.0,76.0,23.0,8.0,91.0,1268.0,270.0,22.0,1.0,2.0,57.0,248.0,0.0,0.0,0.0,0.0,3.0,40.0,33.0,1.02,21.0,2.0,1.0,4.0,5.0,0.0,2.0,0.06,2.0,0.0,0.0,0.0,0.0,0.0,58.0,37.0,29.0,23.0,6.0,32.0,55.0,58.2,23.0,48.0,17.0,31.0,46.0,104.0,141.0,3.0,1948.0,151.0,692.0,881.0,387.0,38.0,1948.0,30.0,9.0,30.0,13.0,43.3,866.0,3649.0,1788.0,39.0,27.0,4.0,31.0,15.0,1077.0,96.0,81,85.1,34,84,23,2,27,1,0.67,31,68,-37,-1.14,+0.63,28.3,62.4,-34.1,-1.05,-0.15,6.0,0.0,0.0,29.0,44.0,2.0,0.0,0.0,0.0,88.0,69.0,55.0,55.6
Jamie Vardy,eng ENG,FW,37,35,35,2823,31.4,9,4,13,8,1,2,5,0,11.2,9.6,3.0,12.6,29,22,120,0.29,0.13,0.41,0.26,0.38,0.36,0.10,0.45,0.31,0.40,Matches,Leicester City,N/a,N/a,N/a,N/a,N/a,N/a,N/a,N/a,N/a,N/a,N/a,N/a,N/a,N/a,N/a,N/a,N/a,N/a,N/a,N/a,N/a,N/a,N/a,N/a,N/a,N/a,N/a,N/a,N/a,N/a,N/a,N/a,N/a,N/a,N/a,N/a,N/a,N/a,N/a,N/a,N/a,N/a,N/a,N/a,N/a,N/a,eng ENG,FW,37.0,31.4,9.0,56.0,23.0,41.1,1.79,0.73,0.14,0.35,12.1,1.0,1.0,2.0,11.2,9.6,0.17,-2.2,-1.6,Matches,Leicester City,258.0,389.0,66.3,3776.0,424.0,141.0,190.0,74.2,86.0,114.0,75.4,15.0,22.0,68.2,4.0,3.0,2.6,1.0,19.0,11.0,10.0,1.0,22.0,335.0,47.0,0.0,1.0,1.0,11.0,0.0,0.0,0.0,0.0,0.0,7.0,15.0,47.0,1.5,33.0,0.0,6.0,2.0,6.0,0.0,10.0,0.32,5.0,0.0,2.0,1.0,2.0,0.0,19.0,13.0,7.0,7.0,5.0,4.0,13.0,30.8,9.0,8.0,4.0,4.0,5.0,24.0,24.0,0.0,586.0,30.0,61.0,272.0,260.0,111.0,584.0,23.0,11.0,47.8,10.0,43.5,285.0,1504.0,717.0,29.0,13.0,16.0,34.0,14.0,382.0,120.0,81,82.5,35,81,20,0,N/a,0,0.71,28,68,-40,-1.28,-0.22,27.5,61.9,-34.4,-1.10,-0.36,5.0,0.0,0.0,25.0,23.0,27.0,2.0,0.0,0.0,39.0,50.0,55.0,47.6
Jannik Vestergaard,dk DEN,DF,31,18,16,1391,15.5,0,0,0,0,0,0,5,0,0.1,0.1,0.1,0.2,3,32,2,0.00,0.00,0.00,0.00,0.00,0.01,0.01,0.01,0.01,0.01,Matches,Leicester City,N/a,N/a,N/a,N/a,N/a,N/a,N/a,N/a,N/a,N/a,N/a,N/a,N/a,N/a,N/a,N/a,N/a,N/a,N/a,N/a,N/a,N/a,N/a,N/a,N/a,N/a,N/a,N/a,N/a,N/a,N/a,N/a,N/a,N/a,N/a,N/a,N/a,N/a,N/a,N/a,N/a,N/a,N/a,N/a,N/a,N/a,dk DEN,DF,31.0,15.5,0.0,3.0,2.0,66.7,0.19,0.13,0.0,0.0,9.7,0.0,0.0,0.0,0.1,0.1,0.03,-0.1,-0.1,Matches,Leicester City,870.0,959.0,90.7,14697.0,5807.0,397.0,418.0,95.0,416.0,444.0,93.7,48.0,81.0,59.3,0.0,0.1,0.1,-0.1,3.0,34.0,1.0,0.0,32.0,890.0,68.0,26.0,0.0,2.0,0.0,0.0,0.0,0.0,0.0,0.0,1.0,4.0,7.0,0.45,6.0,0.0,0.0,0.0,0.0,1.0,0.0,0.0,0.0,0.0,0.0,0.0,0.0,0.0,22.0,10.0,16.0,6.0,0.0,9.0,15.0,60.0,6.0,21.0,14.0,7.0,16.0,38.0,74.0,1.0,1092.0,196.0,572.0,497.0,28.0,10.0,1092.0,4.0,4.0,100.0,0.0,0.0,672.0,2932.0,1458.0,3.0,3.0,0.0,2.0,0.0,757.0,2.0,77,40.7,16,81,10,2,51,2,0.50,7,35,-28,-1.81,-0.97,12.0,24.8,-12.9,-0.83,+0.34,5.0,0.0,0.0,12.0,4.0,0.0,0.0,0.0,1.0,46.0,26.0,19.0,57.8
Jeremy Monga,N/a,"FW,MF",15,7,0,112,1.2,0,0,0,0,0,0,0,0,0.2,0.2,0.0,0.2,6,3,10,0.00,0.00,0.00,0.00,0.00,0.13,0.01,0.14,0.13,0.14,Matches,Leicester City,N/a,N/a,N/a,N/a,N/a,N/a,N/a,N/a,N/a,N/a,N/a,N/a,N/a,N/a,N/a,N/a,N/a,N/a,N/a,N/a,N/a,N/a,N/a,N/a,N/a,N/a,N/a,N/a,N/a,N/a,N/a,N/a,N/a,N/a,N/a,N/a,N/a,N/a,N/a,N/a,N/a,N/a,N/a,N/a,N/a,N/a,N/a,"FW,MF",15.0,1.2,0.0,3.0,1.0,33.3,2.41,0.8,0.0,0.0,19.8,0.0,0.0,0.0,0.2,0.2,0.05,-0.2,-0.2,Matches,Leicester City,18.0,29.0,62.1,215.0,53.0,13.0,15.0,86.7,5.0,6.0,83.3,0.0,3.0,0.0,0.0,0.0,0.0,0.0,1.0,2.0,1.0,0.0,3.0,28.0,1.0,1.0,0.0,0.0,4.0,0.0,0.0,0.0,0.0,0.0,0.0,5.0,2.0,1.61,2.0,0.0,0.0,0.0,0.0,0.0,0.0,0.0,0.0,0.0,0.0,0.0,0.0,0.0,2.0,1.0,0.0,1.0,1.0,1.0,1.0,100.0,0.0,3.0,2.0,1.0,0.0,2.0,1.0,0.0,51.0,1.0,9.0,16.0,27.0,5.0,51.0,7.0,2.0,28.6,3.0,42.9,37.0,336.0,157.0,6.0,2.0,3.0,5.0,2.0,32.0,10.0,16,3.3,0,N/a,0,7,16,0,1.00,2,3,-1,-0.80,+0.45,0.9,1.6,-0.6,-0.52,+0.53,0.0,0.0,0.0,0.0,5.0,0.0,0.0,0.0,0.0,10.0,0.0,1.0,0.0
Jordan Ayew,gh GHA,"FW,MF",32,30,19,1638,18.2,5,0,5,4,1,1,5,0,3.2,2.4,1.1,3.5,49,46,86,0.27,0.00,0.27,0.22,0.22,0.17,0.06,0.24,0.13,0.19,Matches,Leicester City,N/a,N/a,N/a,N/a,N/a,N/a,N/a,N/a,N/a,N/a,N/a,N/a,N/a,N/a,N/a,N/a,N/a,N/a,N/a,N/a,N/a,N/a,N/a,N/a,N/a,N/a,N/a,N/a,N/a,N/a,N/a,N/a,N/a,N/a,N/a,N/a,N/a,N/a,N/a,N/a,N/a,N/a,N/a,N/a,N/a,N/a,gh GHA,"FW,MF",32.0,18.2,5.0,31.0,8.0,25.8,1.7,0.44,0.13,0.5,18.8,4.0,1.0,1.0,3.2,2.4,0.08,1.8,1.6,Matches,Leicester City,401.0,540.0,74.3,5942.0,1216.0,219.0,252.0,86.9,138.0,183.0,75.4,24.0,59.0,40.7,0.0,1.1,1.5,-1.1,16.0,25.0,14.0,7.0,46.0,490.0,49.0,13.0,3.0,2.0,60.0,5.0,28.0,15.0,8.0,3.0,1.0,11.0,41.0,2.25,24.0,8.0,3.0,4.0,1.0,1.0,2.0,0.11,1.0,0.0,0.0,1.0,0.0,0.0,27.0,15.0,8.0,14.0,5.0,7.0,23.0,30.4,16.0,21.0,2.0,19.0,12.0,39.0,19.0,0.0,798.0,21.0,103.0,407.0,312.0,55.0,797.0,64.0,26.0,40.6,32.0,50.0,479.0,3374.0,1540.0,49.0,37.0,11.0,63.0,40.0,540.0,86.0,55,47.9,19,77,4,11,16,6,0.77,17,41,-24,-1.32,-0.16,16.1,28.9,-12.7,-0.70,+0.64,5.0,0.0,0.0,30.0,59.0,7.0,0.0,0.0,0.0,93.0,37.0,80.0,31.6
Kasey McAteer,ie IRL,FW,22,18,9,852,9.5,1,1,2,1,0,0,3,0,1.0,1.0,0.7,1.7,19,14,71,0.11,0.11,0.21,0.11,0.21,0.11,0.08,0.18,0.11,0.18,Matches,Leicester City,N/a,N/a,N/a,N/a,N/a,N/a,N/a,N/a,N/a,N/a,N/a,N/a,N/a,N/a,N/a,N/a,N/a,N/a,N/a,N/a,N/a,N/a,N/a,N/a,N/a,N/a,N/a,N/a,N/a,N/a,N/a,N/a,N/a,N/a,N/a,N/a,N/a,N/a,N/a,N/a,N/a,N/a,N/a,N/a,N/a,N/a,ie IRL,FW,22.0,9.5,1.0,13.0,7.0,53.8,1.37,0.74,0.08,0.14,16.4,0.0,0.0,0.0,1.0,1.0,0.08,0.0,0.0,Matches,Leicester City,183.0,252.0,72.6,2556.0,613.0,118.0,140.0,84.3,54.0,72.0,75.0,6.0,12.0,50.0,1.0,0.7,0.6,0.3,9.0,13.0,6.0,2.0,14.0,241.0,7.0,0.0,0.0,0.0,21.0,7.0,0.0,0.0,0.0,0.0,4.0,13.0,20.0,2.11,18.0,0.0,0.0,0.0,2.0,0.0,2.0,0.21,1.0,0.0,0.0,0.0,1.0,0.0,23.0,16.0,11.0,9.0,3.0,14.0,29.0,48.3,15.0,18.0,2.0,16.0,5.0,28.0,15.0,0.0,379.0,21.0,76.0,141.0,169.0,30.0,379.0,25.0,6.0,24.0,15.0,60.0,224.0,1455.0,575.0,19.0,11.0,9.0,20.0,16.0,243.0,71.0,47,24.9,9,78,1,9,16,2,0.78,10,16,-6,-0.63,+0.80,10.0,19.6,-9.5,-1.01,+0.04,3.0,0.0,0.0,18.0,15.0,3.0,0.0,0.0,0.0,45.0,13.0,17.0,43.3
Luke Thomas,eng ENG,DF,23,14,13,1110,12.3,0,0,0,0,0,0,3,0,0.4,0.4,0.5,0.9,5,37,16,0.00,0.00,0.00,0.00,0.00,0.03,0.04,0.07,0.03,0.07,Matches,Leicester City,N/a,N/a,N/a,N/a,N/a,N/a,N/a,N/a,N/a,N/a,N/a,N/a,N/a,N/a,N/a,N/a,N/a,N/a,N/a,N/a,N/a,N/a,N/a,N/a,N/a,N/a,N/a,N/a,N/a,N/a,N/a,N/a,N/a,N/a,N/a,N/a,N/a,N/a,N/a,N/a,N/a,N/a,N/a,N/a,N/a,N/a,eng ENG,DF,23.0,12.3,0.0,5.0,0.0,0.0,0.41,0.0,0.0,N/a,16.8,0.0,0.0,0.0,0.4,0.4,0.07,-0.4,-0.4,Matches,Leicester City,493.0,629.0,78.4,8065.0,2702.0,245.0,267.0,91.8,205.0,251.0,81.7,35.0,82.0,42.7,0.0,0.5,0.5,-0.5,9.0,32.0,5.0,2.0,37.0,518.0,108.0,20.0,0.0,0.0,29.0,80.0,8.0,4.0,3.0,0.0,3.0,14.0,16.0,1.3,12.0,3.0,0.0,0.0,0.0,1.0,1.0,0.08,1.0,0.0,0.0,0.0,0.0,0.0,31.0,25.0,23.0,5.0,3.0,21.0,41.0,51.2,20.0,15.0,6.0,9.0,21.0,52.0,49.0,1.0,775.0,50.0,294.0,366.0,120.0,8.0,775.0,6.0,3.0,50.0,3.0,50.0,371.0,1457.0,585.0,5.0,8.0,2.0,12.0,4.0,431.0,16.0,79,32.5,13,85,9,1,4,11,0.57,8,23,-15,-1.22,+0.03,8.2,24.5,-16.2,-1.32,-0.42,3.0,0.0,0.0,16.0,10.0,0.0,0.0,1.0,0.0,42.0,13.0,11.0,54.2
Mads Hermansen,dk DEN,GK,24,27,27,2385,26.5,0,0,0,0,0,0,1,0,0.0,0.0,0.0,0.0,0,1,0,0.00,0.00,0.00,0.00,0.00,0.00,0.00,0.00,0.00,0.00,Matches,Leicester City,dk DEN,GK,24.0,27.0,27.0,2385.0,26.5,58.0,2.19,155.0,99.0,64.5,3.0,6.0,18.0,1.0,3.7,4.0,3.0,1.0,0.0,25.0,Matches,Leicester City,3.0,3.0,56.4,0.35,1.4,0.05,114.0,471.0,24.2,926.0,133.0,39.2,34.6,143.0,75.5,51.5,419.0,26.0,6.2,26.0,0.98,13.1,dk DEN,GK,24.0,26.5,0.0,0.0,0.0,N/a,0.0,0.0,N/a,N/a,N/a,0.0,0.0,0.0,0.0,0.0,N/a,0.0,0.0,Matches,Leicester City,654.0,1073.0,61.0,17066.0,12387.0,151.0,155.0,97.4,312.0,329.0,94.8,191.0,584.0,32.7,0.0,0.0,0.0,0.0,0.0,20.0,1.0,0.0,1.0,840.0,229.0,86.0,0.0,2.0,0.0,0.0,0.0,0.0,0.0,0.0,4.0,1.0,3.0,0.11,3.0,0.0,0.0,0.0,0.0,0.0,0.0,0.0,0.0,0.0,0.0,0.0,0.0,0.0,1.0,1.0,1.0,0.0,0.0,1.0,1.0,100.0,0.0,1.0,0.0,1.0,0.0,1.0,13.0,4.0,1147.0,831.0,1106.0,43.0,0.0,0.0,1147.0,1.0,1.0,100.0,0.0,0.0,734.0,3625.0,1904.0,0.0,0.0,0.0,1.0,0.0,625.0,0.0,88,69.7,27,88,26,0,N/a,0,0.56,23,58,-35,-1.32,-0.28,22.4,54.1,-31.7,-1.20,-0.54,1.0,0.0,0.0,0.0,3.0,0.0,0.0,0.0,0.0,17.0,4.0,1.0,80.0
Michael Golding,eng ENG,MF,18,1,0,1,0.0,0,0,0,0,0,0,0,0,0.0,0.0,0.0,0.0,0,0,0,0.00,0.00,0.00,0.00,0.00,0.00,0.00,0.00,0.00,0.00,Matches,Leicester City,N/a,N/a,N/a,N/a,N/a,N/a,N/a,N/a,N/a,N/a,N/a,N/a,N/a,N/a,N/a,N/a,N/a,N/a,N/a,N/a,N/a,N/a,N/a,N/a,N/a,N/a,N/a,N/a,N/a,N/a,N/a,N/a,N/a,N/a,N/a,N/a,N/a,N/a,N/a,N/a,N/a,N/a,N/a,N/a,N/a,N/a,eng ENG,MF,18.0,0.0,0.0,0.0,0.0,N/a,0.0,0.0,N/a,N/a,N/a,0.0,0.0,0.0,0.0,0.0,N/a,0.0,0.0,Matches,Leicester City,0.0,0.0,N/a,0.0,0.0,0.0,0.0,N/a,0.0,0.0,N/a,0.0,0.0,N/a,0.0,0.0,0.0,0.0,0.0,0.0,0.0,0.0,0.0,0.0,0.0,0.0,0.0,0.0,0.0,0.0,0.0,0.0,0.0,0.0,0.0,0.0,0.0,0.0,0.0,0.0,0.0,0.0,0.0,0.0,0.0,0.0,0.0,0.0,0.0,0.0,0.0,0.0,0.0,0.0,0.0,0.0,0.0,0.0,0.0,N/a,0.0,0.0,0.0,0.0,0.0,0.0,0.0,0.0,0.0,0.0,0.0,0.0,0.0,0.0,0.0,0.0,0.0,N/a,0.0,N/a,0.0,0.0,0.0,0.0,0.0,0.0,0.0,0.0,0.0,0.0,1,0.0,0,N/a,0,1,1,1,3.00,0,0,0,0.00,+1.24,0.0,0.0,0.0,0.00,+1.03,0.0,0.0,0.0,0.0,0.0,0.0,0.0,0.0,0.0,0.0,0.0,0.0,N/a
Odsonne Édouard,fr FRA,FW,26,4,0,29,0.3,0,0,0,0,0,0,0,0,0.0,0.0,0.0,0.0,0,1,2,0.00,0.00,0.00,0.00,0.00,0.00,0.13,0.13,0.00,0.13,Matches,Leicester City,N/a,N/a,N/a,N/a,N/a,N/a,N/a,N/a,N/a,N/a,N/a,N/a,N/a,N/a,N/a,N/a,N/a,N/a,N/a,N/a,N/a,N/a,N/a,N/a,N/a,N/a,N/a,N/a,N/a,N/a,N/a,N/a,N/a,N/a,N/a,N/a,N/a,N/a,N/a,N/a,N/a,N/a,N/a,N/a,N/a,N/a,fr FRA,FW,26.0,0.3,0.0,0.0,0.0,N/a,0.0,0.0,N/a,N/a,N/a,0.0,0.0,0.0,0.0,0.0,N/a,0.0,0.0,Matches,Leicester City,6.0,8.0,75.0,59.0,5.0,3.0,4.0,75.0,1.0,1.0,100.0,0.0,0.0,N/a,0.0,0.0,0.0,0.0,1.0,0.0,0.0,0.0,1.0,8.0,0.0,0.0,0.0,0.0,0.0,0.0,0.0,0.0,0.0,0.0,0.0,1.0,2.0,6.21,2.0,0.0,0.0,0.0,0.0,0.0,0.0,0.0,0.0,0.0,0.0,0.0,0.0,0.0,1.0,1.0,1.0,0.0,0.0,0.0,0.0,N/a,0.0,0.0,0.0,0.0,0.0,1.0,1.0,0.0,20.0,1.0,2.0,7.0,11.0,6.0,20.0,2.0,1.0,50.0,1.0,50.0,11.0,25.0,2.0,0.0,0.0,1.0,7.0,2.0,13.0,2.0,7,0.8,0,N/a,0,4,7,3,1.00,0,1,-1,-3.10,-1.88,0.1,1.6,-1.5,-4.64,-3.64,0.0,0.0,0.0,2.0,0.0,0.0,0.0,0.0,0.0,1.0,1.0,1.0,50.0
Olabade Aluko,N/a,DF,N/a,1,0,2,0.0,0,0,0,0,0,0,0,0,0.0,0.0,0.0,0.0,0,0,0,0.00,0.00,0.00,0.00,0.00,0.00,0.00,0.00,0.00,0.00,Matches,Leicester City,N/a,N/a,N/a,N/a,N/a,N/a,N/a,N/a,N/a,N/a,N/a,N/a,N/a,N/a,N/a,N/a,N/a,N/a,N/a,N/a,N/a,N/a,N/a,N/a,N/a,N/a,N/a,N/a,N/a,N/a,N/a,N/a,N/a,N/a,N/a,N/a,N/a,N/a,N/a,N/a,N/a,N/a,N/a,N/a,N/a,N/a,N/a,DF,N/a,0.0,0.0,0.0,0.0,N/a,0.0,0.0,N/a,N/a,N/a,0.0,0.0,0.0,0.0,0.0,N/a,0.0,0.0,Matches,Leicester City,3.0,5.0,60.0,39.0,0.0,2.0,3.0,66.7,1.0,2.0,50.0,0.0,0.0,N/a,0.0,0.0,0.0,0.0,0.0,0.0,0.0,0.0,0.0,4.0,1.0,1.0,0.0,0.0,0.0,0.0,0.0,0.0,0.0,0.0,0.0,0.0,0.0,0.0,0.0,0.0,0.0,0.0,0.0,0.0,0.0,0.0,0.0,0.0,0.0,0.0,0.0,0.0,1.0,1.0,0.0,0.0,1.0,1.0,1.0,100.0,0.0,0.0,0.0,0.0,0.0,1.0,0.0,0.0,6.0,0.0,0.0,6.0,1.0,0.0,6.0,1.0,0.0,0.0,1.0,100.0,2.0,1.0,0.0,0.0,0.0,0.0,0.0,1.0,2.0,0.0,2,0.1,0,N/a,0,1,2,1,0.00,0,0,0,0.00,+1.24,0.0,0.0,0.0,-2.09,-1.06,0.0,0.0,0.0,0.0,0.0,0.0,0.0,0.0,0.0,0.0,0.0,0.0,N/a
Oliver Skipp,eng ENG,MF,23,24,10,1129,12.5,0,0,0,0,0,0,8,0,0.4,0.4,0.3,0.6,16,35,19,0.00,0.00,0.00,0.00,0.00,0.03,0.02,0.05,0.03,0.05,Matches,Leicester City,N/a,N/a,N/a,N/a,N/a,N/a,N/a,N/a,N/a,N/a,N/a,N/a,N/a,N/a,N/a,N/a,N/a,N/a,N/a,N/a,N/a,N/a,N/a,N/a,N/a,N/a,N/a,N/a,N/a,N/a,N/a,N/a,N/a,N/a,N/a,N/a,N/a,N/a,N/a,N/a,N/a,N/a,N/a,N/a,N/a,N/a,eng ENG,MF,23.0,12.5,0.0,5.0,1.0,20.0,0.4,0.08,0.0,0.0,19.4,0.0,0.0,0.0,0.4,0.4,0.07,-0.4,-0.4,Matches,Leicester City,419.0,502.0,83.5,6399.0,1568.0,214.0,247.0,86.6,163.0,178.0,91.6,21.0,36.0,58.3,0.0,0.3,0.3,-0.3,9.0,32.0,4.0,0.0,35.0,497.0,4.0,3.0,2.0,0.0,5.0,1.0,0.0,0.0,0.0,0.0,1.0,12.0,15.0,1.2,13.0,1.0,0.0,0.0,1.0,0.0,0.0,0.0,0.0,0.0,0.0,0.0,0.0,0.0,21.0,4.0,6.0,12.0,3.0,9.0,15.0,60.0,6.0,23.0,7.0,16.0,11.0,32.0,11.0,2.0,612.0,29.0,141.0,383.0,92.0,9.0,612.0,12.0,7.0,58.3,5.0,41.7,347.0,1392.0,644.0,16.0,7.0,3.0,12.0,7.0,419.0,19.0,47,33.0,10,74,3,14,28,11,0.79,12,26,-14,-1.12,+0.18,11.2,25.4,-14.1,-1.13,-0.14,8.0,0.0,0.0,21.0,13.0,0.0,0.0,0.0,0.0,46.0,12.0,6.0,66.7
Opponent Total,N/a,N/a,26.3,38,418,3420,38.0,77,57,134,74,3,4,58,2,71.9,68.8,52.2,121.0,735,1755,1736,2.03,1.50,3.53,1.95,3.45,1.89,1.37,3.27,1.81,3.19,N/a,Leicester City,N/a,N/a,26.3,38.0,38.0,3420.0,38.0,33.0,0.87,108.0,74.0,71.3,25.0,7.0,6.0,17.0,44.7,3.0,2.0,1.0,0.0,33.3,N/a,Leicester City,3.0,0.0,33.6,0.3,0.6,0.02,124.0,336.0,36.9,1008.0,150.0,25.0,30.1,227.0,37.0,33.4,469.0,35.0,7.5,47.0,1.24,14.4,N/a,N/a,26.3,38.0,77.0,639.0,205.0,32.1,16.82,5.39,0.12,0.36,16.0,21.0,3.0,4.0,71.9,68.8,0.11,5.1,5.2,N/a,Leicester City,17576.0,21079.0,83.4,302665.0,99007.0,8208.0,9124.0,90.0,7627.0,8620.0,88.5,1431.0,2419.0,59.2,57.0,52.2,51.2,4.8,490.0,1418.0,435.0,109.0,1755.0,19351.0,1667.0,453.0,60.0,133.0,751.0,686.0,230.0,130.0,48.0,1.0,61.0,363.0,1136.0,29.89,827.0,88.0,68.0,79.0,49.0,25.0,134.0,3.53,105.0,7.0,5.0,12.0,5.0,0.0,640.0,411.0,223.0,288.0,129.0,304.0,568.0,53.5,264.0,355.0,95.0,260.0,269.0,909.0,807.0,23.0,25340.0,2098.0,7128.0,11349.0,7106.0,1214.0,25336.0,782.0,359.0,45.9,336.0,43.0,14685.0,76672.0,39044.0,735.0,534.0,236.0,518.0,392.0,17421.0,1736.0,90,100,418,82,253,165,17,175,2.16,80,33,+47,+1.24,N/a,71.9,32.6,+39.3,+1.03,N/a,58.0,2.0,1.0,403.0,412.0,61.0,3.0,3.0,0.0,1655.0,579.0,503.0,53.5
Patson Daka,zm ZAM,"FW,MF",25,23,6,736,8.2,1,0,1,1,0,0,0,0,1.3,1.3,0.1,1.3,11,8,36,0.12,0.00,0.12,0.12,0.12,0.15,0.01,0.16,0.15,0.16,Matches,Leicester City,N/a,N/a,N/a,N/a,N/a,N/a,N/a,N/a,N/a,N/a,N/a,N/a,N/a,N/a,N/a,N/a,N/a,N/a,N/a,N/a,N/a,N/a,N/a,N/a,N/a,N/a,N/a,N/a,N/a,N/a,N/a,N/a,N/a,N/a,N/a,N/a,N/a,N/a,N/a,N/a,N/a,N/a,N/a,N/a,N/a,N/a,zm ZAM,"FW,MF",25.0,8.2,1.0,15.0,4.0,26.7,1.83,0.49,0.07,0.25,14.8,0.0,0.0,0.0,1.3,1.3,0.08,-0.3,-0.3,Matches,Leicester City,106.0,147.0,72.1,1475.0,257.0,64.0,80.0,80.0,33.0,45.0,73.3,3.0,3.0,100.0,0.0,0.1,0.1,-0.1,1.0,6.0,1.0,0.0,8.0,138.0,9.0,0.0,2.0,0.0,3.0,6.0,0.0,0.0,0.0,0.0,0.0,11.0,10.0,1.23,7.0,0.0,2.0,1.0,0.0,0.0,1.0,0.12,0.0,0.0,1.0,0.0,0.0,0.0,19.0,10.0,6.0,9.0,4.0,7.0,18.0,38.9,11.0,7.0,1.0,6.0,1.0,20.0,12.0,0.0,252.0,11.0,46.0,114.0,97.0,29.0,252.0,15.0,2.0,13.3,10.0,66.7,141.0,714.0,321.0,11.0,7.0,6.0,20.0,12.0,167.0,36.0,32,21.5,6,72,1,17,18,4,0.61,7,16,-9,-1.10,+0.17,6.5,17.0,-10.5,-1.29,-0.33,0.0,0.0,0.0,15.0,19.0,3.0,0.0,0.0,0.0,18.0,10.0,28.0,26.3
Player,Nation,Pos,Age,MP,Starts,Min,90s,Gls,Ast,G+A,G-PK,PK,PKatt,CrdY,CrdR,xG,npxG,xAG,npxG+xAG,PrgC,PrgP,PrgR,Gls,Ast,G+A,G-PK,G+A-PK,xG,xAG,xG+xAG,npxG,npxG+xAG,Matches,Leicester City,N/a,N/a,N/a,N/a,N/a,N/a,N/a,N/a,N/a,N/a,N/a,N/a,N/a,N/a,N/a,N/a,N/a,N/a,N/a,N/a,N/a,N/a,N/a,N/a,N/a,N/a,N/a,N/a,N/a,N/a,N/a,N/a,N/a,N/a,N/a,N/a,N/a,N/a,N/a,N/a,N/a,N/a,N/a,N/a,N/a,N/a,N/a,N/a,N/a,N/a,N/a,N/a,N/a,N/a,N/a,N/a,N/a,N/a,N/a,N/a,N/a,N/a,N/a,N/a,N/a,N/a,N/a,N/a,N/a,N/a,N/a,N/a,N/a,N/a,N/a,N/a,N/a,N/a,N/a,N/a,N/a,N/a,N/a,N/a,N/a,N/a,N/a,N/a,N/a,N/a,N/a,N/a,N/a,N/a,N/a,N/a,N/a,N/a,N/a,N/a,N/a,N/a,N/a,N/a,N/a,N/a,N/a,N/a,N/a,N/a,N/a,N/a,N/a,N/a,N/a,N/a,N/a,N/a,N/a,N/a,N/a,N/a,N/a,N/a,N/a,N/a,N/a,N/a,N/a,N/a,N/a,N/a,N/a,N/a,N/a,N/a,N/a,N/a,N/a,N/a,N/a,N/a,N/a,N/a,N/a,N/a,N/a,N/a,N/a,N/a,N/a,N/a,N/a,N/a,N/a,N/a,N/a,N/a,N/a,Mn/MP,Min%,Starts,Mn/Start,Compl,Subs,Mn/Sub,unSub,PPM,onG,onGA,+/-,+/-90,On-Off,onxG,onxGA,xG+/-,xG+/-90,On-Off,N/a,N/a,N/a,N/a,N/a,N/a,N/a,N/a,N/a,N/a,N/a,N/a,N/a
Ricardo Pereira,pt POR,DF,30,10,4,388,4.3,0,0,0,0,0,0,1,0,0.1,0.1,0.0,0.1,3,18,5,0.00,0.00,0.00,0.00,0.00,0.02,0.00,0.02,0.02,0.02,Matches,Leicester City,N/a,N/a,N/a,N/a,N/a,N/a,N/a,N/a,N/a,N/a,N/a,N/a,N/a,N/a,N/a,N/a,N/a,N/a,N/a,N/a,N/a,N/a,N/a,N/a,N/a,N/a,N/a,N/a,N/a,N/a,N/a,N/a,N/a,N/a,N/a,N/a,N/a,N/a,N/a,N/a,N/a,N/a,N/a,N/a,N/a,N/a,pt POR,DF,30.0,4.3,0.0,2.0,1.0,50.0,0.46,0.23,0.0,0.0,17.0,0.0,0.0,0.0,0.1,0.1,0.05,-0.1,-0.1,Matches,Leicester City,207.0,248.0,83.5,3368.0,956.0,98.0,111.0,88.3,91.0,108.0,84.3,13.0,15.0,86.7,0.0,0.0,0.1,0.0,0.0,19.0,1.0,0.0,18.0,207.0,40.0,6.0,0.0,1.0,3.0,34.0,0.0,0.0,0.0,0.0,1.0,3.0,3.0,0.7,3.0,0.0,0.0,0.0,0.0,0.0,0.0,0.0,0.0,0.0,0.0,0.0,0.0,0.0,13.0,8.0,4.0,6.0,3.0,7.0,14.0,50.0,7.0,8.0,3.0,5.0,4.0,17.0,11.0,0.0,296.0,17.0,90.0,166.0,41.0,5.0,296.0,9.0,6.0,66.7,2.0,22.2,151.0,453.0,186.0,3.0,3.0,2.0,3.0,1.0,172.0,5.0,39,11.3,4,68,0,6,19,8,0.50,3,8,-5,-1.16,+0.09,3.1,7.0,-3.9,-0.90,+0.15,1.0,0.0,0.0,6.0,8.0,0.0,0.0,0.0,0.0,19.0,4.0,2.0,66.7
Sammy Braybrooke,eng ENG,MF,20,0,0,N/a,N/a,N/a,N/a,N/a,N/a,N/a,N/a,N/a,N/a,N/a,N/a,N/a,N/a,N/a,N/a,N/a,N/a,N/a,N/a,N/a,N/a,N/a,N/a,N/a,N/a,N/a,Matches,Leicester City,N/a,N/a,N/a,N/a,N/a,N/a,N/a,N/a,N/a,N/a,N/a,N/a,N/a,N/a,N/a,N/a,N/a,N/a,N/a,N/a,N/a,N/a,N/a,N/a,N/a,N/a,N/a,N/a,N/a,N/a,N/a,N/a,N/a,N/a,N/a,N/a,N/a,N/a,N/a,N/a,N/a,N/a,N/a,N/a,N/a,N/a,N/a,N/a,N/a,N/a,N/a,N/a,N/a,N/a,N/a,N/a,N/a,N/a,N/a,N/a,N/a,N/a,N/a,N/a,N/a,N/a,N/a,N/a,N/a,N/a,N/a,N/a,N/a,N/a,N/a,N/a,N/a,N/a,N/a,N/a,N/a,N/a,N/a,N/a,N/a,N/a,N/a,N/a,N/a,N/a,N/a,N/a,N/a,N/a,N/a,N/a,N/a,N/a,N/a,N/a,N/a,N/a,N/a,N/a,N/a,N/a,N/a,N/a,N/a,N/a,N/a,N/a,N/a,N/a,N/a,N/a,N/a,N/a,N/a,N/a,N/a,N/a,N/a,N/a,N/a,N/a,N/a,N/a,N/a,N/a,N/a,N/a,N/a,N/a,N/a,N/a,N/a,N/a,N/a,N/a,N/a,N/a,N/a,N/a,N/a,N/a,N/a,N/a,N/a,N/a,N/a,N/a,N/a,N/a,N/a,N/a,N/a,N/a,N/a,N/a,N/a,0,N/a,0,0,N/a,1,N/a,N/a,N/a,N/a,N/a,N/a,N/a,N/a,N/a,N/a,N/a,N/a,N/a,N/a,N/a,N/a,N/a,N/a,N/a,N/a,N/a,N/a,N/a,N/a
Squad Total,N/a,N/a,26.5,38,418,3420,38.0,33,25,58,31,2,3,87,0,32.6,30.4,25.1,55.5,576,1082,1072,0.87,0.66,1.53,0.82,1.47,0.86,0.66,1.52,0.80,1.46,N/a,Leicester City,N/a,N/a,26.5,38.0,38.0,3420.0,38.0,80.0,2.11,209.0,131.0,63.2,6.0,7.0,25.0,3.0,7.9,4.0,3.0,1.0,0.0,25.0,N/a,Leicester City,5.0,3.0,74.6,0.35,-2.4,-0.06,181.0,688.0,26.3,1183.0,178.0,44.9,32.0,325.0,48.3,36.0,599.0,36.0,6.0,36.0,0.95,20.7,N/a,N/a,26.5,38.0,33.0,332.0,105.0,31.6,8.74,2.76,0.09,0.3,17.3,8.0,2.0,3.0,32.6,30.4,0.09,0.4,0.6,N/a,Leicester City,13945.0,17486.0,79.7,234016.0,83996.0,6703.0,7482.0,89.6,5797.0,6664.0,87.0,1073.0,2370.0,45.3,25.0,25.1,24.1,-0.1,252.0,953.0,216.0,67.0,1082.0,15728.0,1695.0,449.0,52.0,47.0,621.0,664.0,139.0,86.0,29.0,4.0,63.0,319.0,585.0,15.39,427.0,49.0,44.0,26.0,34.0,5.0,56.0,1.47,37.0,4.0,6.0,5.0,4.0,0.0,728.0,431.0,361.0,278.0,89.0,336.0,695.0,48.3,359.0,505.0,198.0,307.0,327.0,1055.0,987.0,31.0,21748.0,2881.0,8066.0,9845.0,4048.0,632.0,21745.0,638.0,264.0,41.4,304.0,47.6,12276.0,61780.0,30421.0,576.0,365.0,143.0,500.0,336.0,13828.0,1072.0,90,100,418,82,250,168,19,174,0.66,33,80,-47,-1.24,N/a,32.6,71.9,-39.3,-1.03,N/a,87.0,0.0,0.0,420.0,393.0,63.0,3.0,4.0,3.0,1478.0,503.0,579.0,46.5
Stephy Mavididi,eng ENG,FW,26,30,16,1615,17.9,4,1,5,4,0,0,2,0,1.8,1.8,2.6,4.4,91,57,138,0.22,0.06,0.28,0.22,0.28,0.10,0.15,0.25,0.10,0.25,Matches,Leicester City,N/a,N/a,N/a,N/a,N/a,N/a,N/a,N/a,N/a,N/a,N/a,N/a,N/a,N/a,N/a,N/a,N/a,N/a,N/a,N/a,N/a,N/a,N/a,N/a,N/a,N/a,N/a,N/a,N/a,N/a,N/a,N/a,N/a,N/a,N/a,N/a,N/a,N/a,N/a,N/a,N/a,N/a,N/a,N/a,N/a,N/a,eng ENG,FW,26.0,17.9,4.0,26.0,7.0,26.9,1.45,0.39,0.15,0.57,16.1,1.0,0.0,0.0,1.8,1.8,0.07,2.2,2.2,Matches,Leicester City,460.0,613.0,75.0,6191.0,1429.0,286.0,314.0,91.1,124.0,184.0,67.4,18.0,43.0,41.9,1.0,2.6,3.3,-1.6,22.0,32.0,26.0,7.0,57.0,588.0,20.0,2.0,6.0,0.0,69.0,11.0,7.0,4.0,2.0,0.0,5.0,24.0,50.0,2.78,39.0,2.0,4.0,2.0,2.0,1.0,7.0,0.39,6.0,0.0,1.0,0.0,0.0,0.0,34.0,19.0,16.0,10.0,8.0,14.0,42.0,33.3,28.0,26.0,2.0,24.0,11.0,45.0,15.0,0.0,863.0,23.0,132.0,327.0,421.0,61.0,863.0,95.0,35.0,36.8,47.0,49.5,583.0,4343.0,2355.0,91.0,40.0,27.0,39.0,35.0,623.0,138.0,54,47.2,16,81,3,14,23,3,0.50,18,38,-20,-1.11,+0.23,17.9,36.1,-18.1,-1.01,+0.04,2.0,0.0,0.0,18.0,18.0,3.0,0.0,0.0,0.0,83.0,9.0,15.0,37.5
Thomas Cannon,ie IRL,FW,21,0,0,N/a,N/a,N/a,N/a,N/a,N/a,N/a,N/a,N/a,N/a,N/a,N/a,N/a,N/a,N/a,N/a,N/a,N/a,N/a,N/a,N/a,N/a,N/a,N/a,N/a,N/a,N/a,Matches,Leicester City,N/a,N/a,N/a,N/a,N/a,N/a,N/a,N/a,N/a,N/a,N/a,N/a,N/a,N/a,N/a,N/a,N/a,N/a,N/a,N/a,N/a,N/a,N/a,N/a,N/a,N/a,N/a,N/a,N/a,N/a,N/a,N/a,N/a,N/a,N/a,N/a,N/a,N/a,N/a,N/a,N/a,N/a,N/a,N/a,N/a,N/a,N/a,N/a,N/a,N/a,N/a,N/a,N/a,N/a,N/a,N/a,N/a,N/a,N/a,N/a,N/a,N/a,N/a,N/a,N/a,N/a,N/a,N/a,N/a,N/a,N/a,N/a,N/a,N/a,N/a,N/a,N/a,N/a,N/a,N/a,N/a,N/a,N/a,N/a,N/a,N/a,N/a,N/a,N/a,N/a,N/a,N/a,N/a,N/a,N/a,N/a,N/a,N/a,N/a,N/a,N/a,N/a,N/a,N/a,N/a,N/a,N/a,N/a,N/a,N/a,N/a,N/a,N/a,N/a,N/a,N/a,N/a,N/a,N/a,N/a,N/a,N/a,N/a,N/a,N/a,N/a,N/a,N/a,N/a,N/a,N/a,N/a,N/a,N/a,N/a,N/a,N/a,N/a,N/a,N/a,N/a,N/a,N/a,N/a,N/a,N/a,N/a,N/a,N/a,N/a,N/a,N/a,N/a,N/a,N/a,N/a,N/a,N/a,N/a,N/a,N/a,0,N/a,0,0,N/a,1,N/a,N/a,N/a,N/a,N/a,N/a,N/a,N/a,N/a,N/a,N/a,N/a,N/a,N/a,N/a,N/a,N/a,N/a,N/a,N/a,N/a,N/a,N/a,N/a
Thomas Wilson-Brown,eng ENG,DF,19,0,0,N/a,N/a,N/a,N/a,N/a,N/a,N/a,N/a,N/a,N/a,N/a,N/a,N/a,N/a,N/a,N/a,N/a,N/a,N/a,N/a,N/a,N/a,N/a,N/a,N/a,N/a,N/a,Matches,Leicester City,N/a,N/a,N/a,N/a,N/a,N/a,N/a,N/a,N/a,N/a,N/a,N/a,N/a,N/a,N/a,N/a,N/a,N/a,N/a,N/a,N/a,N/a,N/a,N/a,N/a,N/a,N/a,N/a,N/a,N/a,N/a,N/a,N/a,N/a,N/a,N/a,N/a,N/a,N/a,N/a,N/a,N/a,N/a,N/a,N/a,N/a,N/a,N/a,N/a,N/a,N/a,N/a,N/a,N/a,N/a,N/a,N/a,N/a,N/a,N/a,N/a,N/a,N/a,N/a,N/a,N/a,N/a,N/a,N/a,N/a,N/a,N/a,N/a,N/a,N/a,N/a,N/a,N/a,N/a,N/a,N/a,N/a,N/a,N/a,N/a,N/a,N/a,N/a,N/a,N/a,N/a,N/a,N/a,N/a,N/a,N/a,N/a,N/a,N/a,N/a,N/a,N/a,N/a,N/a,N/a,N/a,N/a,N/a,N/a,N/a,N/a,N/a,N/a,N/a,N/a,N/a,N/a,N/a,N/a,N/a,N/a,N/a,N/a,N/a,N/a,N/a,N/a,N/a,N/a,N/a,N/a,N/a,N/a,N/a,N/a,N/a,N/a,N/a,N/a,N/a,N/a,N/a,N/a,N/a,N/a,N/a,N/a,N/a,N/a,N/a,N/a,N/a,N/a,N/a,N/a,N/a,N/a,N/a,N/a,N/a,N/a,0,N/a,0,0,N/a,1,N/a,N/a,N/a,N/a,N/a,N/a,N/a,N/a,N/a,N/a,N/a,N/a,N/a,N/a,N/a,N/a,N/a,N/a,N/a,N/a,N/a,N/a,N/a,N/a
Victor Bernth Kristiansen,dk DEN,DF,21,30,29,2482,27.6,0,1,1,0,0,0,1,0,0.3,0.3,1.4,1.7,40,70,78,0.00,0.04,0.04,0.00,0.04,0.01,0.05,0.06,0.01,0.06,Matches,Leicester City,N/a,N/a,N/a,N/a,N/a,N/a,N/a,N/a,N/a,N/a,N/a,N/a,N/a,N/a,N/a,N/a,N/a,N/a,N/a,N/a,N/a,N/a,N/a,N/a,N/a,N/a,N/a,N/a,N/a,N/a,N/a,N/a,N/a,N/a,N/a,N/a,N/a,N/a,N/a,N/a,N/a,N/a,N/a,N/a,N/a,N/a,dk DEN,DF,21.0,27.6,0.0,3.0,0.0,0.0,0.11,0.0,0.0,N/a,17.7,0.0,0.0,0.0,0.3,0.3,0.11,-0.3,-0.3,Matches,Leicester City,1023.0,1321.0,77.4,16420.0,5859.0,519.0,581.0,89.3,418.0,524.0,79.8,65.0,157.0,41.4,1.0,1.4,1.7,-0.4,18.0,76.0,23.0,18.0,70.0,1067.0,246.0,40.0,1.0,2.0,97.0,189.0,17.0,14.0,2.0,0.0,8.0,24.0,42.0,1.52,33.0,6.0,1.0,0.0,2.0,0.0,3.0,0.11,3.0,0.0,0.0,0.0,0.0,0.0,87.0,51.0,56.0,26.0,5.0,49.0,91.0,53.8,42.0,38.0,15.0,23.0,42.0,129.0,75.0,3.0,1614.0,115.0,577.0,722.0,329.0,17.0,1614.0,18.0,8.0,44.4,9.0,50.0,816.0,3948.0,1866.0,40.0,26.0,5.0,15.0,13.0,887.0,78.0,83,72.6,29,85,20,1,14,5,0.60,19,62,-43,-1.56,-1.18,20.6,53.4,-32.8,-1.19,-0.57,1.0,0.0,0.0,19.0,18.0,3.0,0.0,1.0,1.0,99.0,22.0,42.0,34.4
Wilfred Ndidi,ng NGA,MF,27,28,28,2324,25.8,0,5,5,0,0,0,8,0,2.0,2.0,1.9,3.9,18,70,75,0.00,0.19,0.19,0.00,0.19,0.08,0.07,0.15,0.08,0.15,Matches,Leicester City,N/a,N/a,N/a,N/a,N/a,N/a,N/a,N/a,N/a,N/a,N/a,N/a,N/a,N/a,N/a,N/a,N/a,N/a,N/a,N/a,N/a,N/a,N/a,N/a,N/a,N/a,N/a,N/a,N/a,N/a,N/a,N/a,N/a,N/a,N/a,N/a,N/a,N/a,N/a,N/a,N/a,N/a,N/a,N/a,N/a,N/a,ng NGA,MF,27.0,25.8,0.0,22.0,8.0,36.4,0.85,0.31,0.0,0.0,13.9,0.0,0.0,0.0,2.0,2.0,0.09,-2.0,-2.0,Matches,Leicester City,839.0,1045.0,80.3,12034.0,3031.0,463.0,530.0,87.4,282.0,343.0,82.2,39.0,73.0,53.4,5.0,1.9,1.5,3.1,17.0,68.0,11.0,3.0,70.0,1020.0,22.0,13.0,4.0,4.0,30.0,9.0,0.0,0.0,0.0,0.0,3.0,26.0,31.0,1.2,29.0,0.0,1.0,1.0,0.0,0.0,4.0,0.15,4.0,0.0,0.0,0.0,0.0,0.0,85.0,51.0,45.0,32.0,8.0,30.0,61.0,49.2,31.0,47.0,19.0,28.0,31.0,116.0,80.0,0.0,1400.0,119.0,461.0,699.0,253.0,61.0,1400.0,33.0,13.0,39.4,18.0,54.5,670.0,2727.0,1101.0,18.0,23.0,2.0,37.0,33.0,834.0,75.0,83,68.0,28,83,15,0,N/a,0,0.79,24,48,-24,-0.93,+0.96,20.7,48.3,-27.7,-1.07,-0.12,8.0,0.0,0.0,39.0,18.0,3.0,0.0,0.0,1.0,127.0,61.0,59.0,50.8
Will Alves,eng ENG,FW,19,1,0,1,0.0,0,0,0,0,0,0,0,0,0.0,0.0,0.0,0.0,0,0,1,0.00,0.00,0.00,0.00,0.00,0.00,0.00,0.00,0.00,0.00,Matches,Leicester City,N/a,N/a,N/a,N/a,N/a,N/a,N/a,N/a,N/a,N/a,N/a,N/a,N/a,N/a,N/a,N/a,N/a,N/a,N/a,N/a,N/a,N/a,N/a,N/a,N/a,N/a,N/a,N/a,N/a,N/a,N/a,N/a,N/a,N/a,N/a,N/a,N/a,N/a,N/a,N/a,N/a,N/a,N/a,N/a,N/a,N/a,eng ENG,FW,19.0,0.0,0.0,0.0,0.0,N/a,0.0,0.0,N/a,N/a,N/a,0.0,0.0,0.0,0.0,0.0,N/a,0.0,0.0,Matches,Leicester City,1.0,1.0,100.0,12.0,0.0,1.0,1.0,100.0,0.0,0.0,N/a,0.0,0.0,N/a,0.0,0.0,0.0,0.0,0.0,0.0,0.0,0.0,0.0,1.0,0.0,0.0,0.0,0.0,0.0,0.0,0.0,0.0,0.0,0.0,0.0,0.0,0.0,0.0,0.0,0.0,0.0,0.0,0.0,0.0,0.0,0.0,0.0,0.0,0.0,0.0,0.0,0.0,0.0,0.0,0.0,0.0,0.0,0.0,0.0,N/a,0.0,0.0,0.0,0.0,0.0,0.0,0.0,0.0,1.0,0.0,0.0,0.0,1.0,0.0,1.0,0.0,0.0,N/a,0.0,N/a,1.0,5.0,5.0,0.0,0.0,0.0,0.0,0.0,1.0,1.0,1,0.0,0,N/a,0,1,1,2,0.00,0,0,0,0.00,+1.24,0.0,0.0,0.0,+2.92,+3.96,0.0,0.0,0.0,0.0,0.0,0.0,0.0,0.0,0.0,0.0,0.0,0.0,N/a
Wout Faes,be BEL,DF,26,34,30,2815,31.3,1,0,1,1,0,0,4,0,1.5,1.5,0.1,1.6,12,86,1,0.03,0.00,0.03,0.03,0.03,0.05,0.00,0.05,0.05,0.05,Matches,Leicester City,N/a,N/a,N/a,N/a,N/a,N/a,N/a,N/a,N/a,N/a,N/a,N/a,N/a,N/a,N/a,N/a,N/a,N/a,N/a,N/a,N/a,N/a,N/a,N/a,N/a,N/a,N/a,N/a,N/a,N/a,N/a,N/a,N/a,N/a,N/a,N/a,N/a,N/a,N/a,N/a,N/a,N/a,N/a,N/a,N/a,N/a,be BEL,DF,26.0,31.3,1.0,12.0,1.0,8.3,0.38,0.03,0.08,1.0,9.7,0.0,0.0,0.0,1.5,1.5,0.13,-0.5,-0.5,Matches,Leicester City,1376.0,1564.0,88.0,25369.0,9014.0,537.0,569.0,94.4,724.0,763.0,94.9,110.0,204.0,53.9,0.0,0.1,0.4,-0.1,4.0,83.0,6.0,0.0,86.0,1507.0,54.0,27.0,2.0,7.0,5.0,6.0,0.0,0.0,0.0,0.0,3.0,7.0,17.0,0.54,15.0,0.0,0.0,1.0,0.0,1.0,0.0,0.0,0.0,0.0,0.0,0.0,0.0,0.0,42.0,26.0,26.0,14.0,2.0,25.0,48.0,52.1,23.0,48.0,35.0,13.0,26.0,68.0,185.0,4.0,1906.0,318.0,962.0,885.0,68.0,27.0,1906.0,6.0,5.0,83.3,1.0,16.7,1107.0,5050.0,2928.0,12.0,13.0,2.0,17.0,6.0,1268.0,1.0,83,82.3,30,90,30,4,29,1,0.71,29,63,-34,-1.09,+0.85,27.7,57.3,-29.6,-0.94,+0.50,4.0,0.0,0.0,23.0,11.0,1.0,0.0,0.0,0.0,90.0,45.0,36.0,55.6
Woyo Coulibaly,ml MLI,DF,25,4,1,109,1.2,0,0,0,0,0,0,1,0,0.0,0.0,0.0,0.0,4,3,2,0.00,0.00,0.00,0.00,0.00,0.04,0.00,0.04,0.04,0.04,Matches,Leicester City,N/a,N/a,N/a,N/a,N/a,N/a,N/a,N/a,N/a,N/a,N/a,N/a,N/a,N/a,N/a,N/a,N/a,N/a,N/a,N/a,N/a,N/a,N/a,N/a,N/a,N/a,N/a,N/a,N/a,N/a,N/a,N/a,N/a,N/a,N/a,N/a,N/a,N/a,N/a,N/a,N/a,N/a,N/a,N/a,N/a,N/a,ml MLI,DF,25.0,1.2,0.0,2.0,1.0,50.0,1.65,0.83,0.0,0.0,19.4,0.0,0.0,0.0,0.0,0.0,0.02,0.0,0.0,Matches,Leicester City,48.0,57.0,84.2,797.0,314.0,28.0,34.0,82.4,16.0,19.0,84.2,4.0,4.0,100.0,0.0,0.0,0.0,0.0,0.0,3.0,0.0,0.0,3.0,44.0,13.0,0.0,0.0,0.0,0.0,13.0,0.0,0.0,0.0,0.0,0.0,0.0,0.0,0.0,0.0,0.0,0.0,0.0,0.0,0.0,0.0,0.0,0.0,0.0,0.0,0.0,0.0,0.0,6.0,4.0,4.0,2.0,0.0,2.0,2.0,100.0,0.0,3.0,1.0,2.0,5.0,11.0,1.0,0.0,76.0,8.0,27.0,31.0,20.0,4.0,76.0,1.0,0.0,0.0,1.0,100.0,48.0,288.0,169.0,4.0,2.0,1.0,4.0,0.0,36.0,2.0,27,3.2,1,45,0,3,21,6,0.75,0,6,-6,-4.95,-3.84,0.7,2.5,-1.7,-1.46,-0.44,1.0,0.0,0.0,2.0,1.0,0.0,0.0,0.0,0.0,14.0,0.0,3.0,0.0
N/a,N/a,N/a,N/a,N/a,Playing Time,Playing Time,Playing Time,Performance,Performance,Performance,Performance,Performance,Performance,Performance,Performance,Expected,Expected,Expected,Expected,Progression,Progression,Progression,Per 90 Minutes,Per 90 Minutes,Per 90 Minutes,Per 90 Minutes,Per 90 Minutes,Per 90 Minutes,Per 90 Minutes,Per 90 Minutes,Per 90 Minutes,Per 90 Minutes,N/a,Leicester City,N/a,N/a,N/a,N/a,N/a,N/a,N/a,N/a,N/a,N/a,N/a,N/a,N/a,N/a,N/a,N/a,N/a,N/a,N/a,N/a,N/a,N/a,N/a,N/a,N/a,N/a,N/a,N/a,N/a,N/a,N/a,N/a,N/a,N/a,N/a,N/a,N/a,N/a,N/a,N/a,N/a,N/a,N/a,N/a,N/a,N/a,N/a,N/a,N/a,N/a,N/a,N/a,N/a,N/a,N/a,N/a,N/a,N/a,N/a,N/a,N/a,N/a,N/a,N/a,N/a,N/a,N/a,N/a,N/a,N/a,N/a,N/a,N/a,N/a,N/a,N/a,N/a,N/a,N/a,N/a,N/a,N/a,N/a,N/a,N/a,N/a,N/a,N/a,N/a,N/a,N/a,N/a,N/a,N/a,N/a,N/a,N/a,N/a,N/a,N/a,N/a,N/a,N/a,N/a,N/a,N/a,N/a,N/a,N/a,N/a,N/a,N/a,N/a,N/a,N/a,N/a,N/a,N/a,N/a,N/a,N/a,N/a,N/a,N/a,N/a,N/a,N/a,N/a,N/a,N/a,N/a,N/a,N/a,N/a,N/a,N/a,N/a,N/a,N/a,N/a,N/a,N/a,N/a,N/a,N/a,N/a,N/a,N/a,N/a,N/a,N/a,N/a,N/a,N/a,N/a,N/a,N/a,N/a,N/a,Playing Time,Playing Time,Starts,Starts,Starts,Subs,Subs,Subs,Team Success,Team Success,Team Success,Team Success,Team Success,Team Success,Team Success (xG),Team Success (xG),Team Success (xG),Team Success (xG),Team Success (xG),N/a,N/a,N/a,N/a,N/a,N/a,N/a,N/a,N/a,N/a,N/a,N/a,N/a
