Player,Unnamed: 1_level_0_Nation,Unnamed: 2_level_0_Pos,Unnamed: 3_level_0_Age,Unnamed: 4_level_0_MP,Playing Time_Starts,Playing Time_Min,Playing Time_90s,Performance_Gls,Performance_Ast,Performance_G+A,Performance_G-PK,Performance_PK,Performance_PKatt,Performance_CrdY,Performance_CrdR,Expected_xG,Expected_npxG,Expected_xAG,Expected_npxG+xAG,Progression_PrgC,Progression_PrgP,Progression_PrgR,Per 90 Minutes_Gls,Per 90 Minutes_Ast,Per 90 Minutes_G+A,Per 90 Minutes_G-PK,Per 90 Minutes_G+A-PK,Per 90 Minutes_xG,Per 90 Minutes_xAG,Per 90 Minutes_xG+xAG,Per 90 Minutes_npxG,Per 90 Minutes_npxG+xAG,Unnamed: 33_level_0_Matches,Team,Unnamed: 1_level_0_Nation_stats_keeper_9,Unnamed: 2_level_0_Pos_stats_keeper_9,Unnamed: 3_level_0_Age_stats_keeper_9,Playing Time_MP,Playing Time_Min_stats_keeper_9,Performance_GA,Performance_GA90,Performance_SoTA,Performance_Saves,Performance_Save%,Performance_W,Performance_D,Performance_L,Performance_CS,Performance_CS%,Penalty Kicks_PKatt,Penalty Kicks_PKA,Penalty Kicks_PKsv,Penalty Kicks_PKm,Penalty Kicks_Save%,Unnamed: 23_level_0_Matches,Team_stats_keeper_9,Goals_FK,Goals_CK,Goals_OG,Expected_PSxG,Expected_PSxG/SoT,Expected_PSxG+/-,Expected_/90,Launched_Cmp,Launched_Att,Launched_Cmp%,Passes_Att (GK),Passes_Thr,Passes_Launch%,Passes_AvgLen,Goal Kicks_Att,Goal Kicks_Launch%,Goal Kicks_AvgLen,Crosses_Opp,Crosses_Stp,Crosses_Stp%,Sweeper_#OPA,Sweeper_#OPA/90,Sweeper_AvgDist,Unnamed: 1_level_0_Nation_stats_shooting_9,Unnamed: 2_level_0_Pos_stats_shooting_9,Unnamed: 3_level_0_Age_stats_shooting_9,Unnamed: 4_level_0_90s_stats_shooting_9,Standard_Gls,Standard_Sh,Standard_SoT,Standard_SoT%,Standard_Sh/90,Standard_SoT/90,Standard_G/Sh,Standard_G/SoT,Standard_Dist,Standard_FK,Standard_PK,Standard_PKatt,Expected_xG_stats_shooting_9,Expected_npxG_stats_shooting_9,Expected_npxG/Sh,Expected_G-xG,Expected_np:G-xG,Unnamed: 22_level_0_Matches,Team_stats_shooting_9,Total_Cmp,Total_Att,Total_Cmp%,Total_TotDist,Total_PrgDist,Short_Cmp,Short_Att,Short_Cmp%,Medium_Cmp,Medium_Att,Medium_Cmp%,Long_Cmp,Long_Att,Long_Cmp%,Unnamed: 19_level_0_Ast,Unnamed: 20_level_0_xAG,Expected_xA,Expected_A-xAG,Unnamed: 23_level_0_KP,Unnamed: 24_level_0_1/3,Unnamed: 25_level_0_PPA,Unnamed: 26_level_0_CrsPA,Unnamed: 27_level_0_PrgP,Pass Types_Live,Pass Types_Dead,Pass Types_FK,Pass Types_TB,Pass Types_Sw,Pass Types_Crs,Pass Types_TI,Pass Types_CK,Corner Kicks_In,Corner Kicks_Out,Corner Kicks_Str,Outcomes_Off,Outcomes_Blocks,SCA_SCA,SCA_SCA90,SCA Types_PassLive,SCA Types_PassDead,SCA Types_TO,SCA Types_Sh,SCA Types_Fld,SCA Types_Def,GCA_GCA,GCA_GCA90,GCA Types_PassLive,GCA Types_PassDead,GCA Types_TO,GCA Types_Sh,GCA Types_Fld,GCA Types_Def,Tackles_Tkl,Tackles_TklW,Tackles_Def 3rd,Tackles_Mid 3rd,Tackles_Att 3rd,Challenges_Tkl,Challenges_Att,Challenges_Tkl%,Challenges_Lost,Blocks_Blocks,Blocks_Sh,Blocks_Pass,Unnamed: 17_level_0_Int,Unnamed: 18_level_0_Tkl+Int,Unnamed: 19_level_0_Clr,Unnamed: 20_level_0_Err,Touches_Touches,Touches_Def Pen,Touches_Def 3rd,Touches_Mid 3rd,Touches_Att 3rd,Touches_Att Pen,Touches_Live,Take-Ons_Att,Take-Ons_Succ,Take-Ons_Succ%,Take-Ons_Tkld,Take-Ons_Tkld%,Carries_Carries,Carries_TotDist,Carries_PrgDist,Carries_PrgC,Carries_1/3,Carries_CPA,Carries_Mis,Carries_Dis,Receiving_Rec,Receiving_PrgR,Playing Time_Mn/MP,Playing Time_Min%,Starts_Starts,Starts_Mn/Start,Starts_Compl,Subs_Subs,Subs_Mn/Sub,Subs_unSub,Team Success_PPM,Team Success_onG,Team Success_onGA,Team Success_+/-,Team Success_+/-90,Team Success_On-Off,Team Success (xG)_onxG,Team Success (xG)_onxGA,Team Success (xG)_xG+/-,Team Success (xG)_xG+/-90,Team Success (xG)_On-Off,Performance_CrdY_stats_misc_9,Performance_CrdR_stats_misc_9,Performance_2CrdY,Performance_Fls,Performance_Fld,Performance_Off,Performance_PKwon,Performance_PKcon,Performance_OG,Performance_Recov,Aerial Duels_Won,Aerial Duels_Lost,Aerial Duels_Won%
Alejandro Garnacho,ar ARG,"MF,FW",20,36,23,2199,24.4,6,2,8,6,0,0,3,0,7.3,7.3,4.5,11.8,141,56,290,0.25,0.08,0.33,0.25,0.33,0.30,0.19,0.48,0.30,0.48,Matches,Manchester Utd,N/a,N/a,N/a,N/a,N/a,N/a,N/a,N/a,N/a,N/a,N/a,N/a,N/a,N/a,N/a,N/a,N/a,N/a,N/a,N/a,N/a,N/a,N/a,N/a,N/a,N/a,N/a,N/a,N/a,N/a,N/a,N/a,N/a,N/a,N/a,N/a,N/a,N/a,N/a,N/a,N/a,N/a,N/a,N/a,N/a,ar ARG,"MF,FW",20.0,24.4,6.0,84.0,29.0,34.5,3.44,1.19,0.07,0.21,17.0,0.0,0.0,0.0,7.3,7.3,0.09,-1.3,-1.3,Matches,Manchester Utd,649.0,823.0,78.9,9138.0,1181.0,405.0,458.0,88.4,183.0,223.0,82.1,31.0,52.0,59.6,2.0,4.5,2.8,-2.5,37.0,22.0,25.0,5.0,56.0,798.0,24.0,3.0,2.0,9.0,56.0,16.0,2.0,1.0,0.0,0.0,1.0,54.0,83.0,3.4,64.0,1.0,3.0,9.0,6.0,0.0,6.0,0.25,4.0,0.0,0.0,1.0,1.0,0.0,30.0,18.0,11.0,6.0,13.0,12.0,37.0,32.4,25.0,19.0,0.0,19.0,13.0,43.0,11.0,2.0,1159.0,13.0,130.0,364.0,683.0,176.0,1159.0,89.0,26.0,29.2,55.0,61.8,840.0,6365.0,3245.0,141.0,72.0,67.0,64.0,48.0,888.0,290.0,61,64.3,23,81,14,13,26,0,1.00,26,36,-10,-0.41,-0.41,35.6,35.0,+0.5,+0.02,+0.15,3.0,0.0,0.0,12.0,43.0,10.0,0.0,0.0,0.0,108.0,3.0,24.0,11.1
Altay Bayındır,tr TUR,GK,26,4,4,360,4.0,0,0,0,0,0,0,0,0,0.0,0.0,0.0,0.0,0,0,0,0.00,0.00,0.00,0.00,0.00,0.00,0.00,0.00,0.00,0.00,Matches,Manchester Utd,tr TUR,GK,26.0,4.0,360.0,10.0,2.5,17.0,8.0,41.2,1.0,0.0,3.0,1.0,25.0,0.0,0.0,0.0,0.0,N/a,Matches,Manchester Utd,0.0,0.0,1.0,10.1,0.59,1.1,0.27,13.0,62.0,21.0,128.0,12.0,34.4,34.1,24.0,75.0,53.8,56.0,4.0,7.1,7.0,1.75,12.0,tr TUR,GK,26.0,4.0,0.0,0.0,0.0,N/a,0.0,0.0,N/a,N/a,N/a,0.0,0.0,0.0,0.0,0.0,N/a,0.0,0.0,Matches,Manchester Utd,92.0,152.0,60.5,2444.0,1386.0,13.0,13.0,100.0,52.0,55.0,94.5,26.0,81.0,32.1,0.0,0.0,0.0,0.0,0.0,1.0,0.0,0.0,0.0,121.0,31.0,7.0,0.0,0.0,0.0,0.0,0.0,0.0,0.0,0.0,0.0,2.0,0.0,0.0,0.0,0.0,0.0,0.0,0.0,0.0,0.0,0.0,0.0,0.0,0.0,0.0,0.0,0.0,0.0,0.0,0.0,0.0,0.0,0.0,1.0,0.0,1.0,0.0,0.0,0.0,0.0,0.0,9.0,1.0,168.0,145.0,166.0,2.0,0.0,0.0,168.0,0.0,0.0,N/a,0.0,N/a,110.0,432.0,196.0,0.0,0.0,0.0,0.0,0.0,103.0,0.0,90,10.5,4,90,4,0,N/a,27,0.75,6,10,-4,-1.00,-0.82,7.3,7.0,+0.3,+0.06,+0.11,0.0,0.0,0.0,0.0,1.0,0.0,0.0,0.0,0.0,3.0,1.0,1.0,50.0
Amad Diallo,ci CIV,"MF,FW",22,26,20,1901,21.1,8,6,14,8,0,0,5,0,4.7,4.7,4.9,9.6,109,60,200,0.38,0.28,0.66,0.38,0.66,0.22,0.23,0.45,0.22,0.45,Matches,Manchester Utd,N/a,N/a,N/a,N/a,N/a,N/a,N/a,N/a,N/a,N/a,N/a,N/a,N/a,N/a,N/a,N/a,N/a,N/a,N/a,N/a,N/a,N/a,N/a,N/a,N/a,N/a,N/a,N/a,N/a,N/a,N/a,N/a,N/a,N/a,N/a,N/a,N/a,N/a,N/a,N/a,N/a,N/a,N/a,N/a,N/a,ci CIV,"MF,FW",22.0,21.1,8.0,47.0,17.0,36.2,2.23,0.8,0.17,0.47,17.5,0.0,0.0,0.0,4.7,4.7,0.1,3.3,3.3,Matches,Manchester Utd,795.0,949.0,83.8,11030.0,2193.0,493.0,542.0,91.0,227.0,264.0,86.0,40.0,72.0,55.6,6.0,4.9,4.2,1.1,49.0,27.0,35.0,7.0,60.0,859.0,86.0,5.0,3.0,1.0,42.0,49.0,32.0,23.0,1.0,1.0,4.0,20.0,97.0,4.59,65.0,9.0,10.0,3.0,6.0,4.0,18.0,0.85,7.0,0.0,4.0,1.0,2.0,4.0,38.0,31.0,9.0,20.0,9.0,19.0,32.0,59.4,13.0,15.0,2.0,13.0,11.0,49.0,19.0,1.0,1207.0,16.0,175.0,443.0,607.0,131.0,1207.0,88.0,41.0,46.6,43.0,48.9,782.0,5295.0,2750.0,109.0,53.0,66.0,42.0,35.0,854.0,200.0,73,55.6,20,87,14,6,28,2,1.08,28,30,-2,-0.09,+0.38,31.8,31.4,+0.4,+0.02,+0.12,5.0,0.0,0.0,21.0,28.0,9.0,2.0,0.0,0.0,109.0,10.0,15.0,40.0
André Onana,cm CMR,GK,28,34,34,3060,34.0,0,0,0,0,0,0,0,0,0.0,0.0,0.2,0.2,0,1,0,0.00,0.00,0.00,0.00,0.00,0.00,0.00,0.00,0.00,0.00,Matches,Manchester Utd,cm CMR,GK,28.0,34.0,3060.0,44.0,1.29,132.0,88.0,68.9,10.0,9.0,15.0,9.0,26.5,4.0,3.0,1.0,0.0,25.0,Matches,Manchester Utd,1.0,10.0,1.0,44.0,0.31,1.0,0.03,118.0,440.0,26.8,1152.0,136.0,29.7,30.3,149.0,65.8,47.2,399.0,22.0,5.5,23.0,0.68,11.8,cm CMR,GK,28.0,34.0,0.0,0.0,0.0,N/a,0.0,0.0,N/a,N/a,N/a,0.0,0.0,0.0,0.0,0.0,N/a,0.0,0.0,Matches,Manchester Utd,948.0,1306.0,72.6,22819.0,13922.0,220.0,222.0,99.1,524.0,529.0,99.1,199.0,544.0,36.6,0.0,0.2,0.2,-0.2,1.0,28.0,0.0,0.0,1.0,1066.0,235.0,86.0,1.0,2.0,0.0,0.0,0.0,0.0,0.0,0.0,5.0,0.0,4.0,0.12,3.0,1.0,0.0,0.0,0.0,0.0,0.0,0.0,0.0,0.0,0.0,0.0,0.0,0.0,2.0,2.0,2.0,0.0,0.0,2.0,4.0,50.0,2.0,0.0,0.0,0.0,0.0,2.0,11.0,4.0,1371.0,1046.0,1350.0,22.0,0.0,0.0,1371.0,1.0,1.0,100.0,0.0,0.0,961.0,4851.0,2676.0,0.0,0.0,0.0,1.0,0.0,832.0,0.0,90,89.5,34,90,34,0,N/a,0,1.15,38,44,-6,-0.18,+0.82,45.3,46.8,-1.5,-0.04,-0.11,0.0,0.0,0.0,0.0,2.0,0.0,0.0,0.0,0.0,34.0,6.0,0.0,100.0
Antony,br BRA,"DF,MF",24,8,0,141,1.6,0,0,0,0,0,0,0,0,1.0,1.0,0.1,1.1,5,6,7,0.00,0.00,0.00,0.00,0.00,0.65,0.08,0.73,0.65,0.73,Matches,Manchester Utd,N/a,N/a,N/a,N/a,N/a,N/a,N/a,N/a,N/a,N/a,N/a,N/a,N/a,N/a,N/a,N/a,N/a,N/a,N/a,N/a,N/a,N/a,N/a,N/a,N/a,N/a,N/a,N/a,N/a,N/a,N/a,N/a,N/a,N/a,N/a,N/a,N/a,N/a,N/a,N/a,N/a,N/a,N/a,N/a,N/a,br BRA,"DF,MF",24.0,1.6,0.0,6.0,3.0,50.0,3.83,1.91,0.0,0.0,15.8,0.0,0.0,0.0,1.0,1.0,0.17,-1.0,-1.0,Matches,Manchester Utd,56.0,69.0,81.2,688.0,111.0,45.0,51.0,88.2,9.0,14.0,64.3,1.0,1.0,100.0,0.0,0.1,0.2,-0.1,3.0,1.0,5.0,2.0,6.0,62.0,7.0,2.0,0.0,0.0,5.0,5.0,0.0,0.0,0.0,0.0,0.0,1.0,8.0,5.11,6.0,0.0,1.0,0.0,1.0,0.0,0.0,0.0,0.0,0.0,0.0,0.0,0.0,0.0,6.0,3.0,4.0,2.0,0.0,2.0,5.0,40.0,3.0,2.0,0.0,2.0,2.0,8.0,0.0,0.0,101.0,2.0,22.0,26.0,54.0,8.0,101.0,11.0,4.0,36.4,6.0,54.5,60.0,317.0,182.0,5.0,6.0,1.0,5.0,1.0,69.0,7.0,18,4.1,0,N/a,0,8,18,11,0.88,5,2,+3,+1.91,+2.27,4.7,2.2,+2.5,+1.60,+1.71,0.0,0.0,0.0,2.0,5.0,0.0,0.0,0.0,0.0,11.0,0.0,1.0,0.0
Ayden Heaven,eng ENG,DF,17,4,2,170,1.9,0,0,0,0,0,0,1,0,0.1,0.1,0.0,0.2,1,7,1,0.00,0.00,0.00,0.00,0.00,0.07,0.01,0.08,0.07,0.08,Matches,Manchester Utd,N/a,N/a,N/a,N/a,N/a,N/a,N/a,N/a,N/a,N/a,N/a,N/a,N/a,N/a,N/a,N/a,N/a,N/a,N/a,N/a,N/a,N/a,N/a,N/a,N/a,N/a,N/a,N/a,N/a,N/a,N/a,N/a,N/a,N/a,N/a,N/a,N/a,N/a,N/a,N/a,N/a,N/a,N/a,N/a,N/a,eng ENG,DF,17.0,1.9,0.0,2.0,0.0,0.0,1.06,0.0,0.0,N/a,15.5,0.0,0.0,0.0,0.1,0.1,0.07,-0.1,-0.1,Matches,Manchester Utd,90.0,106.0,84.9,1542.0,458.0,35.0,39.0,89.7,51.0,56.0,91.1,3.0,7.0,42.9,0.0,0.0,0.0,0.0,1.0,4.0,0.0,0.0,7.0,104.0,1.0,1.0,0.0,0.0,0.0,0.0,0.0,0.0,0.0,0.0,1.0,3.0,4.0,2.12,0.0,0.0,1.0,2.0,1.0,0.0,0.0,0.0,0.0,0.0,0.0,0.0,0.0,0.0,4.0,3.0,1.0,3.0,0.0,2.0,2.0,100.0,0.0,2.0,2.0,0.0,4.0,8.0,9.0,0.0,136.0,30.0,68.0,60.0,10.0,2.0,136.0,4.0,2.0,50.0,2.0,50.0,95.0,491.0,259.0,1.0,1.0,0.0,3.0,1.0,93.0,1.0,43,5.0,2,58,0,2,28,4,1.75,1,1,0,0.00,+0.28,3.3,1.7,+1.6,+0.83,+0.91,1.0,0.0,0.0,4.0,4.0,0.0,0.0,0.0,0.0,11.0,2.0,3.0,40.0
Bruno Fernandes,pt POR,MF,29,36,35,3018,33.5,8,10,18,5,3,3,5,2,9.9,7.6,8.5,16.1,77,325,129,0.24,0.30,0.54,0.15,0.45,0.30,0.25,0.55,0.23,0.48,Matches,Manchester Utd,N/a,N/a,N/a,N/a,N/a,N/a,N/a,N/a,N/a,N/a,N/a,N/a,N/a,N/a,N/a,N/a,N/a,N/a,N/a,N/a,N/a,N/a,N/a,N/a,N/a,N/a,N/a,N/a,N/a,N/a,N/a,N/a,N/a,N/a,N/a,N/a,N/a,N/a,N/a,N/a,N/a,N/a,N/a,N/a,N/a,pt POR,MF,29.0,33.5,8.0,93.0,26.0,28.0,2.77,0.78,0.05,0.19,22.6,12.0,3.0,3.0,9.9,7.6,0.08,-1.9,-2.6,Matches,Manchester Utd,1707.0,2242.0,76.1,30541.0,10698.0,802.0,919.0,87.3,629.0,769.0,81.8,223.0,405.0,55.1,10.0,8.5,8.0,1.5,91.0,214.0,85.0,11.0,325.0,1988.0,237.0,98.0,31.0,22.0,186.0,19.0,91.0,44.0,22.0,5.0,17.0,55.0,193.0,5.76,136.0,37.0,5.0,6.0,7.0,2.0,13.0,0.39,10.0,2.0,0.0,1.0,0.0,0.0,84.0,50.0,27.0,38.0,19.0,34.0,85.0,40.0,51.0,35.0,6.0,29.0,26.0,110.0,35.0,3.0,2649.0,62.0,428.0,1263.0,983.0,80.0,2646.0,67.0,28.0,41.8,33.0,49.3,1542.0,7244.0,3866.0,77.0,65.0,14.0,43.0,43.0,1853.0,129.0,84,88.2,35,85,28,1,32,1,1.17,41,43,-2,-0.06,+1.73,48.5,45.2,+3.2,+0.10,+1.10,5.0,2.0,1.0,32.0,40.0,2.0,0.0,0.0,0.0,213.0,22.0,28.0,44.0
Casemiro,br BRA,MF,32,24,18,1494,16.6,1,0,1,1,0,0,5,0,1.9,1.9,2.3,4.2,4,84,28,0.06,0.00,0.06,0.06,0.06,0.11,0.14,0.25,0.11,0.25,Matches,Manchester Utd,N/a,N/a,N/a,N/a,N/a,N/a,N/a,N/a,N/a,N/a,N/a,N/a,N/a,N/a,N/a,N/a,N/a,N/a,N/a,N/a,N/a,N/a,N/a,N/a,N/a,N/a,N/a,N/a,N/a,N/a,N/a,N/a,N/a,N/a,N/a,N/a,N/a,N/a,N/a,N/a,N/a,N/a,N/a,N/a,N/a,br BRA,MF,32.0,16.6,1.0,32.0,10.0,31.3,1.93,0.6,0.03,0.1,19.5,0.0,0.0,0.0,1.9,1.9,0.06,-0.9,-0.9,Matches,Manchester Utd,780.0,990.0,78.8,13010.0,4069.0,369.0,425.0,86.8,313.0,374.0,83.7,69.0,113.0,61.1,0.0,2.3,2.0,-2.3,22.0,81.0,23.0,6.0,84.0,963.0,19.0,17.0,9.0,9.0,20.0,2.0,0.0,0.0,0.0,0.0,8.0,22.0,53.0,3.19,49.0,1.0,0.0,3.0,0.0,0.0,4.0,0.24,4.0,0.0,0.0,0.0,0.0,0.0,83.0,50.0,50.0,23.0,10.0,45.0,74.0,60.8,29.0,39.0,10.0,29.0,14.0,97.0,51.0,3.0,1250.0,75.0,374.0,633.0,251.0,43.0,1250.0,6.0,3.0,50.0,3.0,50.0,660.0,2047.0,934.0,4.0,10.0,0.0,12.0,10.0,800.0,28.0,62,43.7,18,76,7,6,22,14,1.29,18,20,-2,-0.12,+0.25,22.9,23.0,-0.1,-0.01,+0.04,5.0,0.0,0.0,20.0,19.0,4.0,0.0,0.0,0.0,103.0,36.0,19.0,65.5
Chidozie Obi-Martin,dk DEN,FW,16,7,1,165,1.8,0,0,0,0,0,0,1,0,0.7,0.7,0.0,0.7,2,1,12,0.00,0.00,0.00,0.00,0.00,0.36,0.00,0.36,0.36,0.36,Matches,Manchester Utd,N/a,N/a,N/a,N/a,N/a,N/a,N/a,N/a,N/a,N/a,N/a,N/a,N/a,N/a,N/a,N/a,N/a,N/a,N/a,N/a,N/a,N/a,N/a,N/a,N/a,N/a,N/a,N/a,N/a,N/a,N/a,N/a,N/a,N/a,N/a,N/a,N/a,N/a,N/a,N/a,N/a,N/a,N/a,N/a,N/a,dk DEN,FW,16.0,1.8,0.0,5.0,1.0,20.0,2.73,0.55,0.0,0.0,10.7,0.0,0.0,0.0,0.7,0.7,0.13,-0.7,-0.7,Matches,Manchester Utd,20.0,24.0,83.3,259.0,49.0,10.0,11.0,90.9,7.0,9.0,77.8,1.0,2.0,50.0,0.0,0.0,0.0,0.0,0.0,1.0,0.0,0.0,1.0,22.0,2.0,0.0,0.0,0.0,0.0,0.0,0.0,0.0,0.0,0.0,0.0,0.0,2.0,1.09,0.0,0.0,1.0,1.0,0.0,0.0,0.0,0.0,0.0,0.0,0.0,0.0,0.0,0.0,2.0,1.0,0.0,0.0,2.0,2.0,2.0,100.0,0.0,0.0,0.0,0.0,0.0,2.0,1.0,0.0,47.0,3.0,6.0,21.0,20.0,9.0,47.0,3.0,1.0,33.3,2.0,66.7,22.0,114.0,50.0,2.0,0.0,1.0,5.0,1.0,29.0,12.0,24,4.8,1,90,1,6,13,4,1.14,8,5,+3,+1.64,+2.00,5.5,3.6,+1.9,+1.03,+1.11,1.0,0.0,0.0,3.0,1.0,0.0,0.0,0.0,0.0,9.0,2.0,4.0,33.3
Christian Eriksen,dk DEN,MF,32,23,11,1061,11.8,1,2,3,0,1,1,4,0,1.4,0.6,3.2,3.8,13,55,29,0.08,0.17,0.25,0.00,0.17,0.12,0.27,0.39,0.05,0.32,Matches,Manchester Utd,N/a,N/a,N/a,N/a,N/a,N/a,N/a,N/a,N/a,N/a,N/a,N/a,N/a,N/a,N/a,N/a,N/a,N/a,N/a,N/a,N/a,N/a,N/a,N/a,N/a,N/a,N/a,N/a,N/a,N/a,N/a,N/a,N/a,N/a,N/a,N/a,N/a,N/a,N/a,N/a,N/a,N/a,N/a,N/a,N/a,dk DEN,MF,32.0,11.8,1.0,14.0,1.0,7.1,1.19,0.08,0.0,0.0,25.8,3.0,1.0,1.0,1.4,0.6,0.04,-0.4,-0.6,Matches,Manchester Utd,590.0,749.0,78.8,9936.0,3131.0,312.0,339.0,92.0,194.0,242.0,80.2,62.0,130.0,47.7,2.0,3.2,2.6,-1.2,31.0,54.0,13.0,6.0,55.0,645.0,102.0,31.0,8.0,8.0,85.0,5.0,62.0,24.0,20.0,5.0,2.0,6.0,56.0,4.74,38.0,15.0,0.0,3.0,0.0,0.0,7.0,0.59,5.0,2.0,0.0,0.0,0.0,0.0,19.0,9.0,4.0,12.0,3.0,11.0,27.0,40.7,16.0,15.0,5.0,10.0,7.0,26.0,8.0,0.0,850.0,26.0,173.0,397.0,284.0,17.0,849.0,4.0,0.0,0.0,4.0,100.0,473.0,1784.0,851.0,13.0,14.0,1.0,13.0,5.0,566.0,29.0,46,31.0,11,80,5,12,15,12,1.13,17,16,+1,+0.08,+0.50,18.3,18.2,+0.1,+0.01,+0.07,4.0,0.0,0.0,8.0,3.0,0.0,0.0,0.0,0.0,62.0,2.0,6.0,25.0
Dermot Mee,nir NIR,GK,21,0,0,N/a,N/a,N/a,N/a,N/a,N/a,N/a,N/a,N/a,N/a,N/a,N/a,N/a,N/a,N/a,N/a,N/a,N/a,N/a,N/a,N/a,N/a,N/a,N/a,N/a,N/a,N/a,Matches,Manchester Utd,N/a,N/a,N/a,N/a,N/a,N/a,N/a,N/a,N/a,N/a,N/a,N/a,N/a,N/a,N/a,N/a,N/a,N/a,N/a,N/a,N/a,N/a,N/a,N/a,N/a,N/a,N/a,N/a,N/a,N/a,N/a,N/a,N/a,N/a,N/a,N/a,N/a,N/a,N/a,N/a,N/a,N/a,N/a,N/a,N/a,N/a,N/a,N/a,N/a,N/a,N/a,N/a,N/a,N/a,N/a,N/a,N/a,N/a,N/a,N/a,N/a,N/a,N/a,N/a,N/a,N/a,N/a,N/a,N/a,N/a,N/a,N/a,N/a,N/a,N/a,N/a,N/a,N/a,N/a,N/a,N/a,N/a,N/a,N/a,N/a,N/a,N/a,N/a,N/a,N/a,N/a,N/a,N/a,N/a,N/a,N/a,N/a,N/a,N/a,N/a,N/a,N/a,N/a,N/a,N/a,N/a,N/a,N/a,N/a,N/a,N/a,N/a,N/a,N/a,N/a,N/a,N/a,N/a,N/a,N/a,N/a,N/a,N/a,N/a,N/a,N/a,N/a,N/a,N/a,N/a,N/a,N/a,N/a,N/a,N/a,N/a,N/a,N/a,N/a,N/a,N/a,N/a,N/a,N/a,N/a,N/a,N/a,N/a,N/a,N/a,N/a,N/a,N/a,N/a,N/a,N/a,N/a,N/a,N/a,N/a,0,N/a,0,0,N/a,2,N/a,N/a,N/a,N/a,N/a,N/a,N/a,N/a,N/a,N/a,N/a,N/a,N/a,N/a,N/a,N/a,N/a,N/a,N/a,N/a,N/a,N/a,N/a,N/a
Diogo Dalot,pt POR,DF,25,33,31,2814,31.3,0,3,3,0,0,0,5,0,2.0,2.0,2.0,4.1,62,103,168,0.00,0.10,0.10,0.00,0.10,0.07,0.07,0.13,0.07,0.13,Matches,Manchester Utd,N/a,N/a,N/a,N/a,N/a,N/a,N/a,N/a,N/a,N/a,N/a,N/a,N/a,N/a,N/a,N/a,N/a,N/a,N/a,N/a,N/a,N/a,N/a,N/a,N/a,N/a,N/a,N/a,N/a,N/a,N/a,N/a,N/a,N/a,N/a,N/a,N/a,N/a,N/a,N/a,N/a,N/a,N/a,N/a,N/a,pt POR,DF,25.0,31.3,0.0,25.0,5.0,20.0,0.8,0.16,0.0,0.0,16.1,0.0,0.0,0.0,2.0,2.0,0.08,-2.0,-2.0,Matches,Manchester Utd,1347.0,1673.0,80.5,21723.0,6617.0,694.0,773.0,89.8,525.0,641.0,81.9,95.0,170.0,55.9,3.0,2.0,2.5,1.0,26.0,61.0,25.0,8.0,103.0,1426.0,242.0,13.0,4.0,8.0,66.0,229.0,0.0,0.0,0.0,0.0,5.0,36.0,74.0,2.37,57.0,5.0,7.0,4.0,0.0,1.0,5.0,0.16,3.0,0.0,1.0,1.0,0.0,0.0,68.0,40.0,40.0,22.0,6.0,34.0,52.0,65.4,18.0,22.0,9.0,13.0,37.0,105.0,72.0,0.0,1983.0,113.0,661.0,773.0,566.0,68.0,1983.0,53.0,27.0,50.9,22.0,41.5,1126.0,4953.0,2699.0,62.0,37.0,16.0,38.0,21.0,1200.0,168.0,85,82.3,31,89,30,2,29,0,1.15,34,45,-11,-0.35,-0.50,39.9,46.1,-6.2,-0.20,-0.93,5.0,0.0,0.0,40.0,9.0,4.0,0.0,1.0,0.0,167.0,38.0,21.0,64.4
Elyh Harrison,eng ENG,GK,18,0,0,N/a,N/a,N/a,N/a,N/a,N/a,N/a,N/a,N/a,N/a,N/a,N/a,N/a,N/a,N/a,N/a,N/a,N/a,N/a,N/a,N/a,N/a,N/a,N/a,N/a,N/a,N/a,Matches,Manchester Utd,N/a,N/a,N/a,N/a,N/a,N/a,N/a,N/a,N/a,N/a,N/a,N/a,N/a,N/a,N/a,N/a,N/a,N/a,N/a,N/a,N/a,N/a,N/a,N/a,N/a,N/a,N/a,N/a,N/a,N/a,N/a,N/a,N/a,N/a,N/a,N/a,N/a,N/a,N/a,N/a,N/a,N/a,N/a,N/a,N/a,N/a,N/a,N/a,N/a,N/a,N/a,N/a,N/a,N/a,N/a,N/a,N/a,N/a,N/a,N/a,N/a,N/a,N/a,N/a,N/a,N/a,N/a,N/a,N/a,N/a,N/a,N/a,N/a,N/a,N/a,N/a,N/a,N/a,N/a,N/a,N/a,N/a,N/a,N/a,N/a,N/a,N/a,N/a,N/a,N/a,N/a,N/a,N/a,N/a,N/a,N/a,N/a,N/a,N/a,N/a,N/a,N/a,N/a,N/a,N/a,N/a,N/a,N/a,N/a,N/a,N/a,N/a,N/a,N/a,N/a,N/a,N/a,N/a,N/a,N/a,N/a,N/a,N/a,N/a,N/a,N/a,N/a,N/a,N/a,N/a,N/a,N/a,N/a,N/a,N/a,N/a,N/a,N/a,N/a,N/a,N/a,N/a,N/a,N/a,N/a,N/a,N/a,N/a,N/a,N/a,N/a,N/a,N/a,N/a,N/a,N/a,N/a,N/a,N/a,N/a,0,N/a,0,0,N/a,6,N/a,N/a,N/a,N/a,N/a,N/a,N/a,N/a,N/a,N/a,N/a,N/a,N/a,N/a,N/a,N/a,N/a,N/a,N/a,N/a,N/a,N/a,N/a,N/a
Ethan Wheatley,eng ENG,FW,18,0,0,N/a,N/a,N/a,N/a,N/a,N/a,N/a,N/a,N/a,N/a,N/a,N/a,N/a,N/a,N/a,N/a,N/a,N/a,N/a,N/a,N/a,N/a,N/a,N/a,N/a,N/a,N/a,Matches,Manchester Utd,N/a,N/a,N/a,N/a,N/a,N/a,N/a,N/a,N/a,N/a,N/a,N/a,N/a,N/a,N/a,N/a,N/a,N/a,N/a,N/a,N/a,N/a,N/a,N/a,N/a,N/a,N/a,N/a,N/a,N/a,N/a,N/a,N/a,N/a,N/a,N/a,N/a,N/a,N/a,N/a,N/a,N/a,N/a,N/a,N/a,N/a,N/a,N/a,N/a,N/a,N/a,N/a,N/a,N/a,N/a,N/a,N/a,N/a,N/a,N/a,N/a,N/a,N/a,N/a,N/a,N/a,N/a,N/a,N/a,N/a,N/a,N/a,N/a,N/a,N/a,N/a,N/a,N/a,N/a,N/a,N/a,N/a,N/a,N/a,N/a,N/a,N/a,N/a,N/a,N/a,N/a,N/a,N/a,N/a,N/a,N/a,N/a,N/a,N/a,N/a,N/a,N/a,N/a,N/a,N/a,N/a,N/a,N/a,N/a,N/a,N/a,N/a,N/a,N/a,N/a,N/a,N/a,N/a,N/a,N/a,N/a,N/a,N/a,N/a,N/a,N/a,N/a,N/a,N/a,N/a,N/a,N/a,N/a,N/a,N/a,N/a,N/a,N/a,N/a,N/a,N/a,N/a,N/a,N/a,N/a,N/a,N/a,N/a,N/a,N/a,N/a,N/a,N/a,N/a,N/a,N/a,N/a,N/a,N/a,N/a,0,N/a,0,0,N/a,5,N/a,N/a,N/a,N/a,N/a,N/a,N/a,N/a,N/a,N/a,N/a,N/a,N/a,N/a,N/a,N/a,N/a,N/a,N/a,N/a,N/a,N/a,N/a,N/a
Godwill Kukonki,eng ENG,DF,16,0,0,N/a,N/a,N/a,N/a,N/a,N/a,N/a,N/a,N/a,N/a,N/a,N/a,N/a,N/a,N/a,N/a,N/a,N/a,N/a,N/a,N/a,N/a,N/a,N/a,N/a,N/a,N/a,Matches,Manchester Utd,N/a,N/a,N/a,N/a,N/a,N/a,N/a,N/a,N/a,N/a,N/a,N/a,N/a,N/a,N/a,N/a,N/a,N/a,N/a,N/a,N/a,N/a,N/a,N/a,N/a,N/a,N/a,N/a,N/a,N/a,N/a,N/a,N/a,N/a,N/a,N/a,N/a,N/a,N/a,N/a,N/a,N/a,N/a,N/a,N/a,N/a,N/a,N/a,N/a,N/a,N/a,N/a,N/a,N/a,N/a,N/a,N/a,N/a,N/a,N/a,N/a,N/a,N/a,N/a,N/a,N/a,N/a,N/a,N/a,N/a,N/a,N/a,N/a,N/a,N/a,N/a,N/a,N/a,N/a,N/a,N/a,N/a,N/a,N/a,N/a,N/a,N/a,N/a,N/a,N/a,N/a,N/a,N/a,N/a,N/a,N/a,N/a,N/a,N/a,N/a,N/a,N/a,N/a,N/a,N/a,N/a,N/a,N/a,N/a,N/a,N/a,N/a,N/a,N/a,N/a,N/a,N/a,N/a,N/a,N/a,N/a,N/a,N/a,N/a,N/a,N/a,N/a,N/a,N/a,N/a,N/a,N/a,N/a,N/a,N/a,N/a,N/a,N/a,N/a,N/a,N/a,N/a,N/a,N/a,N/a,N/a,N/a,N/a,N/a,N/a,N/a,N/a,N/a,N/a,N/a,N/a,N/a,N/a,N/a,N/a,0,N/a,0,0,N/a,4,N/a,N/a,N/a,N/a,N/a,N/a,N/a,N/a,N/a,N/a,N/a,N/a,N/a,N/a,N/a,N/a,N/a,N/a,N/a,N/a,N/a,N/a,N/a,N/a
Harry Amass,eng ENG,DF,17,5,4,346,3.8,0,0,0,0,0,0,0,0,0.1,0.1,0.0,0.1,9,7,23,0.00,0.00,0.00,0.00,0.00,0.02,0.01,0.02,0.02,0.02,Matches,Manchester Utd,N/a,N/a,N/a,N/a,N/a,N/a,N/a,N/a,N/a,N/a,N/a,N/a,N/a,N/a,N/a,N/a,N/a,N/a,N/a,N/a,N/a,N/a,N/a,N/a,N/a,N/a,N/a,N/a,N/a,N/a,N/a,N/a,N/a,N/a,N/a,N/a,N/a,N/a,N/a,N/a,N/a,N/a,N/a,N/a,N/a,eng ENG,DF,17.0,3.8,0.0,3.0,0.0,0.0,0.78,0.0,0.0,N/a,21.7,0.0,0.0,0.0,0.1,0.1,0.02,-0.1,-0.1,Matches,Manchester Utd,149.0,181.0,82.3,1920.0,387.0,97.0,105.0,92.4,44.0,56.0,78.6,3.0,11.0,27.3,0.0,0.0,0.1,0.0,1.0,5.0,0.0,0.0,7.0,150.0,31.0,2.0,0.0,0.0,9.0,29.0,0.0,0.0,0.0,0.0,0.0,3.0,8.0,2.08,7.0,0.0,0.0,1.0,0.0,0.0,0.0,0.0,0.0,0.0,0.0,0.0,0.0,0.0,6.0,2.0,5.0,1.0,0.0,2.0,8.0,25.0,6.0,11.0,1.0,10.0,2.0,8.0,11.0,0.0,250.0,13.0,82.0,88.0,84.0,5.0,250.0,8.0,3.0,37.5,4.0,50.0,132.0,705.0,376.0,9.0,6.0,2.0,18.0,5.0,124.0,23.0,69,10.1,4,81,3,1,22,8,0.60,5,9,-4,-1.04,-0.86,5.4,6.3,-0.9,-0.24,-0.23,0.0,0.0,0.0,2.0,4.0,1.0,0.0,0.0,0.0,26.0,7.0,6.0,53.8
Harry Maguire,eng ENG,DF,31,27,19,1758,19.5,1,0,1,1,0,0,7,0,1.8,1.8,0.6,2.4,7,51,7,0.05,0.00,0.05,0.05,0.05,0.09,0.03,0.12,0.09,0.12,Matches,Manchester Utd,N/a,N/a,N/a,N/a,N/a,N/a,N/a,N/a,N/a,N/a,N/a,N/a,N/a,N/a,N/a,N/a,N/a,N/a,N/a,N/a,N/a,N/a,N/a,N/a,N/a,N/a,N/a,N/a,N/a,N/a,N/a,N/a,N/a,N/a,N/a,N/a,N/a,N/a,N/a,N/a,N/a,N/a,N/a,N/a,N/a,eng ENG,DF,31.0,19.5,1.0,15.0,6.0,40.0,0.77,0.31,0.07,0.17,8.2,0.0,0.0,0.0,1.8,1.8,0.12,-0.8,-0.8,Matches,Manchester Utd,965.0,1128.0,85.5,17965.0,6236.0,354.0,392.0,90.3,517.0,568.0,91.0,80.0,139.0,57.6,0.0,0.6,0.3,-0.6,9.0,48.0,4.0,0.0,51.0,1083.0,41.0,26.0,0.0,9.0,4.0,1.0,0.0,0.0,0.0,0.0,4.0,5.0,20.0,1.02,14.0,1.0,0.0,5.0,0.0,0.0,0.0,0.0,0.0,0.0,0.0,0.0,0.0,0.0,30.0,15.0,23.0,6.0,1.0,17.0,23.0,73.9,6.0,15.0,12.0,3.0,40.0,70.0,78.0,1.0,1328.0,147.0,652.0,616.0,76.0,44.0,1328.0,5.0,2.0,40.0,3.0,60.0,782.0,4821.0,2056.0,7.0,9.0,3.0,10.0,2.0,856.0,7.0,65,51.4,19,82,13,8,26,3,1.07,20,27,-7,-0.36,-0.20,26.4,26.6,-0.2,-0.01,+0.05,7.0,0.0,0.0,18.0,11.0,2.0,0.0,0.0,0.0,68.0,64.0,25.0,71.9
Hubert Graczyk,pl POL,GK,21,0,0,N/a,N/a,N/a,N/a,N/a,N/a,N/a,N/a,N/a,N/a,N/a,N/a,N/a,N/a,N/a,N/a,N/a,N/a,N/a,N/a,N/a,N/a,N/a,N/a,N/a,N/a,N/a,Matches,Manchester Utd,N/a,N/a,N/a,N/a,N/a,N/a,N/a,N/a,N/a,N/a,N/a,N/a,N/a,N/a,N/a,N/a,N/a,N/a,N/a,N/a,N/a,N/a,N/a,N/a,N/a,N/a,N/a,N/a,N/a,N/a,N/a,N/a,N/a,N/a,N/a,N/a,N/a,N/a,N/a,N/a,N/a,N/a,N/a,N/a,N/a,N/a,N/a,N/a,N/a,N/a,N/a,N/a,N/a,N/a,N/a,N/a,N/a,N/a,N/a,N/a,N/a,N/a,N/a,N/a,N/a,N/a,N/a,N/a,N/a,N/a,N/a,N/a,N/a,N/a,N/a,N/a,N/a,N/a,N/a,N/a,N/a,N/a,N/a,N/a,N/a,N/a,N/a,N/a,N/a,N/a,N/a,N/a,N/a,N/a,N/a,N/a,N/a,N/a,N/a,N/a,N/a,N/a,N/a,N/a,N/a,N/a,N/a,N/a,N/a,N/a,N/a,N/a,N/a,N/a,N/a,N/a,N/a,N/a,N/a,N/a,N/a,N/a,N/a,N/a,N/a,N/a,N/a,N/a,N/a,N/a,N/a,N/a,N/a,N/a,N/a,N/a,N/a,N/a,N/a,N/a,N/a,N/a,N/a,N/a,N/a,N/a,N/a,N/a,N/a,N/a,N/a,N/a,N/a,N/a,N/a,N/a,N/a,N/a,N/a,N/a,0,N/a,0,0,N/a,2,N/a,N/a,N/a,N/a,N/a,N/a,N/a,N/a,N/a,N/a,N/a,N/a,N/a,N/a,N/a,N/a,N/a,N/a,N/a,N/a,N/a,N/a,N/a,N/a
Jack Fletcher,eng ENG,MF,17,0,0,N/a,N/a,N/a,N/a,N/a,N/a,N/a,N/a,N/a,N/a,N/a,N/a,N/a,N/a,N/a,N/a,N/a,N/a,N/a,N/a,N/a,N/a,N/a,N/a,N/a,N/a,N/a,Matches,Manchester Utd,N/a,N/a,N/a,N/a,N/a,N/a,N/a,N/a,N/a,N/a,N/a,N/a,N/a,N/a,N/a,N/a,N/a,N/a,N/a,N/a,N/a,N/a,N/a,N/a,N/a,N/a,N/a,N/a,N/a,N/a,N/a,N/a,N/a,N/a,N/a,N/a,N/a,N/a,N/a,N/a,N/a,N/a,N/a,N/a,N/a,N/a,N/a,N/a,N/a,N/a,N/a,N/a,N/a,N/a,N/a,N/a,N/a,N/a,N/a,N/a,N/a,N/a,N/a,N/a,N/a,N/a,N/a,N/a,N/a,N/a,N/a,N/a,N/a,N/a,N/a,N/a,N/a,N/a,N/a,N/a,N/a,N/a,N/a,N/a,N/a,N/a,N/a,N/a,N/a,N/a,N/a,N/a,N/a,N/a,N/a,N/a,N/a,N/a,N/a,N/a,N/a,N/a,N/a,N/a,N/a,N/a,N/a,N/a,N/a,N/a,N/a,N/a,N/a,N/a,N/a,N/a,N/a,N/a,N/a,N/a,N/a,N/a,N/a,N/a,N/a,N/a,N/a,N/a,N/a,N/a,N/a,N/a,N/a,N/a,N/a,N/a,N/a,N/a,N/a,N/a,N/a,N/a,N/a,N/a,N/a,N/a,N/a,N/a,N/a,N/a,N/a,N/a,N/a,N/a,N/a,N/a,N/a,N/a,N/a,N/a,0,N/a,0,0,N/a,5,N/a,N/a,N/a,N/a,N/a,N/a,N/a,N/a,N/a,N/a,N/a,N/a,N/a,N/a,N/a,N/a,N/a,N/a,N/a,N/a,N/a,N/a,N/a,N/a
Jack Moorhouse,eng ENG,MF,18,0,0,N/a,N/a,N/a,N/a,N/a,N/a,N/a,N/a,N/a,N/a,N/a,N/a,N/a,N/a,N/a,N/a,N/a,N/a,N/a,N/a,N/a,N/a,N/a,N/a,N/a,N/a,N/a,Matches,Manchester Utd,N/a,N/a,N/a,N/a,N/a,N/a,N/a,N/a,N/a,N/a,N/a,N/a,N/a,N/a,N/a,N/a,N/a,N/a,N/a,N/a,N/a,N/a,N/a,N/a,N/a,N/a,N/a,N/a,N/a,N/a,N/a,N/a,N/a,N/a,N/a,N/a,N/a,N/a,N/a,N/a,N/a,N/a,N/a,N/a,N/a,N/a,N/a,N/a,N/a,N/a,N/a,N/a,N/a,N/a,N/a,N/a,N/a,N/a,N/a,N/a,N/a,N/a,N/a,N/a,N/a,N/a,N/a,N/a,N/a,N/a,N/a,N/a,N/a,N/a,N/a,N/a,N/a,N/a,N/a,N/a,N/a,N/a,N/a,N/a,N/a,N/a,N/a,N/a,N/a,N/a,N/a,N/a,N/a,N/a,N/a,N/a,N/a,N/a,N/a,N/a,N/a,N/a,N/a,N/a,N/a,N/a,N/a,N/a,N/a,N/a,N/a,N/a,N/a,N/a,N/a,N/a,N/a,N/a,N/a,N/a,N/a,N/a,N/a,N/a,N/a,N/a,N/a,N/a,N/a,N/a,N/a,N/a,N/a,N/a,N/a,N/a,N/a,N/a,N/a,N/a,N/a,N/a,N/a,N/a,N/a,N/a,N/a,N/a,N/a,N/a,N/a,N/a,N/a,N/a,N/a,N/a,N/a,N/a,N/a,N/a,0,N/a,0,0,N/a,2,N/a,N/a,N/a,N/a,N/a,N/a,N/a,N/a,N/a,N/a,N/a,N/a,N/a,N/a,N/a,N/a,N/a,N/a,N/a,N/a,N/a,N/a,N/a,N/a
Jayce Fitzgerald,eng ENG,MF,17,0,0,N/a,N/a,N/a,N/a,N/a,N/a,N/a,N/a,N/a,N/a,N/a,N/a,N/a,N/a,N/a,N/a,N/a,N/a,N/a,N/a,N/a,N/a,N/a,N/a,N/a,N/a,N/a,Matches,Manchester Utd,N/a,N/a,N/a,N/a,N/a,N/a,N/a,N/a,N/a,N/a,N/a,N/a,N/a,N/a,N/a,N/a,N/a,N/a,N/a,N/a,N/a,N/a,N/a,N/a,N/a,N/a,N/a,N/a,N/a,N/a,N/a,N/a,N/a,N/a,N/a,N/a,N/a,N/a,N/a,N/a,N/a,N/a,N/a,N/a,N/a,N/a,N/a,N/a,N/a,N/a,N/a,N/a,N/a,N/a,N/a,N/a,N/a,N/a,N/a,N/a,N/a,N/a,N/a,N/a,N/a,N/a,N/a,N/a,N/a,N/a,N/a,N/a,N/a,N/a,N/a,N/a,N/a,N/a,N/a,N/a,N/a,N/a,N/a,N/a,N/a,N/a,N/a,N/a,N/a,N/a,N/a,N/a,N/a,N/a,N/a,N/a,N/a,N/a,N/a,N/a,N/a,N/a,N/a,N/a,N/a,N/a,N/a,N/a,N/a,N/a,N/a,N/a,N/a,N/a,N/a,N/a,N/a,N/a,N/a,N/a,N/a,N/a,N/a,N/a,N/a,N/a,N/a,N/a,N/a,N/a,N/a,N/a,N/a,N/a,N/a,N/a,N/a,N/a,N/a,N/a,N/a,N/a,N/a,N/a,N/a,N/a,N/a,N/a,N/a,N/a,N/a,N/a,N/a,N/a,N/a,N/a,N/a,N/a,N/a,N/a,0,N/a,0,0,N/a,1,N/a,N/a,N/a,N/a,N/a,N/a,N/a,N/a,N/a,N/a,N/a,N/a,N/a,N/a,N/a,N/a,N/a,N/a,N/a,N/a,N/a,N/a,N/a,N/a
Jonny Evans,nir NIR,DF,36,7,3,315,3.5,0,0,0,0,0,0,1,0,0.1,0.1,0.0,0.1,3,10,3,0.00,0.00,0.00,0.00,0.00,0.04,0.00,0.04,0.04,0.04,Matches,Manchester Utd,N/a,N/a,N/a,N/a,N/a,N/a,N/a,N/a,N/a,N/a,N/a,N/a,N/a,N/a,N/a,N/a,N/a,N/a,N/a,N/a,N/a,N/a,N/a,N/a,N/a,N/a,N/a,N/a,N/a,N/a,N/a,N/a,N/a,N/a,N/a,N/a,N/a,N/a,N/a,N/a,N/a,N/a,N/a,N/a,N/a,nir NIR,DF,36.0,3.5,0.0,2.0,1.0,50.0,0.57,0.29,0.0,0.0,11.4,0.0,0.0,0.0,0.1,0.1,0.06,-0.1,-0.1,Matches,Manchester Utd,192.0,217.0,88.5,3090.0,906.0,90.0,95.0,94.7,89.0,100.0,89.0,7.0,14.0,50.0,0.0,0.0,0.0,0.0,0.0,10.0,1.0,0.0,10.0,197.0,20.0,5.0,0.0,0.0,0.0,3.0,0.0,0.0,0.0,0.0,0.0,1.0,2.0,0.57,2.0,0.0,0.0,0.0,0.0,0.0,0.0,0.0,0.0,0.0,0.0,0.0,0.0,0.0,8.0,6.0,4.0,4.0,0.0,3.0,6.0,50.0,3.0,3.0,2.0,1.0,5.0,13.0,15.0,0.0,250.0,36.0,139.0,100.0,15.0,3.0,250.0,1.0,1.0,100.0,0.0,0.0,143.0,574.0,242.0,3.0,2.0,0.0,1.0,0.0,151.0,3.0,45,9.2,3,77,1,4,21,10,2.43,8,2,+6,+1.71,+2.18,5.6,3.0,+2.6,+0.75,+0.86,1.0,0.0,0.0,5.0,6.0,0.0,0.0,0.0,0.0,16.0,9.0,3.0,75.0
Joshua Zirkzee,nl NED,"FW,MF",23,32,14,1402,15.6,3,1,4,3,0,0,2,0,4.8,4.8,1.5,6.3,14,44,69,0.19,0.06,0.26,0.19,0.26,0.31,0.10,0.41,0.31,0.41,Matches,Manchester Utd,N/a,N/a,N/a,N/a,N/a,N/a,N/a,N/a,N/a,N/a,N/a,N/a,N/a,N/a,N/a,N/a,N/a,N/a,N/a,N/a,N/a,N/a,N/a,N/a,N/a,N/a,N/a,N/a,N/a,N/a,N/a,N/a,N/a,N/a,N/a,N/a,N/a,N/a,N/a,N/a,N/a,N/a,N/a,N/a,N/a,nl NED,"FW,MF",23.0,15.6,3.0,28.0,11.0,39.3,1.8,0.71,0.11,0.27,13.1,0.0,0.0,0.0,4.8,4.8,0.17,-1.8,-1.8,Matches,Manchester Utd,292.0,410.0,71.2,3600.0,901.0,196.0,251.0,78.1,61.0,82.0,74.4,9.0,18.0,50.0,1.0,1.5,1.1,-0.5,12.0,26.0,6.0,0.0,44.0,400.0,9.0,1.0,6.0,2.0,4.0,0.0,0.0,0.0,0.0,0.0,1.0,15.0,31.0,1.99,28.0,0.0,0.0,2.0,1.0,0.0,3.0,0.19,1.0,0.0,0.0,1.0,1.0,0.0,14.0,8.0,3.0,8.0,3.0,5.0,10.0,50.0,5.0,15.0,4.0,11.0,6.0,20.0,8.0,1.0,587.0,16.0,71.0,303.0,219.0,56.0,587.0,35.0,11.0,31.4,24.0,68.6,327.0,1483.0,523.0,14.0,21.0,4.0,41.0,30.0,418.0,69.0,44,41.0,14,72,4,18,22,0,1.19,26,24,+2,+0.13,+0.66,22.8,24.4,-1.6,-0.10,-0.12,2.0,0.0,0.0,9.0,13.0,3.0,1.0,0.0,0.0,57.0,21.0,54.0,28.0
Kobbie Mainoo,eng ENG,MF,19,25,19,1651,18.3,0,0,0,0,0,0,5,0,0.7,0.7,1.6,2.3,22,65,47,0.00,0.00,0.00,0.00,0.00,0.04,0.09,0.12,0.04,0.12,Matches,Manchester Utd,N/a,N/a,N/a,N/a,N/a,N/a,N/a,N/a,N/a,N/a,N/a,N/a,N/a,N/a,N/a,N/a,N/a,N/a,N/a,N/a,N/a,N/a,N/a,N/a,N/a,N/a,N/a,N/a,N/a,N/a,N/a,N/a,N/a,N/a,N/a,N/a,N/a,N/a,N/a,N/a,N/a,N/a,N/a,N/a,N/a,eng ENG,MF,19.0,18.3,0.0,15.0,2.0,13.3,0.82,0.11,0.0,0.0,20.5,0.0,0.0,0.0,0.7,0.7,0.05,-0.7,-0.7,Matches,Manchester Utd,723.0,836.0,86.5,9649.0,2346.0,452.0,490.0,92.2,192.0,219.0,87.7,31.0,45.0,68.9,0.0,1.6,1.8,-1.6,14.0,50.0,12.0,1.0,65.0,808.0,23.0,13.0,2.0,4.0,7.0,6.0,0.0,0.0,0.0,0.0,5.0,17.0,34.0,1.85,29.0,0.0,4.0,0.0,1.0,0.0,3.0,0.16,3.0,0.0,0.0,0.0,0.0,0.0,46.0,29.0,18.0,14.0,14.0,24.0,40.0,60.0,16.0,16.0,2.0,14.0,19.0,65.0,14.0,1.0,1061.0,25.0,197.0,587.0,287.0,36.0,1061.0,50.0,23.0,46.0,25.0,50.0,652.0,2850.0,1222.0,22.0,17.0,10.0,36.0,36.0,760.0,47.0,66,48.3,19,76,8,6,35,1,1.00,19,27,-8,-0.44,-0.33,27.7,25.4,+2.3,+0.12,+0.30,5.0,0.0,0.0,27.0,21.0,3.0,0.0,0.0,0.0,88.0,19.0,31.0,38.0
Leny Yoro,fr FRA,DF,18,21,12,1165,12.9,0,0,0,0,0,0,5,0,0.7,0.7,0.1,0.8,19,52,4,0.00,0.00,0.00,0.00,0.00,0.05,0.01,0.06,0.05,0.06,Matches,Manchester Utd,N/a,N/a,N/a,N/a,N/a,N/a,N/a,N/a,N/a,N/a,N/a,N/a,N/a,N/a,N/a,N/a,N/a,N/a,N/a,N/a,N/a,N/a,N/a,N/a,N/a,N/a,N/a,N/a,N/a,N/a,N/a,N/a,N/a,N/a,N/a,N/a,N/a,N/a,N/a,N/a,N/a,N/a,N/a,N/a,N/a,fr FRA,DF,18.0,12.9,0.0,5.0,1.0,20.0,0.39,0.08,0.0,0.0,8.6,0.0,0.0,0.0,0.7,0.7,0.15,-0.7,-0.7,Matches,Manchester Utd,708.0,766.0,92.4,11513.0,3678.0,313.0,328.0,95.4,351.0,373.0,94.1,27.0,41.0,65.9,0.0,0.1,0.2,-0.1,2.0,44.0,5.0,1.0,52.0,745.0,20.0,9.0,2.0,1.0,1.0,7.0,0.0,0.0,0.0,0.0,1.0,5.0,9.0,0.7,6.0,0.0,0.0,2.0,0.0,1.0,0.0,0.0,0.0,0.0,0.0,0.0,0.0,0.0,29.0,11.0,19.0,9.0,1.0,13.0,19.0,68.4,6.0,5.0,3.0,2.0,18.0,47.0,43.0,0.0,894.0,87.0,413.0,414.0,70.0,13.0,894.0,4.0,2.0,50.0,2.0,50.0,614.0,3173.0,1765.0,19.0,13.0,1.0,3.0,4.0,656.0,4.0,55,34.1,12,78,5,9,26,0,0.81,17,24,-7,-0.54,-0.42,18.1,19.4,-1.3,-0.10,-0.10,5.0,0.0,0.0,9.0,2.0,1.0,0.0,0.0,0.0,46.0,16.0,16.0,50.0
Lisandro Martínez,ar ARG,DF,26,20,20,1751,19.5,2,1,3,2,0,0,7,0,1.3,1.3,1.1,2.4,23,117,7,0.10,0.05,0.15,0.10,0.15,0.07,0.06,0.13,0.07,0.13,Matches,Manchester Utd,N/a,N/a,N/a,N/a,N/a,N/a,N/a,N/a,N/a,N/a,N/a,N/a,N/a,N/a,N/a,N/a,N/a,N/a,N/a,N/a,N/a,N/a,N/a,N/a,N/a,N/a,N/a,N/a,N/a,N/a,N/a,N/a,N/a,N/a,N/a,N/a,N/a,N/a,N/a,N/a,N/a,N/a,N/a,N/a,N/a,ar ARG,DF,26.0,19.5,2.0,17.0,6.0,35.3,0.87,0.31,0.12,0.33,15.9,0.0,0.0,0.0,1.3,1.3,0.08,0.7,0.7,Matches,Manchester Utd,1200.0,1342.0,89.4,20292.0,7055.0,522.0,554.0,94.2,601.0,646.0,93.0,64.0,116.0,55.2,1.0,1.1,1.3,-0.1,9.0,91.0,18.0,2.0,117.0,1285.0,54.0,15.0,5.0,3.0,9.0,16.0,0.0,0.0,0.0,0.0,3.0,7.0,26.0,1.34,23.0,0.0,0.0,2.0,0.0,1.0,2.0,0.1,2.0,0.0,0.0,0.0,0.0,0.0,40.0,24.0,25.0,12.0,3.0,21.0,36.0,58.3,15.0,22.0,8.0,14.0,32.0,72.0,57.0,1.0,1524.0,156.0,713.0,697.0,125.0,18.0,1524.0,7.0,6.0,85.7,1.0,14.3,1017.0,5141.0,3129.0,23.0,23.0,2.0,1.0,3.0,1069.0,7.0,88,51.2,20,88,17,0,N/a,2,1.35,25,27,-2,-0.10,+0.33,29.7,29.7,-0.1,0.00,+0.06,7.0,0.0,0.0,22.0,7.0,0.0,0.0,0.0,0.0,81.0,16.0,13.0,55.2
Luke Shaw,eng ENG,DF,29,7,4,349,3.9,0,0,0,0,0,0,1,0,0.0,0.0,0.7,0.7,7,24,7,0.00,0.00,0.00,0.00,0.00,0.01,0.18,0.19,0.01,0.19,Matches,Manchester Utd,N/a,N/a,N/a,N/a,N/a,N/a,N/a,N/a,N/a,N/a,N/a,N/a,N/a,N/a,N/a,N/a,N/a,N/a,N/a,N/a,N/a,N/a,N/a,N/a,N/a,N/a,N/a,N/a,N/a,N/a,N/a,N/a,N/a,N/a,N/a,N/a,N/a,N/a,N/a,N/a,N/a,N/a,N/a,N/a,N/a,eng ENG,DF,29.0,3.9,0.0,1.0,0.0,0.0,0.26,0.0,0.0,N/a,23.1,0.0,0.0,0.0,0.0,0.0,0.03,0.0,0.0,Matches,Manchester Utd,249.0,290.0,85.9,4252.0,1388.0,118.0,127.0,92.9,108.0,119.0,90.8,20.0,33.0,60.6,0.0,0.7,0.8,-0.7,5.0,20.0,3.0,1.0,24.0,276.0,14.0,5.0,1.0,1.0,11.0,2.0,4.0,0.0,1.0,0.0,0.0,6.0,10.0,2.58,8.0,2.0,0.0,0.0,0.0,0.0,0.0,0.0,0.0,0.0,0.0,0.0,0.0,0.0,4.0,3.0,2.0,2.0,0.0,2.0,2.0,100.0,0.0,6.0,1.0,5.0,2.0,6.0,7.0,0.0,317.0,26.0,128.0,149.0,42.0,4.0,317.0,1.0,0.0,0.0,1.0,100.0,226.0,1102.0,548.0,7.0,8.0,0.0,2.0,0.0,248.0,7.0,50,10.2,4,67,1,3,28,1,0.71,3,5,-2,-0.52,-0.28,4.4,3.9,+0.6,+0.15,+0.20,1.0,0.0,0.0,3.0,1.0,0.0,0.0,0.0,1.0,9.0,3.0,2.0,60.0
Manuel Ugarte,uy URU,MF,23,29,22,1785,19.8,1,2,3,1,0,0,11,0,1.0,1.0,1.1,2.1,16,61,20,0.05,0.10,0.15,0.05,0.15,0.05,0.06,0.11,0.05,0.11,Matches,Manchester Utd,N/a,N/a,N/a,N/a,N/a,N/a,N/a,N/a,N/a,N/a,N/a,N/a,N/a,N/a,N/a,N/a,N/a,N/a,N/a,N/a,N/a,N/a,N/a,N/a,N/a,N/a,N/a,N/a,N/a,N/a,N/a,N/a,N/a,N/a,N/a,N/a,N/a,N/a,N/a,N/a,N/a,N/a,N/a,N/a,N/a,uy URU,MF,23.0,19.8,1.0,19.0,4.0,21.1,0.96,0.2,0.05,0.25,21.7,0.0,0.0,0.0,1.0,1.0,0.05,0.0,0.0,Matches,Manchester Utd,800.0,910.0,87.9,13018.0,2801.0,410.0,457.0,89.7,310.0,333.0,93.1,62.0,83.0,74.7,2.0,1.1,0.7,0.9,10.0,59.0,9.0,3.0,61.0,883.0,23.0,7.0,2.0,5.0,7.0,2.0,0.0,0.0,0.0,0.0,4.0,12.0,31.0,1.56,24.0,0.0,0.0,2.0,2.0,3.0,4.0,0.2,3.0,0.0,0.0,1.0,0.0,0.0,77.0,49.0,34.0,34.0,9.0,30.0,68.0,44.1,38.0,33.0,4.0,29.0,27.0,104.0,17.0,2.0,1161.0,46.0,331.0,639.0,211.0,16.0,1161.0,32.0,18.0,56.3,10.0,31.3,668.0,2883.0,1347.0,16.0,16.0,1.0,32.0,25.0,728.0,20.0,62,52.2,22,75,8,7,20,3,1.17,24,33,-9,-0.45,-0.40,21.0,28.8,-7.8,-0.40,-0.76,11.0,0.0,0.0,41.0,33.0,0.0,0.0,0.0,1.0,122.0,18.0,18.0,50.0
Marcus Rashford,eng ENG,"FW,MF",26,15,12,978,10.9,4,1,5,4,0,0,2,0,1.7,1.7,2.1,3.8,20,21,79,0.37,0.09,0.46,0.37,0.46,0.16,0.19,0.35,0.16,0.35,Matches,Manchester Utd,N/a,N/a,N/a,N/a,N/a,N/a,N/a,N/a,N/a,N/a,N/a,N/a,N/a,N/a,N/a,N/a,N/a,N/a,N/a,N/a,N/a,N/a,N/a,N/a,N/a,N/a,N/a,N/a,N/a,N/a,N/a,N/a,N/a,N/a,N/a,N/a,N/a,N/a,N/a,N/a,N/a,N/a,N/a,N/a,N/a,eng ENG,"FW,MF",26.0,10.9,4.0,16.0,9.0,56.3,1.47,0.83,0.25,0.44,16.4,0.0,0.0,0.0,1.7,1.7,0.11,2.3,2.3,Matches,Manchester Utd,253.0,343.0,73.8,3508.0,868.0,168.0,201.0,83.6,56.0,85.0,65.9,14.0,28.0,50.0,1.0,2.1,1.4,-1.1,15.0,13.0,16.0,8.0,21.0,334.0,9.0,1.0,6.0,5.0,27.0,4.0,1.0,1.0,0.0,0.0,0.0,10.0,29.0,2.67,24.0,1.0,2.0,2.0,0.0,0.0,1.0,0.09,1.0,0.0,0.0,0.0,0.0,0.0,7.0,4.0,2.0,2.0,3.0,3.0,9.0,33.3,6.0,8.0,0.0,8.0,4.0,11.0,7.0,0.0,440.0,3.0,35.0,189.0,222.0,34.0,440.0,39.0,9.0,23.1,26.0,66.7,293.0,1694.0,728.0,20.0,19.0,12.0,14.0,6.0,341.0,79.0,65,28.6,12,74,4,3,31,1,1.27,15,9,+6,+0.55,+1.14,15.2,14.5,+0.7,+0.06,+0.13,2.0,0.0,0.0,8.0,7.0,7.0,0.0,0.0,0.0,24.0,5.0,7.0,41.7
Mason Mount,eng ENG,MF,25,17,8,622,6.9,1,0,1,1,0,0,3,0,3.2,3.2,0.6,3.8,15,33,41,0.14,0.00,0.14,0.14,0.14,0.47,0.08,0.55,0.47,0.55,Matches,Manchester Utd,N/a,N/a,N/a,N/a,N/a,N/a,N/a,N/a,N/a,N/a,N/a,N/a,N/a,N/a,N/a,N/a,N/a,N/a,N/a,N/a,N/a,N/a,N/a,N/a,N/a,N/a,N/a,N/a,N/a,N/a,N/a,N/a,N/a,N/a,N/a,N/a,N/a,N/a,N/a,N/a,N/a,N/a,N/a,N/a,N/a,eng ENG,MF,25.0,6.9,1.0,20.0,9.0,45.0,2.89,1.3,0.05,0.11,15.0,0.0,0.0,0.0,3.2,3.2,0.17,-2.2,-2.2,Matches,Manchester Utd,207.0,253.0,81.8,3015.0,709.0,120.0,138.0,87.0,58.0,71.0,81.7,13.0,18.0,72.2,0.0,0.6,0.6,-0.6,8.0,19.0,8.0,2.0,33.0,238.0,15.0,8.0,2.0,2.0,13.0,3.0,4.0,3.0,1.0,0.0,0.0,8.0,22.0,3.18,15.0,3.0,0.0,3.0,1.0,0.0,0.0,0.0,0.0,0.0,0.0,0.0,0.0,0.0,15.0,5.0,5.0,8.0,2.0,9.0,12.0,75.0,3.0,11.0,1.0,10.0,4.0,19.0,4.0,0.0,339.0,11.0,45.0,161.0,137.0,31.0,339.0,10.0,1.0,10.0,8.0,80.0,215.0,1067.0,490.0,15.0,11.0,2.0,16.0,9.0,249.0,41.0,37,18.2,8,53,0,9,22,3,0.88,2,11,-9,-1.30,-1.27,9.8,8.1,+1.7,+0.25,+0.34,3.0,0.0,0.0,16.0,9.0,1.0,0.0,0.0,0.0,18.0,4.0,8.0,33.3
Matthijs de Ligt,nl NED,DF,24,29,25,2123,23.6,2,0,2,2,0,0,3,0,2.5,2.5,0.3,2.8,7,55,6,0.08,0.00,0.08,0.08,0.08,0.10,0.01,0.12,0.10,0.12,Matches,Manchester Utd,N/a,N/a,N/a,N/a,N/a,N/a,N/a,N/a,N/a,N/a,N/a,N/a,N/a,N/a,N/a,N/a,N/a,N/a,N/a,N/a,N/a,N/a,N/a,N/a,N/a,N/a,N/a,N/a,N/a,N/a,N/a,N/a,N/a,N/a,N/a,N/a,N/a,N/a,N/a,N/a,N/a,N/a,N/a,N/a,N/a,nl NED,DF,24.0,23.6,2.0,18.0,9.0,50.0,0.76,0.38,0.11,0.22,7.9,0.0,0.0,0.0,2.5,2.5,0.14,-0.5,-0.5,Matches,Manchester Utd,1241.0,1380.0,89.9,21810.0,5955.0,454.0,482.0,94.2,728.0,771.0,94.4,53.0,108.0,49.1,0.0,0.3,0.3,-0.3,6.0,63.0,2.0,1.0,55.0,1350.0,27.0,19.0,0.0,9.0,6.0,1.0,0.0,0.0,0.0,0.0,3.0,11.0,14.0,0.59,12.0,0.0,0.0,2.0,0.0,0.0,1.0,0.04,1.0,0.0,0.0,0.0,0.0,0.0,30.0,22.0,17.0,12.0,1.0,23.0,32.0,71.9,9.0,29.0,21.0,8.0,33.0,63.0,96.0,0.0,1608.0,184.0,828.0,731.0,56.0,29.0,1608.0,4.0,2.0,50.0,2.0,50.0,1078.0,4744.0,2225.0,7.0,3.0,0.0,5.0,3.0,1158.0,6.0,73,62.1,25,82,16,4,19,1,1.28,32,36,-4,-0.17,+0.25,30.2,37.4,-7.2,-0.30,-0.72,3.0,0.0,0.0,16.0,12.0,2.0,0.0,2.0,0.0,68.0,58.0,29.0,66.7
Noussair Mazraoui,ma MAR,DF,26,37,34,2838,31.5,0,1,1,0,0,0,3,0,0.7,0.7,1.5,2.2,42,115,58,0.00,0.03,0.03,0.00,0.03,0.02,0.05,0.07,0.02,0.07,Matches,Manchester Utd,N/a,N/a,N/a,N/a,N/a,N/a,N/a,N/a,N/a,N/a,N/a,N/a,N/a,N/a,N/a,N/a,N/a,N/a,N/a,N/a,N/a,N/a,N/a,N/a,N/a,N/a,N/a,N/a,N/a,N/a,N/a,N/a,N/a,N/a,N/a,N/a,N/a,N/a,N/a,N/a,N/a,N/a,N/a,N/a,N/a,ma MAR,DF,26.0,31.5,0.0,13.0,3.0,23.1,0.41,0.1,0.0,0.0,20.6,0.0,0.0,0.0,0.7,0.7,0.05,-0.7,-0.7,Matches,Manchester Utd,1526.0,1781.0,85.7,23059.0,8056.0,834.0,913.0,91.3,574.0,644.0,89.1,73.0,130.0,56.2,1.0,1.5,1.9,-0.5,20.0,125.0,20.0,5.0,115.0,1578.0,202.0,24.0,7.0,6.0,23.0,168.0,0.0,0.0,0.0,0.0,1.0,35.0,56.0,1.78,46.0,2.0,1.0,2.0,3.0,2.0,1.0,0.03,1.0,0.0,0.0,0.0,0.0,0.0,115.0,68.0,58.0,42.0,15.0,59.0,94.0,62.8,35.0,36.0,9.0,27.0,34.0,149.0,95.0,1.0,2139.0,167.0,839.0,976.0,349.0,30.0,2139.0,48.0,26.0,54.2,18.0,37.5,1172.0,5481.0,2884.0,42.0,32.0,3.0,25.0,17.0,1289.0,58.0,77,83.0,34,81,20,3,24,0,1.14,23,43,-20,-0.63,-2.18,38.6,45.5,-6.9,-0.22,-1.08,3.0,0.0,0.0,38.0,25.0,4.0,0.0,1.0,0.0,149.0,50.0,30.0,62.5
Opponent Total,N/a,N/a,26.4,38,418,3420,38.0,52,36,88,49,3,4,71,3,53.8,50.8,38.4,89.2,672,1184,1172,1.37,0.95,2.32,1.29,2.24,1.42,1.01,2.43,1.34,2.35,N/a,Manchester Utd,N/a,N/a,26.4,38.0,3420.0,44.0,1.16,172.0,130.0,76.7,18.0,9.0,11.0,15.0,39.5,4.0,4.0,0.0,0.0,0.0,N/a,Manchester Utd,2.0,6.0,2.0,43.3,0.24,1.3,0.04,139.0,496.0,28.0,1094.0,145.0,34.1,33.3,257.0,47.9,38.6,509.0,36.0,7.1,59.0,1.55,14.6,N/a,N/a,26.4,38.0,52.0,411.0,145.0,35.3,10.82,3.82,0.12,0.34,16.5,14.0,3.0,4.0,53.8,50.8,0.13,-1.8,-1.8,N/a,Manchester Utd,14277.0,17770.0,80.3,237786.0,82285.0,6938.0,7804.0,88.9,5842.0,6729.0,86.8,1071.0,2230.0,48.0,36.0,38.4,32.2,-2.4,309.0,1064.0,239.0,59.0,1184.0,16138.0,1575.0,451.0,61.0,73.0,598.0,605.0,180.0,114.0,29.0,4.0,57.0,323.0,714.0,18.79,498.0,64.0,50.0,54.0,38.0,10.0,86.0,2.26,61.0,6.0,5.0,9.0,4.0,1.0,676.0,414.0,315.0,257.0,104.0,323.0,575.0,56.2,252.0,475.0,164.0,311.0,325.0,1001.0,858.0,20.0,22105.0,2507.0,7059.0,9848.0,5437.0,800.0,22100.0,775.0,323.0,41.7,400.0,51.6,12263.0,65968.0,33543.0,672.0,529.0,184.0,489.0,417.0,14134.0,1172.0,90,100,418,81,256,159,17,183,1.66,54,44,+10,+0.26,N/a,53.8,52.6,+1.3,+0.03,N/a,71.0,3.0,0.0,385.0,387.0,57.0,3.0,4.0,2.0,1690.0,488.0,486.0,50.1
Patrick Dorgu,dk DEN,DF,19,12,10,842,9.4,0,0,0,0,0,0,3,1,0.4,0.4,0.7,1.2,41,34,83,0.00,0.00,0.00,0.00,0.00,0.05,0.08,0.12,0.05,0.12,Matches,Manchester Utd,N/a,N/a,N/a,N/a,N/a,N/a,N/a,N/a,N/a,N/a,N/a,N/a,N/a,N/a,N/a,N/a,N/a,N/a,N/a,N/a,N/a,N/a,N/a,N/a,N/a,N/a,N/a,N/a,N/a,N/a,N/a,N/a,N/a,N/a,N/a,N/a,N/a,N/a,N/a,N/a,N/a,N/a,N/a,N/a,N/a,dk DEN,DF,19.0,9.4,0.0,10.0,2.0,20.0,1.07,0.21,0.0,0.0,16.4,0.0,0.0,0.0,0.4,0.4,0.04,-0.4,-0.4,Matches,Manchester Utd,400.0,494.0,81.0,5631.0,1295.0,250.0,280.0,89.3,124.0,159.0,78.0,12.0,28.0,42.9,0.0,0.7,1.3,-0.7,12.0,23.0,11.0,2.0,34.0,419.0,74.0,8.0,0.0,1.0,39.0,65.0,1.0,0.0,0.0,0.0,1.0,8.0,24.0,2.57,21.0,0.0,0.0,0.0,2.0,1.0,1.0,0.11,0.0,0.0,0.0,0.0,1.0,0.0,31.0,24.0,15.0,14.0,2.0,16.0,23.0,69.6,7.0,11.0,0.0,11.0,4.0,35.0,23.0,2.0,602.0,16.0,155.0,206.0,244.0,32.0,602.0,13.0,3.0,23.1,6.0,46.2,354.0,1933.0,1209.0,41.0,17.0,7.0,12.0,10.0,399.0,83.0,70,24.6,10,77,6,2,34,0,0.75,7,11,-4,-0.43,-0.22,12.6,9.9,+2.7,+0.29,+0.43,3.0,1.0,0.0,17.0,28.0,3.0,0.0,0.0,0.0,37.0,15.0,9.0,62.5
Player,Nation,Pos,Age,MP,Starts,Min,90s,Gls,Ast,G+A,G-PK,PK,PKatt,CrdY,CrdR,xG,npxG,xAG,npxG+xAG,PrgC,PrgP,PrgR,Gls,Ast,G+A,G-PK,G+A-PK,xG,xAG,xG+xAG,npxG,npxG+xAG,Matches,Manchester Utd,N/a,N/a,N/a,N/a,N/a,N/a,N/a,N/a,N/a,N/a,N/a,N/a,N/a,N/a,N/a,N/a,N/a,N/a,N/a,N/a,N/a,N/a,N/a,N/a,N/a,N/a,N/a,N/a,N/a,N/a,N/a,N/a,N/a,N/a,N/a,N/a,N/a,N/a,N/a,N/a,N/a,N/a,N/a,N/a,N/a,N/a,N/a,N/a,N/a,N/a,N/a,N/a,N/a,N/a,N/a,N/a,N/a,N/a,N/a,N/a,N/a,N/a,N/a,N/a,N/a,N/a,N/a,N/a,N/a,N/a,N/a,N/a,N/a,N/a,N/a,N/a,N/a,N/a,N/a,N/a,N/a,N/a,N/a,N/a,N/a,N/a,N/a,N/a,N/a,N/a,N/a,N/a,N/a,N/a,N/a,N/a,N/a,N/a,N/a,N/a,N/a,N/a,N/a,N/a,N/a,N/a,N/a,N/a,N/a,N/a,N/a,N/a,N/a,N/a,N/a,N/a,N/a,N/a,N/a,N/a,N/a,N/a,N/a,N/a,N/a,N/a,N/a,N/a,N/a,N/a,N/a,N/a,N/a,N/a,N/a,N/a,N/a,N/a,N/a,N/a,N/a,N/a,N/a,N/a,N/a,N/a,N/a,N/a,N/a,N/a,N/a,N/a,N/a,N/a,N/a,N/a,N/a,N/a,Mn/MP,Min%,Starts,Mn/Start,Compl,Subs,Mn/Sub,unSub,PPM,onG,onGA,+/-,+/-90,On-Off,onxG,onxGA,xG+/-,xG+/-90,On-Off,N/a,N/a,N/a,N/a,N/a,N/a,N/a,N/a,N/a,N/a,N/a,N/a,N/a
Rasmus Højlund,dk DEN,FW,21,32,23,2004,22.3,4,0,4,4,0,0,2,0,5.3,5.3,1.8,7.1,28,18,101,0.18,0.00,0.18,0.18,0.18,0.24,0.08,0.32,0.24,0.32,Matches,Manchester Utd,N/a,N/a,N/a,N/a,N/a,N/a,N/a,N/a,N/a,N/a,N/a,N/a,N/a,N/a,N/a,N/a,N/a,N/a,N/a,N/a,N/a,N/a,N/a,N/a,N/a,N/a,N/a,N/a,N/a,N/a,N/a,N/a,N/a,N/a,N/a,N/a,N/a,N/a,N/a,N/a,N/a,N/a,N/a,N/a,N/a,dk DEN,FW,21.0,22.3,4.0,32.0,13.0,40.6,1.44,0.58,0.13,0.31,12.9,0.0,0.0,0.0,5.3,5.3,0.16,-1.3,-1.3,Matches,Manchester Utd,251.0,336.0,74.7,2741.0,486.0,183.0,226.0,81.0,42.0,62.0,67.7,4.0,6.0,66.7,0.0,1.8,1.1,-1.8,16.0,14.0,5.0,1.0,18.0,310.0,23.0,0.0,2.0,0.0,8.0,0.0,0.0,0.0,0.0,0.0,3.0,6.0,34.0,1.53,22.0,0.0,3.0,5.0,4.0,0.0,1.0,0.04,0.0,0.0,0.0,0.0,1.0,0.0,3.0,1.0,0.0,2.0,1.0,0.0,5.0,0.0,5.0,6.0,0.0,6.0,2.0,5.0,6.0,0.0,515.0,6.0,36.0,251.0,237.0,74.0,515.0,33.0,9.0,27.3,21.0,63.6,308.0,1516.0,655.0,28.0,13.0,17.0,63.0,33.0,408.0,101.0,63,58.6,23,78,7,9,24,2,1.03,17,31,-14,-0.63,-0.88,25.9,29.6,-3.8,-0.17,-0.33,2.0,0.0,0.0,17.0,28.0,13.0,1.0,0.0,0.0,35.0,31.0,94.0,24.8
Scott McTominay,sct SCO,MF,27,2,0,19,0.2,0,0,0,0,0,0,0,0,0.1,0.1,0.0,0.1,0,1,2,0.00,0.00,0.00,0.00,0.00,0.33,0.00,0.33,0.33,0.33,Matches,Manchester Utd,N/a,N/a,N/a,N/a,N/a,N/a,N/a,N/a,N/a,N/a,N/a,N/a,N/a,N/a,N/a,N/a,N/a,N/a,N/a,N/a,N/a,N/a,N/a,N/a,N/a,N/a,N/a,N/a,N/a,N/a,N/a,N/a,N/a,N/a,N/a,N/a,N/a,N/a,N/a,N/a,N/a,N/a,N/a,N/a,N/a,sct SCO,MF,27.0,0.2,0.0,1.0,0.0,0.0,4.74,0.0,0.0,N/a,10.7,0.0,0.0,0.0,0.1,0.1,0.07,-0.1,-0.1,Matches,Manchester Utd,10.0,10.0,100.0,186.0,99.0,5.0,5.0,100.0,3.0,3.0,100.0,2.0,2.0,100.0,0.0,0.0,0.0,0.0,0.0,2.0,0.0,0.0,1.0,8.0,2.0,0.0,0.0,0.0,0.0,1.0,0.0,0.0,0.0,0.0,0.0,0.0,1.0,4.74,0.0,0.0,0.0,1.0,0.0,0.0,0.0,0.0,0.0,0.0,0.0,0.0,0.0,0.0,0.0,0.0,0.0,0.0,0.0,0.0,1.0,0.0,1.0,0.0,0.0,0.0,0.0,0.0,1.0,0.0,14.0,1.0,3.0,8.0,3.0,1.0,14.0,1.0,0.0,0.0,1.0,100.0,10.0,68.0,44.0,0.0,0.0,0.0,1.0,1.0,9.0,2.0,10,0.6,0,N/a,0,2,10,0,1.50,1,1,0,0.00,+0.26,0.8,0.6,+0.2,+0.91,+0.95,0.0,0.0,0.0,0.0,0.0,0.0,0.0,0.0,0.0,1.0,1.0,0.0,100.0
Sekou Koné,ml MLI,MF,18,0,0,N/a,N/a,N/a,N/a,N/a,N/a,N/a,N/a,N/a,N/a,N/a,N/a,N/a,N/a,N/a,N/a,N/a,N/a,N/a,N/a,N/a,N/a,N/a,N/a,N/a,N/a,N/a,Matches,Manchester Utd,N/a,N/a,N/a,N/a,N/a,N/a,N/a,N/a,N/a,N/a,N/a,N/a,N/a,N/a,N/a,N/a,N/a,N/a,N/a,N/a,N/a,N/a,N/a,N/a,N/a,N/a,N/a,N/a,N/a,N/a,N/a,N/a,N/a,N/a,N/a,N/a,N/a,N/a,N/a,N/a,N/a,N/a,N/a,N/a,N/a,N/a,N/a,N/a,N/a,N/a,N/a,N/a,N/a,N/a,N/a,N/a,N/a,N/a,N/a,N/a,N/a,N/a,N/a,N/a,N/a,N/a,N/a,N/a,N/a,N/a,N/a,N/a,N/a,N/a,N/a,N/a,N/a,N/a,N/a,N/a,N/a,N/a,N/a,N/a,N/a,N/a,N/a,N/a,N/a,N/a,N/a,N/a,N/a,N/a,N/a,N/a,N/a,N/a,N/a,N/a,N/a,N/a,N/a,N/a,N/a,N/a,N/a,N/a,N/a,N/a,N/a,N/a,N/a,N/a,N/a,N/a,N/a,N/a,N/a,N/a,N/a,N/a,N/a,N/a,N/a,N/a,N/a,N/a,N/a,N/a,N/a,N/a,N/a,N/a,N/a,N/a,N/a,N/a,N/a,N/a,N/a,N/a,N/a,N/a,N/a,N/a,N/a,N/a,N/a,N/a,N/a,N/a,N/a,N/a,N/a,N/a,N/a,N/a,N/a,N/a,0,N/a,0,0,N/a,3,N/a,N/a,N/a,N/a,N/a,N/a,N/a,N/a,N/a,N/a,N/a,N/a,N/a,N/a,N/a,N/a,N/a,N/a,N/a,N/a,N/a,N/a,N/a,N/a
Squad Total,N/a,N/a,25.5,38,418,3420,38.0,42,29,71,38,4,4,86,3,52.6,49.4,39.7,89.1,697,1448,1433,1.11,0.76,1.87,1.00,1.76,1.38,1.04,2.43,1.30,2.35,N/a,Manchester Utd,N/a,N/a,25.5,38.0,3420.0,54.0,1.42,149.0,96.0,65.8,11.0,9.0,18.0,10.0,26.3,4.0,3.0,1.0,0.0,25.0,N/a,Manchester Utd,1.0,10.0,2.0,54.1,0.34,2.1,0.05,131.0,502.0,26.1,1206.0,148.0,32.0,N/a,247.0,47.0,36.4,455.0,26.0,5.7,30.0,0.79,N/a,N/a,N/a,25.5,38.0,42.0,524.0,168.0,32.1,13.79,4.42,0.07,0.23,17.4,15.0,4.0,4.0,52.6,49.4,0.1,-10.6,-11.4,N/a,Manchester Utd,16837.0,20415.0,82.5,278154.0,89708.0,8233.0,9125.0,90.2,6855.0,7768.0,88.2,1257.0,2438.0,51.6,29.0,39.7,35.6,-10.7,406.0,1141.0,335.0,73.0,1448.0,18750.0,1596.0,414.0,94.0,107.0,630.0,646.0,197.0,96.0,45.0,11.0,69.0,355.0,939.0,24.71,711.0,78.0,38.0,61.0,36.0,15.0,70.0,1.84,45.0,4.0,5.0,6.0,6.0,4.0,817.0,493.0,394.0,305.0,118.0,400.0,723.0,55.3,323.0,386.0,107.0,279.0,358.0,1175.0,759.0,26.0,24734.0,2553.0,8593.0,10460.0,5908.0,967.0,24730.0,621.0,252.0,40.6,323.0,52.0,15116.0,75007.0,37992.0,697.0,475.0,230.0,521.0,353.0,16672.0,1433.0,90,100,418,81,256,161,23,180,1.11,44,54,-10,-0.26,N/a,52.6,53.8,-1.3,-0.03,N/a,86.0,3.0,1.0,403.0,371.0,69.0,4.0,4.0,2.0,1736.0,486.0,488.0,49.9
Toby Collyer,eng ENG,MF,20,6,0,179,2.0,0,0,0,0,0,0,0,0,0.2,0.2,0.3,0.4,0,5,2,0.00,0.00,0.00,0.00,0.00,0.09,0.13,0.22,0.09,0.22,Matches,Manchester Utd,N/a,N/a,N/a,N/a,N/a,N/a,N/a,N/a,N/a,N/a,N/a,N/a,N/a,N/a,N/a,N/a,N/a,N/a,N/a,N/a,N/a,N/a,N/a,N/a,N/a,N/a,N/a,N/a,N/a,N/a,N/a,N/a,N/a,N/a,N/a,N/a,N/a,N/a,N/a,N/a,N/a,N/a,N/a,N/a,N/a,eng ENG,MF,20.0,2.0,0.0,1.0,0.0,0.0,0.5,0.0,0.0,N/a,6.2,0.0,0.0,0.0,0.2,0.2,0.17,-0.2,-0.2,Matches,Manchester Utd,76.0,92.0,82.6,1127.0,121.0,37.0,43.0,86.0,32.0,37.0,86.5,3.0,4.0,75.0,0.0,0.3,0.4,-0.3,2.0,3.0,1.0,0.0,5.0,88.0,4.0,1.0,0.0,0.0,0.0,2.0,0.0,0.0,0.0,0.0,0.0,2.0,5.0,2.5,4.0,0.0,0.0,1.0,0.0,0.0,0.0,0.0,0.0,0.0,0.0,0.0,0.0,0.0,12.0,9.0,6.0,6.0,0.0,5.0,6.0,83.3,1.0,2.0,1.0,1.0,2.0,14.0,3.0,0.0,129.0,9.0,46.0,59.0,25.0,3.0,129.0,2.0,1.0,50.0,1.0,50.0,68.0,239.0,56.0,0.0,0.0,0.0,11.0,1.0,71.0,2.0,30,5.2,0,N/a,0,6,30,11,1.67,6,2,+4,+2.01,+2.40,5.2,3.1,+2.2,+1.08,+1.18,0.0,0.0,0.0,2.0,4.0,0.0,0.0,0.0,0.0,17.0,3.0,1.0,75.0
Tom Heaton,eng ENG,GK,38,0,0,N/a,N/a,N/a,N/a,N/a,N/a,N/a,N/a,N/a,N/a,N/a,N/a,N/a,N/a,N/a,N/a,N/a,N/a,N/a,N/a,N/a,N/a,N/a,N/a,N/a,N/a,N/a,Matches,Manchester Utd,N/a,N/a,N/a,N/a,N/a,N/a,N/a,N/a,N/a,N/a,N/a,N/a,N/a,N/a,N/a,N/a,N/a,N/a,N/a,N/a,N/a,N/a,N/a,N/a,N/a,N/a,N/a,N/a,N/a,N/a,N/a,N/a,N/a,N/a,N/a,N/a,N/a,N/a,N/a,N/a,N/a,N/a,N/a,N/a,N/a,N/a,N/a,N/a,N/a,N/a,N/a,N/a,N/a,N/a,N/a,N/a,N/a,N/a,N/a,N/a,N/a,N/a,N/a,N/a,N/a,N/a,N/a,N/a,N/a,N/a,N/a,N/a,N/a,N/a,N/a,N/a,N/a,N/a,N/a,N/a,N/a,N/a,N/a,N/a,N/a,N/a,N/a,N/a,N/a,N/a,N/a,N/a,N/a,N/a,N/a,N/a,N/a,N/a,N/a,N/a,N/a,N/a,N/a,N/a,N/a,N/a,N/a,N/a,N/a,N/a,N/a,N/a,N/a,N/a,N/a,N/a,N/a,N/a,N/a,N/a,N/a,N/a,N/a,N/a,N/a,N/a,N/a,N/a,N/a,N/a,N/a,N/a,N/a,N/a,N/a,N/a,N/a,N/a,N/a,N/a,N/a,N/a,N/a,N/a,N/a,N/a,N/a,N/a,N/a,N/a,N/a,N/a,N/a,N/a,N/a,N/a,N/a,N/a,N/a,N/a,0,N/a,0,0,N/a,8,N/a,N/a,N/a,N/a,N/a,N/a,N/a,N/a,N/a,N/a,N/a,N/a,N/a,N/a,N/a,N/a,N/a,N/a,N/a,N/a,N/a,N/a,N/a,N/a
Tyler Fredricson,eng ENG,DF,19,2,2,165,1.8,0,0,0,0,0,0,0,0,0.0,0.0,0.0,0.0,2,8,0,0.00,0.00,0.00,0.00,0.00,0.00,0.00,0.00,0.00,0.00,Matches,Manchester Utd,N/a,N/a,N/a,N/a,N/a,N/a,N/a,N/a,N/a,N/a,N/a,N/a,N/a,N/a,N/a,N/a,N/a,N/a,N/a,N/a,N/a,N/a,N/a,N/a,N/a,N/a,N/a,N/a,N/a,N/a,N/a,N/a,N/a,N/a,N/a,N/a,N/a,N/a,N/a,N/a,N/a,N/a,N/a,N/a,N/a,eng ENG,DF,19.0,1.8,0.0,0.0,0.0,N/a,0.0,0.0,N/a,N/a,N/a,0.0,0.0,0.0,0.0,0.0,N/a,0.0,0.0,Matches,Manchester Utd,110.0,122.0,90.2,1932.0,434.0,47.0,50.0,94.0,54.0,59.0,91.5,8.0,9.0,88.9,0.0,0.0,0.0,0.0,0.0,8.0,0.0,0.0,8.0,119.0,3.0,3.0,0.0,0.0,0.0,0.0,0.0,0.0,0.0,0.0,0.0,2.0,3.0,1.63,3.0,0.0,0.0,0.0,0.0,0.0,0.0,0.0,0.0,0.0,0.0,0.0,0.0,0.0,5.0,3.0,3.0,2.0,0.0,1.0,2.0,50.0,1.0,2.0,0.0,2.0,1.0,6.0,11.0,0.0,141.0,11.0,64.0,68.0,9.0,1.0,141.0,1.0,1.0,100.0,0.0,0.0,86.0,279.0,114.0,2.0,1.0,0.0,2.0,0.0,95.0,0.0,83,4.8,2,83,1,0,N/a,6,0.00,1,5,-4,-2.18,-2.02,2.6,2.9,-0.3,-0.17,-0.15,0.0,0.0,0.0,0.0,2.0,0.0,0.0,0.0,0.0,12.0,7.0,5.0,58.3
Tyrell Malacia,nl NED,DF,24,3,2,100,1.1,0,0,0,0,0,0,1,0,0.0,0.0,0.0,0.0,3,3,6,0.00,0.00,0.00,0.00,0.00,0.00,0.03,0.03,0.00,0.03,Matches,Manchester Utd,N/a,N/a,N/a,N/a,N/a,N/a,N/a,N/a,N/a,N/a,N/a,N/a,N/a,N/a,N/a,N/a,N/a,N/a,N/a,N/a,N/a,N/a,N/a,N/a,N/a,N/a,N/a,N/a,N/a,N/a,N/a,N/a,N/a,N/a,N/a,N/a,N/a,N/a,N/a,N/a,N/a,N/a,N/a,N/a,N/a,nl NED,DF,24.0,1.1,0.0,0.0,0.0,N/a,0.0,0.0,N/a,N/a,N/a,0.0,0.0,0.0,0.0,0.0,N/a,0.0,0.0,Matches,Manchester Utd,49.0,55.0,89.1,642.0,260.0,31.0,33.0,93.9,13.0,14.0,92.9,2.0,2.0,100.0,0.0,0.0,0.0,0.0,1.0,7.0,1.0,0.0,3.0,49.0,6.0,0.0,0.0,0.0,1.0,6.0,0.0,0.0,0.0,0.0,0.0,2.0,2.0,1.8,1.0,0.0,0.0,0.0,1.0,0.0,0.0,0.0,0.0,0.0,0.0,0.0,0.0,0.0,2.0,1.0,2.0,0.0,0.0,1.0,2.0,50.0,1.0,0.0,0.0,0.0,1.0,3.0,1.0,1.0,62.0,2.0,20.0,27.0,15.0,0.0,62.0,1.0,1.0,100.0,0.0,0.0,37.0,190.0,118.0,3.0,2.0,0.0,1.0,2.0,43.0,6.0,33,2.9,2,45,0,1,10,8,1.00,0,1,-1,-0.90,-0.66,1.0,0.9,+0.1,+0.08,+0.11,1.0,0.0,0.0,3.0,2.0,0.0,0.0,0.0,0.0,3.0,0.0,0.0,N/a
Victor Lindelöf,se SWE,DF,30,16,6,704,7.8,0,0,0,0,0,0,1,0,0.0,0.0,0.1,0.1,5,26,4,0.00,0.00,0.00,0.00,0.00,0.00,0.01,0.01,0.00,0.01,Matches,Manchester Utd,N/a,N/a,N/a,N/a,N/a,N/a,N/a,N/a,N/a,N/a,N/a,N/a,N/a,N/a,N/a,N/a,N/a,N/a,N/a,N/a,N/a,N/a,N/a,N/a,N/a,N/a,N/a,N/a,N/a,N/a,N/a,N/a,N/a,N/a,N/a,N/a,N/a,N/a,N/a,N/a,N/a,N/a,N/a,N/a,N/a,se SWE,DF,30.0,7.8,0.0,0.0,0.0,N/a,0.0,0.0,N/a,N/a,N/a,0.0,0.0,0.0,0.0,0.0,N/a,0.0,0.0,Matches,Manchester Utd,362.0,386.0,93.8,6074.0,1912.0,154.0,163.0,94.5,184.0,191.0,96.3,20.0,26.0,76.9,0.0,0.1,0.1,-0.1,3.0,17.0,2.0,1.0,26.0,376.0,10.0,4.0,1.0,0.0,1.0,5.0,0.0,0.0,0.0,0.0,0.0,1.0,4.0,0.51,4.0,0.0,0.0,0.0,0.0,0.0,0.0,0.0,0.0,0.0,0.0,0.0,0.0,0.0,7.0,2.0,5.0,1.0,1.0,3.0,4.0,75.0,1.0,6.0,4.0,2.0,8.0,15.0,36.0,2.0,452.0,60.0,243.0,187.0,24.0,3.0,452.0,0.0,0.0,N/a,0.0,N/a,263.0,1171.0,553.0,5.0,4.0,0.0,1.0,1.0,313.0,4.0,44,20.6,6,88,5,10,18,7,1.25,10,9,+1,+0.13,+0.49,11.7,8.5,+3.2,+0.41,+0.55,1.0,0.0,0.0,8.0,1.0,0.0,0.0,0.0,0.0,29.0,17.0,15.0,53.1
N/a,N/a,N/a,N/a,N/a,Playing Time,Playing Time,Playing Time,Performance,Performance,Performance,Performance,Performance,Performance,Performance,Performance,Expected,Expected,Expected,Expected,Progression,Progression,Progression,Per 90 Minutes,Per 90 Minutes,Per 90 Minutes,Per 90 Minutes,Per 90 Minutes,Per 90 Minutes,Per 90 Minutes,Per 90 Minutes,Per 90 Minutes,Per 90 Minutes,N/a,Manchester Utd,N/a,N/a,N/a,N/a,N/a,N/a,N/a,N/a,N/a,N/a,N/a,N/a,N/a,N/a,N/a,N/a,N/a,N/a,N/a,N/a,N/a,N/a,N/a,N/a,N/a,N/a,N/a,N/a,N/a,N/a,N/a,N/a,N/a,N/a,N/a,N/a,N/a,N/a,N/a,N/a,N/a,N/a,N/a,N/a,N/a,N/a,N/a,N/a,N/a,N/a,N/a,N/a,N/a,N/a,N/a,N/a,N/a,N/a,N/a,N/a,N/a,N/a,N/a,N/a,N/a,N/a,N/a,N/a,N/a,N/a,N/a,N/a,N/a,N/a,N/a,N/a,N/a,N/a,N/a,N/a,N/a,N/a,N/a,N/a,N/a,N/a,N/a,N/a,N/a,N/a,N/a,N/a,N/a,N/a,N/a,N/a,N/a,N/a,N/a,N/a,N/a,N/a,N/a,N/a,N/a,N/a,N/a,N/a,N/a,N/a,N/a,N/a,N/a,N/a,N/a,N/a,N/a,N/a,N/a,N/a,N/a,N/a,N/a,N/a,N/a,N/a,N/a,N/a,N/a,N/a,N/a,N/a,N/a,N/a,N/a,N/a,N/a,N/a,N/a,N/a,N/a,N/a,N/a,N/a,N/a,N/a,N/a,N/a,N/a,N/a,N/a,N/a,N/a,N/a,N/a,N/a,N/a,N/a,Playing Time,Playing Time,Starts,Starts,Starts,Subs,Subs,Subs,Team Success,Team Success,Team Success,Team Success,Team Success,Team Success,Team Success (xG),Team Success (xG),Team Success (xG),Team Success (xG),Team Success (xG),N/a,N/a,N/a,N/a,N/a,N/a,N/a,N/a,N/a,N/a,N/a,N/a,N/a
