Player,Unnamed: 1_level_0_Nation,Unnamed: 2_level_0_Pos,Unnamed: 3_level_0_Age,Unnamed: 4_level_0_MP,Playing Time_Starts,Playing Time_Min,Playing Time_90s,Performance_Gls,Performance_Ast,Performance_G+A,Performance_G-PK,Performance_PK,Performance_CrdY,Performance_CrdR,Expected_xG,Expected_npxG,Expected_xAG,Expected_npxG+xAG,Progression_PrgC,Progression_PrgP,Progression_PrgR,Per 90 Minutes_Gls,Per 90 Minutes_Ast,Per 90 Minutes_G+A,Per 90 Minutes_G-PK,Per 90 Minutes_G+A-PK,Per 90 Minutes_xG,Per 90 Minutes_xAG,Per 90 Minutes_xG+xAG,Per 90 Minutes_npxG,Per 90 Minutes_npxG+xAG,Unnamed: 33_level_0_Matches,Team,Unnamed: 1_level_0_Nation_stats_keeper_9,Unnamed: 2_level_0_Pos_stats_keeper_9,Unnamed: 3_level_0_Age_stats_keeper_9,Playing Time_MP,Playing Time_Min_stats_keeper_9,Performance_GA,Performance_GA90,Performance_SoTA,Performance_Saves,Performance_Save%,Performance_W,Performance_D,Performance_L,Performance_CS,Performance_CS%,Penalty Kicks_PKatt,Penalty Kicks_PKsv,Unnamed: 23_level_0_Matches,Team_stats_keeper_9,Goals_FK,Goals_CK,Goals_OG,Expected_PSxG,Expected_PSxG/SoT,Expected_PSxG+/-,Expected_/90,Launched_Cmp,Launched_Att,Launched_Cmp%,Passes_Att (GK),Passes_Thr,Passes_Launch%,Passes_AvgLen,Goal Kicks_Att,Goal Kicks_Launch%,Goal Kicks_AvgLen,Crosses_Opp,Crosses_Stp,Crosses_Stp%,Sweeper_#OPA,Sweeper_#OPA/90,Sweeper_AvgDist,Unnamed: 1_level_0_Nation_stats_shooting_9,Unnamed: 2_level_0_Pos_stats_shooting_9,Unnamed: 3_level_0_Age_stats_shooting_9,Standard_Sh,Standard_SoT,Standard_SoT%,Standard_Sh/90,Standard_SoT/90,Standard_G/Sh,Standard_G/SoT,Standard_Dist,Standard_FK,Expected_npxG/Sh,Expected_G-xG,Expected_np:G-xG,Unnamed: 22_level_0_Matches,Team_stats_shooting_9,Total_Cmp,Total_Att,Total_Cmp%,Total_TotDist,Total_PrgDist,Short_Cmp,Short_Att,Short_Cmp%,Medium_Cmp,Medium_Att,Medium_Cmp%,Long_Cmp,Long_Att,Long_Cmp%,Expected_xA,Expected_A-xAG,Unnamed: 23_level_0_KP,Unnamed: 24_level_0_1/3,Unnamed: 25_level_0_PPA,Unnamed: 26_level_0_CrsPA,Pass Types_Live,Pass Types_Dead,Pass Types_FK,Pass Types_TB,Pass Types_Sw,Pass Types_Crs,Pass Types_TI,Pass Types_CK,Corner Kicks_In,Corner Kicks_Out,Corner Kicks_Str,Outcomes_Off,Outcomes_Blocks,SCA_SCA,SCA_SCA90,SCA Types_PassLive,SCA Types_PassDead,SCA Types_TO,SCA Types_Sh,SCA Types_Fld,SCA Types_Def,GCA_GCA,GCA_GCA90,GCA Types_PassLive,GCA Types_PassDead,GCA Types_TO,GCA Types_Sh,GCA Types_Fld,GCA Types_Def,Tackles_Tkl,Tackles_TklW,Tackles_Def 3rd,Tackles_Mid 3rd,Tackles_Att 3rd,Challenges_Tkl,Challenges_Att,Challenges_Tkl%,Challenges_Lost,Blocks_Blocks,Blocks_Sh,Blocks_Pass,Unnamed: 17_level_0_Int,Unnamed: 18_level_0_Tkl+Int,Unnamed: 19_level_0_Clr,Unnamed: 20_level_0_Err,Touches_Touches,Touches_Def Pen,Touches_Def 3rd,Touches_Mid 3rd,Touches_Att 3rd,Touches_Att Pen,Touches_Live,Take-Ons_Att,Take-Ons_Succ,Take-Ons_Succ%,Take-Ons_Tkld,Take-Ons_Tkld%,Carries_Carries,Carries_TotDist,Carries_PrgDist,Carries_1/3,Carries_CPA,Carries_Mis,Carries_Dis,Receiving_Rec,Playing Time_Mn/MP,Playing Time_Min%,Starts_Mn/Start,Starts_Compl,Subs_Subs,Subs_Mn/Sub,Subs_unSub,Team Success_PPM,Team Success_onG,Team Success_onGA,Team Success_+/-,Team Success_+/-90,Team Success_On-Off,Team Success (xG)_onxG,Team Success (xG)_onxGA,Team Success (xG)_xG+/-,Team Success (xG)_xG+/-90,Team Success (xG)_On-Off,Performance_Fls,Performance_Fld,Performance_Off,Performance_PKwon,Performance_PKcon,Performance_Recov,Aerial Duels_Won,Aerial Duels_Lost,Aerial Duels_Won%
Andrew Omobamidele,ie IRL,DF,22.0,0,0,N/a,N/a,N/a,N/a,N/a,N/a,N/a,N/a,N/a,N/a,N/a,N/a,N/a,N/a,N/a,N/a,N/a,N/a,N/a,N/a,N/a,N/a,N/a,N/a,N/a,N/a,Matches,Nottingham Forest,N/a,N/a,N/a,N/a,N/a,N/a,N/a,N/a,N/a,N/a,N/a,N/a,N/a,N/a,N/a,N/a,N/a,N/a,N/a,N/a,N/a,N/a,N/a,N/a,N/a,N/a,N/a,N/a,N/a,N/a,N/a,N/a,N/a,N/a,N/a,N/a,N/a,N/a,N/a,N/a,N/a,N/a,N/a,N/a,N/a,N/a,N/a,N/a,N/a,N/a,N/a,N/a,N/a,N/a,N/a,N/a,N/a,N/a,N/a,N/a,N/a,N/a,N/a,N/a,N/a,N/a,N/a,N/a,N/a,N/a,N/a,N/a,N/a,N/a,N/a,N/a,N/a,N/a,N/a,N/a,N/a,N/a,N/a,N/a,N/a,N/a,N/a,N/a,N/a,N/a,N/a,N/a,N/a,N/a,N/a,N/a,N/a,N/a,N/a,N/a,N/a,N/a,N/a,N/a,N/a,N/a,N/a,N/a,N/a,N/a,N/a,N/a,N/a,N/a,N/a,N/a,N/a,N/a,N/a,N/a,N/a,N/a,N/a,N/a,N/a,N/a,N/a,N/a,N/a,N/a,N/a,N/a,N/a,N/a,N/a,N/a,N/a,N/a,N/a,N/a,N/a,N/a,N/a,N/a,N/a,N/a,N/a,0,0,N/a,4,N/a,N/a,N/a,N/a,N/a,N/a,N/a,N/a,N/a,N/a,N/a,N/a,N/a,N/a,N/a,N/a,N/a,N/a,N/a,N/a
Anthony Elanga,se SWE,"FW,MF",22.0,38,31,2501.0,27.8,6.0,11.0,17.0,6.0,0.0,1.0,0.0,4.5,4.5,5.7,10.1,102.0,63.0,229.0,0.22,0.4,0.61,0.22,0.61,0.16,0.2,0.36,0.16,0.36,Matches,Nottingham Forest,N/a,N/a,N/a,N/a,N/a,N/a,N/a,N/a,N/a,N/a,N/a,N/a,N/a,N/a,N/a,N/a,N/a,N/a,N/a,N/a,N/a,N/a,N/a,N/a,N/a,N/a,N/a,N/a,N/a,N/a,N/a,N/a,N/a,N/a,N/a,N/a,N/a,N/a,N/a,N/a,N/a,N/a,se SWE,"FW,MF",22.0,44.0,24.0,54.5,1.58,0.86,0.14,0.25,17.6,6.0,0.1,1.5,1.5,Matches,Nottingham Forest,540.0,827.0,65.3,8021.0,2660.0,318.0,387.0,82.2,150.0,232.0,64.7,46.0,131.0,35.1,5.1,5.3,50.0,32.0,26.0,8.0,697.0,126.0,31.0,3.0,0.0,185.0,6.0,86.0,43.0,39.0,0.0,4.0,24.0,102.0,3.67,56.0,23.0,5.0,7.0,11.0,0.0,18.0,0.65,10.0,4.0,1.0,0.0,3.0,0.0,19.0,14.0,8.0,8.0,3.0,5.0,17.0,29.4,12.0,11.0,1.0,10.0,6.0,25.0,25.0,0.0,1115.0,29.0,136.0,319.0,679.0,110.0,1115.0,83.0,25.0,30.1,39.0,47.0,600.0,4509.0,2544.0,45.0,48.0,79.0,43.0,764.0,66.0,73.1,76.0,12,7,22.0,0,1.71,45.0,35.0,10.0,0.36,0.16,33.9,37.6,-3.6,-0.13,-0.15,9.0,47.0,18.0,0.0,0.0,89.0,24.0,37.0,39.3
Callum Hudson-Odoi,eng ENG,"FW,MF",23.0,31,25,2194.0,24.4,5.0,2.0,7.0,5.0,0.0,2.0,0.0,2.5,2.5,2.7,5.2,130.0,71.0,189.0,0.21,0.08,0.29,0.21,0.29,0.1,0.11,0.21,0.1,0.21,Matches,Nottingham Forest,N/a,N/a,N/a,N/a,N/a,N/a,N/a,N/a,N/a,N/a,N/a,N/a,N/a,N/a,N/a,N/a,N/a,N/a,N/a,N/a,N/a,N/a,N/a,N/a,N/a,N/a,N/a,N/a,N/a,N/a,N/a,N/a,N/a,N/a,N/a,N/a,N/a,N/a,N/a,N/a,N/a,N/a,eng ENG,"FW,MF",23.0,37.0,17.0,45.9,1.52,0.7,0.14,0.29,18.3,0.0,0.07,2.5,2.5,Matches,Nottingham Forest,691.0,843.0,82.0,10242.0,2075.0,401.0,437.0,91.8,218.0,266.0,82.0,44.0,87.0,50.6,2.6,-0.7,44.0,38.0,33.0,11.0,817.0,23.0,3.0,5.0,6.0,79.0,6.0,5.0,4.0,1.0,0.0,3.0,16.0,94.0,3.86,74.0,3.0,10.0,3.0,4.0,0.0,11.0,0.45,7.0,0.0,2.0,0.0,2.0,0.0,22.0,14.0,8.0,8.0,6.0,12.0,18.0,66.7,6.0,11.0,0.0,11.0,13.0,35.0,12.0,1.0,1035.0,16.0,117.0,338.0,605.0,74.0,1035.0,63.0,37.0,58.7,18.0,28.6,641.0,5345.0,3401.0,61.0,47.0,45.0,23.0,784.0,71.0,64.2,81.0,8,6,28.0,1,1.74,38.0,23.0,15.0,0.62,0.84,28.7,26.9,1.8,0.07,0.45,12.0,25.0,8.0,1.0,0.0,92.0,3.0,10.0,23.1
Carlos Miguel,br BRA,GK,25.0,0,0,N/a,N/a,N/a,N/a,N/a,N/a,N/a,N/a,N/a,N/a,N/a,N/a,N/a,N/a,N/a,N/a,N/a,N/a,N/a,N/a,N/a,N/a,N/a,N/a,N/a,N/a,Matches,Nottingham Forest,N/a,N/a,N/a,N/a,N/a,N/a,N/a,N/a,N/a,N/a,N/a,N/a,N/a,N/a,N/a,N/a,N/a,N/a,N/a,N/a,N/a,N/a,N/a,N/a,N/a,N/a,N/a,N/a,N/a,N/a,N/a,N/a,N/a,N/a,N/a,N/a,N/a,N/a,N/a,N/a,N/a,N/a,N/a,N/a,N/a,N/a,N/a,N/a,N/a,N/a,N/a,N/a,N/a,N/a,N/a,N/a,N/a,N/a,N/a,N/a,N/a,N/a,N/a,N/a,N/a,N/a,N/a,N/a,N/a,N/a,N/a,N/a,N/a,N/a,N/a,N/a,N/a,N/a,N/a,N/a,N/a,N/a,N/a,N/a,N/a,N/a,N/a,N/a,N/a,N/a,N/a,N/a,N/a,N/a,N/a,N/a,N/a,N/a,N/a,N/a,N/a,N/a,N/a,N/a,N/a,N/a,N/a,N/a,N/a,N/a,N/a,N/a,N/a,N/a,N/a,N/a,N/a,N/a,N/a,N/a,N/a,N/a,N/a,N/a,N/a,N/a,N/a,N/a,N/a,N/a,N/a,N/a,N/a,N/a,N/a,N/a,N/a,N/a,N/a,N/a,N/a,N/a,N/a,N/a,N/a,N/a,N/a,0,0,N/a,33,N/a,N/a,N/a,N/a,N/a,N/a,N/a,N/a,N/a,N/a,N/a,N/a,N/a,N/a,N/a,N/a,N/a,N/a,N/a,N/a
Chris Wood,nz NZL,FW,32.0,36,35,2959.0,32.9,20.0,3.0,23.0,17.0,3.0,1.0,0.0,13.4,11.0,2.6,13.6,14.0,42.0,94.0,0.61,0.09,0.7,0.52,0.61,0.41,0.08,0.49,0.34,0.42,Matches,Nottingham Forest,N/a,N/a,N/a,N/a,N/a,N/a,N/a,N/a,N/a,N/a,N/a,N/a,N/a,N/a,N/a,N/a,N/a,N/a,N/a,N/a,N/a,N/a,N/a,N/a,N/a,N/a,N/a,N/a,N/a,N/a,N/a,N/a,N/a,N/a,N/a,N/a,N/a,N/a,N/a,N/a,N/a,N/a,nz NZL,FW,32.0,65.0,32.0,49.2,1.98,0.97,0.26,0.53,13.5,0.0,0.17,6.6,6.0,Matches,Nottingham Forest,315.0,490.0,64.3,4434.0,1018.0,186.0,272.0,68.4,88.0,134.0,65.7,19.0,26.0,73.1,1.5,0.4,22.0,19.0,12.0,1.0,485.0,0.0,0.0,2.0,1.0,1.0,0.0,0.0,0.0,0.0,0.0,5.0,7.0,44.0,1.34,36.0,0.0,2.0,4.0,0.0,2.0,5.0,0.15,4.0,0.0,0.0,0.0,0.0,1.0,6.0,5.0,2.0,2.0,2.0,3.0,11.0,27.3,8.0,12.0,7.0,5.0,5.0,11.0,29.0,1.0,770.0,40.0,89.0,361.0,322.0,105.0,767.0,13.0,4.0,30.8,8.0,61.5,376.0,1279.0,506.0,11.0,5.0,75.0,28.0,563.0,82.0,86.5,84.0,14,1,28.0,0,1.72,52.0,37.0,15.0,0.46,1.04,39.0,39.5,-0.5,-0.01,0.56,25.0,24.0,28.0,0.0,0.0,50.0,94.0,143.0,39.7
Danilo,br BRA,"MF,FW",23.0,8,5,275.0,3.1,0.0,0.0,0.0,0.0,0.0,0.0,0.0,0.0,0.0,0.0,0.0,2.0,11.0,1.0,0.0,0.0,0.0,0.0,0.0,0.0,0.0,0.0,0.0,0.0,Matches,Nottingham Forest,N/a,N/a,N/a,N/a,N/a,N/a,N/a,N/a,N/a,N/a,N/a,N/a,N/a,N/a,N/a,N/a,N/a,N/a,N/a,N/a,N/a,N/a,N/a,N/a,N/a,N/a,N/a,N/a,N/a,N/a,N/a,N/a,N/a,N/a,N/a,N/a,N/a,N/a,N/a,N/a,N/a,N/a,br BRA,"MF,FW",23.0,0.0,0.0,N/a,0.0,0.0,N/a,N/a,N/a,0.0,N/a,0.0,0.0,Matches,Nottingham Forest,94.0,121.0,77.7,1541.0,549.0,44.0,52.0,84.6,39.0,46.0,84.8,7.0,12.0,58.3,0.0,0.0,0.0,13.0,0.0,0.0,119.0,1.0,0.0,0.0,0.0,3.0,0.0,1.0,1.0,0.0,0.0,1.0,5.0,7.0,2.31,7.0,0.0,0.0,0.0,0.0,0.0,2.0,0.66,2.0,0.0,0.0,0.0,0.0,0.0,8.0,4.0,7.0,1.0,0.0,3.0,6.0,50.0,3.0,2.0,1.0,1.0,4.0,12.0,3.0,0.0,150.0,8.0,54.0,85.0,13.0,0.0,150.0,6.0,3.0,50.0,3.0,50.0,54.0,237.0,61.0,0.0,0.0,6.0,0.0,87.0,34.0,8.0,47.0,0,3,13.0,6,2.13,8.0,4.0,4.0,1.31,1.08,3.2,4.8,-1.6,-0.54,-0.48,2.0,0.0,0.0,0.0,0.0,19.0,1.0,2.0,33.3
Elliot Anderson,eng ENG,MF,21.0,37,33,2728.0,30.3,2.0,6.0,8.0,2.0,0.0,10.0,0.0,2.1,2.1,3.3,5.4,52.0,143.0,95.0,0.07,0.2,0.26,0.07,0.26,0.07,0.11,0.18,0.07,0.18,Matches,Nottingham Forest,N/a,N/a,N/a,N/a,N/a,N/a,N/a,N/a,N/a,N/a,N/a,N/a,N/a,N/a,N/a,N/a,N/a,N/a,N/a,N/a,N/a,N/a,N/a,N/a,N/a,N/a,N/a,N/a,N/a,N/a,N/a,N/a,N/a,N/a,N/a,N/a,N/a,N/a,N/a,N/a,N/a,N/a,eng ENG,MF,21.0,40.0,7.0,17.5,1.32,0.23,0.05,0.29,18.8,0.0,0.05,-0.1,-0.1,Matches,Nottingham Forest,1085.0,1386.0,78.3,17458.0,5922.0,572.0,640.0,89.4,402.0,496.0,81.0,77.0,165.0,46.7,3.6,2.7,37.0,121.0,19.0,2.0,1292.0,85.0,26.0,7.0,4.0,86.0,2.0,48.0,17.0,28.0,0.0,9.0,35.0,87.0,2.87,43.0,20.0,7.0,8.0,4.0,5.0,10.0,0.33,4.0,3.0,0.0,1.0,1.0,1.0,92.0,56.0,54.0,29.0,9.0,48.0,111.0,43.2,63.0,48.0,9.0,39.0,31.0,123.0,76.0,4.0,1832.0,102.0,424.0,891.0,547.0,72.0,1832.0,75.0,36.0,48.0,30.0,40.0,932.0,5071.0,2366.0,32.0,21.0,60.0,49.0,1089.0,74.0,79.8,79.0,13,4,27.0,0,1.76,49.0,37.0,12.0,0.4,0.4,35.2,39.3,-4.1,-0.13,-0.22,49.0,58.0,4.0,0.0,0.0,207.0,56.0,30.0,65.1
Eric da Silva Moreira,de GER,"MF,DF",18.0,2,0,30.0,0.3,0.0,0.0,0.0,0.0,0.0,0.0,0.0,0.0,0.0,0.0,0.0,1.0,0.0,1.0,0.0,0.0,0.0,0.0,0.0,0.0,0.0,0.0,0.0,0.0,Matches,Nottingham Forest,N/a,N/a,N/a,N/a,N/a,N/a,N/a,N/a,N/a,N/a,N/a,N/a,N/a,N/a,N/a,N/a,N/a,N/a,N/a,N/a,N/a,N/a,N/a,N/a,N/a,N/a,N/a,N/a,N/a,N/a,N/a,N/a,N/a,N/a,N/a,N/a,N/a,N/a,N/a,N/a,N/a,N/a,de GER,"MF,DF",18.0,0.0,0.0,N/a,0.0,0.0,N/a,N/a,N/a,0.0,N/a,0.0,0.0,Matches,Nottingham Forest,7.0,8.0,87.5,86.0,7.0,6.0,7.0,85.7,1.0,1.0,100.0,0.0,0.0,N/a,0.0,0.0,0.0,0.0,0.0,0.0,6.0,2.0,0.0,0.0,0.0,0.0,2.0,0.0,0.0,0.0,0.0,0.0,0.0,0.0,0.0,0.0,0.0,0.0,0.0,0.0,0.0,0.0,0.0,0.0,0.0,0.0,0.0,0.0,0.0,2.0,2.0,2.0,0.0,0.0,2.0,6.0,33.3,4.0,0.0,0.0,0.0,1.0,3.0,0.0,0.0,13.0,3.0,7.0,4.0,2.0,0.0,13.0,1.0,0.0,0.0,1.0,100.0,4.0,26.0,11.0,0.0,0.0,1.0,0.0,3.0,15.0,0.9,N/a,0,2,15.0,7,1.5,0.0,0.0,0.0,0.0,-0.32,0.1,0.3,-0.2,-0.53,-0.45,0.0,0.0,0.0,0.0,0.0,2.0,0.0,0.0,N/a
Harry Toffolo,eng ENG,DF,28.0,4,1,137.0,1.5,0.0,0.0,0.0,0.0,0.0,1.0,0.0,0.0,0.0,0.0,0.0,0.0,2.0,4.0,0.0,0.0,0.0,0.0,0.0,0.01,0.0,0.01,0.01,0.01,Matches,Nottingham Forest,N/a,N/a,N/a,N/a,N/a,N/a,N/a,N/a,N/a,N/a,N/a,N/a,N/a,N/a,N/a,N/a,N/a,N/a,N/a,N/a,N/a,N/a,N/a,N/a,N/a,N/a,N/a,N/a,N/a,N/a,N/a,N/a,N/a,N/a,N/a,N/a,N/a,N/a,N/a,N/a,N/a,N/a,eng ENG,DF,28.0,1.0,0.0,0.0,0.66,0.0,0.0,N/a,28.5,0.0,0.02,0.0,0.0,Matches,Nottingham Forest,47.0,67.0,70.1,653.0,304.0,30.0,32.0,93.8,15.0,24.0,62.5,1.0,7.0,14.3,0.0,0.0,0.0,1.0,0.0,0.0,39.0,28.0,0.0,0.0,0.0,4.0,27.0,1.0,1.0,0.0,0.0,0.0,3.0,0.0,0.0,0.0,0.0,0.0,0.0,0.0,0.0,0.0,0.0,0.0,0.0,0.0,0.0,0.0,0.0,5.0,3.0,3.0,1.0,1.0,3.0,4.0,75.0,1.0,2.0,2.0,0.0,2.0,7.0,12.0,0.0,88.0,9.0,32.0,22.0,34.0,2.0,88.0,0.0,0.0,N/a,0.0,N/a,17.0,57.0,23.0,0.0,0.0,0.0,0.0,30.0,34.0,4.0,90.0,1,3,16.0,20,2.5,2.0,2.0,0.0,0.0,-0.33,1.3,2.9,-1.6,-1.05,-1.0,1.0,0.0,0.0,0.0,0.0,2.0,1.0,0.0,100.0
Ibrahim Sangaré,ci CIV,MF,26.0,13,7,590.0,6.6,0.0,1.0,1.0,0.0,0.0,3.0,0.0,0.0,0.0,0.4,0.4,1.0,27.0,4.0,0.0,0.15,0.15,0.0,0.15,0.0,0.06,0.06,0.0,0.06,Matches,Nottingham Forest,N/a,N/a,N/a,N/a,N/a,N/a,N/a,N/a,N/a,N/a,N/a,N/a,N/a,N/a,N/a,N/a,N/a,N/a,N/a,N/a,N/a,N/a,N/a,N/a,N/a,N/a,N/a,N/a,N/a,N/a,N/a,N/a,N/a,N/a,N/a,N/a,N/a,N/a,N/a,N/a,N/a,N/a,ci CIV,MF,26.0,1.0,1.0,100.0,0.15,0.15,0.0,0.0,32.0,0.0,0.02,0.0,0.0,Matches,Nottingham Forest,276.0,323.0,85.4,4521.0,1475.0,129.0,144.0,89.6,117.0,127.0,92.1,20.0,31.0,64.5,0.2,0.6,4.0,28.0,4.0,1.0,312.0,11.0,10.0,1.0,2.0,2.0,1.0,0.0,0.0,0.0,0.0,0.0,9.0,8.0,1.22,7.0,0.0,0.0,1.0,0.0,0.0,0.0,0.0,0.0,0.0,0.0,0.0,0.0,0.0,28.0,14.0,8.0,17.0,3.0,8.0,17.0,47.1,9.0,10.0,4.0,6.0,6.0,34.0,13.0,1.0,407.0,26.0,110.0,247.0,52.0,7.0,407.0,1.0,0.0,0.0,1.0,100.0,171.0,759.0,283.0,2.0,0.0,5.0,4.0,236.0,45.0,17.3,72.0,1,6,14.0,5,1.46,11.0,6.0,5.0,0.76,0.54,9.5,8.2,1.3,0.2,0.36,15.0,8.0,0.0,0.0,0.0,42.0,10.0,10.0,50.0
James Ward-Prowse,eng ENG,MF,29.0,9,5,400.0,4.4,0.0,1.0,1.0,0.0,0.0,2.0,1.0,0.1,0.1,1.1,1.2,1.0,16.0,3.0,0.0,0.23,0.23,0.0,0.23,0.01,0.25,0.26,0.01,0.26,Matches,Nottingham Forest,N/a,N/a,N/a,N/a,N/a,N/a,N/a,N/a,N/a,N/a,N/a,N/a,N/a,N/a,N/a,N/a,N/a,N/a,N/a,N/a,N/a,N/a,N/a,N/a,N/a,N/a,N/a,N/a,N/a,N/a,N/a,N/a,N/a,N/a,N/a,N/a,N/a,N/a,N/a,N/a,N/a,N/a,eng ENG,MF,29.0,2.0,1.0,50.0,0.45,0.23,0.0,0.0,29.0,1.0,0.03,-0.1,-0.1,Matches,Nottingham Forest,145.0,182.0,79.7,2296.0,768.0,82.0,88.0,93.2,53.0,61.0,86.9,8.0,23.0,34.8,0.8,-0.1,4.0,16.0,2.0,0.0,157.0,24.0,15.0,0.0,1.0,19.0,0.0,8.0,3.0,5.0,0.0,1.0,1.0,10.0,2.25,6.0,4.0,0.0,0.0,0.0,0.0,2.0,0.45,1.0,1.0,0.0,0.0,0.0,0.0,4.0,1.0,1.0,3.0,0.0,2.0,2.0,100.0,0.0,3.0,2.0,1.0,5.0,9.0,8.0,0.0,205.0,13.0,49.0,115.0,45.0,1.0,205.0,0.0,0.0,N/a,0.0,N/a,92.0,407.0,170.0,3.0,0.0,3.0,3.0,115.0,44.0,11.7,75.0,2,4,6.0,9,1.56,4.0,7.0,-3.0,-0.68,-1.12,4.4,5.3,-0.9,-0.21,-0.13,7.0,2.0,0.0,0.0,0.0,19.0,3.0,5.0,37.5
Jota Silva,pt POR,"FW,MF",24.0,31,5,854.0,9.5,3.0,1.0,4.0,3.0,0.0,5.0,0.0,2.1,2.1,2.9,5.0,21.0,18.0,59.0,0.32,0.11,0.42,0.32,0.42,0.22,0.3,0.53,0.22,0.53,Matches,Nottingham Forest,N/a,N/a,N/a,N/a,N/a,N/a,N/a,N/a,N/a,N/a,N/a,N/a,N/a,N/a,N/a,N/a,N/a,N/a,N/a,N/a,N/a,N/a,N/a,N/a,N/a,N/a,N/a,N/a,N/a,N/a,N/a,N/a,N/a,N/a,N/a,N/a,N/a,N/a,N/a,N/a,N/a,N/a,pt POR,"FW,MF",24.0,23.0,7.0,30.4,2.42,0.74,0.13,0.43,14.5,0.0,0.09,0.9,0.9,Matches,Nottingham Forest,118.0,196.0,60.2,1692.0,471.0,66.0,86.0,76.7,37.0,60.0,61.7,6.0,19.0,31.6,1.8,-1.9,14.0,4.0,9.0,3.0,191.0,3.0,0.0,1.0,1.0,21.0,2.0,1.0,0.0,0.0,0.0,2.0,12.0,29.0,3.06,22.0,0.0,1.0,3.0,3.0,0.0,3.0,0.32,2.0,0.0,0.0,0.0,1.0,0.0,27.0,14.0,12.0,13.0,2.0,6.0,27.0,22.2,21.0,9.0,1.0,8.0,12.0,39.0,17.0,0.0,357.0,19.0,83.0,104.0,181.0,46.0,357.0,34.0,10.0,29.4,15.0,44.1,175.0,1153.0,632.0,13.0,9.0,24.0,12.0,202.0,28.0,25.0,68.0,0,26,20.0,6,1.71,16.0,16.0,0.0,0.0,-0.42,14.9,12.6,2.4,0.25,0.45,24.0,23.0,8.0,1.0,0.0,43.0,21.0,30.0,41.2
Matz Sels,be BEL,GK,32.0,38,38,3420.0,38.0,0.0,0.0,0.0,0.0,0.0,4.0,0.0,0.0,0.0,0.4,0.4,1.0,2.0,0.0,0.0,0.0,0.0,0.0,0.0,0.0,0.01,0.01,0.0,0.01,Matches,Nottingham Forest,be BEL,GK,32.0,38.0,3420.0,46.0,1.21,165.0,119.0,73.9,19.0,8.0,11.0,13.0,34.2,3.0,0.0,Matches,Nottingham Forest,1.0,5.0,0.0,49.1,0.29,3.1,0.08,244.0,698.0,35.0,715.0,83.0,68.4,44.7,270.0,77.4,54.3,710.0,19.0,2.7,12.0,0.32,8.7,be BEL,GK,32.0,0.0,0.0,N/a,0.0,0.0,N/a,N/a,N/a,0.0,N/a,0.0,0.0,Matches,Nottingham Forest,519.0,998.0,52.0,19289.0,16407.0,79.0,79.0,100.0,168.0,171.0,98.2,271.0,734.0,36.9,0.3,-0.4,2.0,45.0,4.0,0.0,610.0,375.0,105.0,0.0,0.0,0.0,0.0,0.0,0.0,0.0,0.0,13.0,0.0,6.0,0.16,3.0,3.0,0.0,0.0,0.0,0.0,0.0,0.0,0.0,0.0,0.0,0.0,0.0,0.0,1.0,1.0,1.0,0.0,0.0,1.0,1.0,100.0,0.0,0.0,0.0,0.0,0.0,1.0,26.0,1.0,1102.0,833.0,1082.0,20.0,0.0,0.0,1102.0,0.0,0.0,N/a,0.0,N/a,528.0,3230.0,1697.0,1.0,1.0,0.0,0.0,426.0,90.0,100.0,90.0,38,0,N/a,0,1.71,58.0,46.0,12.0,0.32,N/a,45.5,48.9,-3.4,-0.09,N/a,1.0,10.0,0.0,0.0,1.0,17.0,15.0,2.0,88.2
Morato,br BRA,DF,23.0,26,6,907.0,10.1,0.0,0.0,0.0,0.0,0.0,5.0,0.0,0.2,0.2,0.0,0.2,1.0,19.0,1.0,0.0,0.0,0.0,0.0,0.0,0.02,0.0,0.02,0.02,0.02,Matches,Nottingham Forest,N/a,N/a,N/a,N/a,N/a,N/a,N/a,N/a,N/a,N/a,N/a,N/a,N/a,N/a,N/a,N/a,N/a,N/a,N/a,N/a,N/a,N/a,N/a,N/a,N/a,N/a,N/a,N/a,N/a,N/a,N/a,N/a,N/a,N/a,N/a,N/a,N/a,N/a,N/a,N/a,N/a,N/a,br BRA,DF,23.0,2.0,1.0,50.0,0.2,0.1,0.0,0.0,8.6,0.0,0.09,-0.2,-0.2,Matches,Nottingham Forest,238.0,309.0,77.0,3987.0,1931.0,107.0,123.0,87.0,108.0,129.0,83.7,15.0,35.0,42.9,0.0,0.0,0.0,19.0,0.0,0.0,290.0,17.0,11.0,1.0,0.0,0.0,3.0,0.0,0.0,0.0,0.0,2.0,11.0,3.0,0.3,3.0,0.0,0.0,0.0,0.0,0.0,0.0,0.0,0.0,0.0,0.0,0.0,0.0,0.0,22.0,14.0,18.0,3.0,1.0,13.0,21.0,61.9,8.0,14.0,5.0,9.0,10.0,32.0,78.0,2.0,457.0,90.0,270.0,170.0,19.0,2.0,457.0,2.0,2.0,100.0,0.0,0.0,164.0,789.0,417.0,2.0,0.0,6.0,3.0,206.0,35.0,26.5,84.0,4,20,20.0,8,2.15,19.0,14.0,5.0,0.5,0.25,13.4,14.0,-0.6,-0.06,0.05,11.0,2.0,0.0,0.0,0.0,36.0,6.0,14.0,30.0
Morgan Gibbs-White,eng ENG,MF,24.0,34,34,2803.0,31.1,7.0,8.0,15.0,7.0,0.0,11.0,1.0,6.3,6.3,5.0,11.2,69.0,164.0,136.0,0.22,0.26,0.48,0.22,0.48,0.2,0.16,0.36,0.2,0.36,Matches,Nottingham Forest,N/a,N/a,N/a,N/a,N/a,N/a,N/a,N/a,N/a,N/a,N/a,N/a,N/a,N/a,N/a,N/a,N/a,N/a,N/a,N/a,N/a,N/a,N/a,N/a,N/a,N/a,N/a,N/a,N/a,N/a,N/a,N/a,N/a,N/a,N/a,N/a,N/a,N/a,N/a,N/a,N/a,N/a,eng ENG,MF,24.0,61.0,21.0,34.4,1.96,0.67,0.11,0.33,17.4,4.0,0.1,0.7,0.7,Matches,Nottingham Forest,993.0,1269.0,78.3,15389.0,4754.0,540.0,634.0,85.2,336.0,409.0,82.2,73.0,124.0,58.9,4.7,3.0,51.0,128.0,41.0,10.0,1241.0,18.0,7.0,19.0,12.0,45.0,1.0,1.0,0.0,0.0,0.0,10.0,27.0,115.0,3.69,94.0,0.0,3.0,8.0,5.0,5.0,19.0,0.61,13.0,0.0,0.0,4.0,1.0,1.0,43.0,22.0,14.0,23.0,6.0,17.0,33.0,51.5,16.0,18.0,5.0,13.0,23.0,66.0,29.0,1.0,1626.0,35.0,185.0,830.0,636.0,92.0,1626.0,77.0,31.0,40.3,35.0,45.5,923.0,5093.0,2566.0,52.0,13.0,70.0,44.0,1226.0,82.0,82.0,82.0,13,0,N/a,0,1.74,49.0,34.0,15.0,0.48,0.92,36.9,40.1,-3.2,-0.1,-0.07,38.0,40.0,7.0,1.0,0.0,127.0,40.0,55.0,42.1
Murillo,br BRA,DF,22.0,36,36,3188.0,35.4,2.0,0.0,2.0,2.0,0.0,6.0,0.0,1.4,1.4,1.2,2.6,22.0,115.0,5.0,0.06,0.0,0.06,0.06,0.06,0.04,0.03,0.07,0.04,0.07,Matches,Nottingham Forest,N/a,N/a,N/a,N/a,N/a,N/a,N/a,N/a,N/a,N/a,N/a,N/a,N/a,N/a,N/a,N/a,N/a,N/a,N/a,N/a,N/a,N/a,N/a,N/a,N/a,N/a,N/a,N/a,N/a,N/a,N/a,N/a,N/a,N/a,N/a,N/a,N/a,N/a,N/a,N/a,N/a,N/a,br BRA,DF,22.0,25.0,6.0,24.0,0.71,0.17,0.08,0.33,21.9,3.0,0.06,0.6,0.6,Matches,Nottingham Forest,1138.0,1450.0,78.5,22680.0,10645.0,420.0,466.0,90.1,535.0,609.0,87.8,161.0,327.0,49.2,1.1,-1.2,13.0,139.0,13.0,1.0,1271.0,166.0,113.0,8.0,22.0,14.0,3.0,0.0,0.0,0.0,0.0,13.0,6.0,44.0,1.24,30.0,7.0,0.0,4.0,1.0,2.0,2.0,0.06,1.0,1.0,0.0,0.0,0.0,0.0,53.0,36.0,38.0,12.0,3.0,27.0,46.0,58.7,19.0,69.0,45.0,24.0,36.0,89.0,249.0,3.0,1918.0,421.0,989.0,840.0,105.0,24.0,1918.0,37.0,27.0,73.0,10.0,27.0,821.0,4254.0,2531.0,25.0,1.0,19.0,10.0,989.0,89.0,93.2,89.0,33,0,N/a,0,1.69,50.0,44.0,6.0,0.17,-2.16,41.2,46.3,-5.1,-0.14,-0.79,27.0,6.0,0.0,0.0,1.0,142.0,44.0,22.0,66.7
Neco Williams,wls WAL,DF,23.0,35,28,2594.0,28.8,1.0,3.0,4.0,1.0,0.0,7.0,0.0,2.3,2.3,1.6,3.9,68.0,89.0,103.0,0.03,0.1,0.14,0.03,0.14,0.08,0.05,0.13,0.08,0.13,Matches,Nottingham Forest,N/a,N/a,N/a,N/a,N/a,N/a,N/a,N/a,N/a,N/a,N/a,N/a,N/a,N/a,N/a,N/a,N/a,N/a,N/a,N/a,N/a,N/a,N/a,N/a,N/a,N/a,N/a,N/a,N/a,N/a,N/a,N/a,N/a,N/a,N/a,N/a,N/a,N/a,N/a,N/a,N/a,N/a,wls WAL,DF,23.0,37.0,7.0,18.9,1.28,0.24,0.03,0.14,20.2,1.0,0.06,-1.3,-1.3,Matches,Nottingham Forest,843.0,1116.0,75.5,12607.0,5011.0,488.0,540.0,90.4,282.0,391.0,72.1,40.0,107.0,37.4,1.5,1.4,18.0,69.0,22.0,10.0,888.0,224.0,19.0,1.0,4.0,59.0,203.0,2.0,0.0,2.0,0.0,4.0,31.0,51.0,1.77,37.0,6.0,0.0,5.0,3.0,0.0,6.0,0.21,4.0,1.0,0.0,1.0,0.0,0.0,90.0,57.0,63.0,19.0,8.0,53.0,86.0,61.6,33.0,42.0,10.0,32.0,31.0,121.0,137.0,3.0,1565.0,155.0,558.0,574.0,453.0,45.0,1565.0,46.0,18.0,39.1,19.0,41.3,650.0,3952.0,2169.0,28.0,16.0,36.0,21.0,744.0,74.0,75.8,88.0,23,7,17.0,3,1.77,47.0,31.0,16.0,0.56,0.99,35.1,37.5,-2.4,-0.08,0.03,24.0,43.0,2.0,0.0,0.0,110.0,40.0,30.0,57.1
Nicolás Domínguez,ar ARG,"MF,FW",26.0,34,23,1963.0,21.8,0.0,1.0,1.0,0.0,0.0,9.0,0.0,1.5,1.5,1.3,2.8,16.0,83.0,33.0,0.0,0.05,0.05,0.0,0.05,0.07,0.06,0.13,0.07,0.13,Matches,Nottingham Forest,N/a,N/a,N/a,N/a,N/a,N/a,N/a,N/a,N/a,N/a,N/a,N/a,N/a,N/a,N/a,N/a,N/a,N/a,N/a,N/a,N/a,N/a,N/a,N/a,N/a,N/a,N/a,N/a,N/a,N/a,N/a,N/a,N/a,N/a,N/a,N/a,N/a,N/a,N/a,N/a,N/a,N/a,ar ARG,"MF,FW",26.0,21.0,9.0,42.9,0.96,0.41,0.0,0.0,18.9,0.0,0.07,-1.5,-1.5,Matches,Nottingham Forest,821.0,947.0,86.7,11995.0,3387.0,463.0,508.0,91.1,279.0,312.0,89.4,34.0,55.0,61.8,1.6,-0.3,13.0,81.0,11.0,1.0,890.0,50.0,22.0,7.0,0.0,7.0,6.0,0.0,0.0,0.0,0.0,7.0,11.0,38.0,1.74,29.0,1.0,0.0,3.0,3.0,2.0,0.0,0.0,0.0,0.0,0.0,0.0,0.0,0.0,86.0,45.0,40.0,35.0,11.0,36.0,76.0,47.4,40.0,38.0,12.0,26.0,29.0,115.0,54.0,1.0,1218.0,78.0,303.0,630.0,295.0,33.0,1218.0,9.0,3.0,33.3,4.0,44.4,471.0,1863.0,924.0,14.0,2.0,23.0,12.0,676.0,58.0,57.4,73.0,5,11,26.0,3,1.76,31.0,27.0,4.0,0.18,-0.31,25.4,31.1,-5.6,-0.26,-0.4,33.0,18.0,1.0,0.0,0.0,114.0,27.0,23.0,54.0
Nikola Milenković,rs SRB,DF,26.0,37,37,3330.0,37.0,5.0,2.0,7.0,5.0,0.0,4.0,0.0,4.0,4.0,1.1,5.1,3.0,51.0,6.0,0.14,0.05,0.19,0.14,0.19,0.11,0.03,0.14,0.11,0.14,Matches,Nottingham Forest,N/a,N/a,N/a,N/a,N/a,N/a,N/a,N/a,N/a,N/a,N/a,N/a,N/a,N/a,N/a,N/a,N/a,N/a,N/a,N/a,N/a,N/a,N/a,N/a,N/a,N/a,N/a,N/a,N/a,N/a,N/a,N/a,N/a,N/a,N/a,N/a,N/a,N/a,N/a,N/a,N/a,N/a,rs SRB,DF,26.0,29.0,8.0,27.6,0.78,0.22,0.17,0.63,11.6,0.0,0.14,1.0,1.0,Matches,Nottingham Forest,850.0,1033.0,82.3,17093.0,6325.0,258.0,293.0,88.1,475.0,538.0,88.3,103.0,167.0,61.7,0.5,0.9,9.0,53.0,2.0,0.0,994.0,32.0,32.0,0.0,3.0,0.0,0.0,0.0,0.0,0.0,0.0,7.0,3.0,21.0,0.57,16.0,0.0,0.0,4.0,0.0,1.0,3.0,0.08,3.0,0.0,0.0,0.0,0.0,0.0,51.0,29.0,36.0,13.0,2.0,27.0,34.0,79.4,7.0,41.0,24.0,17.0,27.0,78.0,209.0,1.0,1412.0,257.0,775.0,552.0,89.0,64.0,1412.0,1.0,1.0,100.0,0.0,0.0,547.0,2345.0,1116.0,3.0,2.0,4.0,2.0,727.0,90.0,97.4,90.0,37,0,N/a,0,1.73,57.0,45.0,12.0,0.32,0.32,44.2,47.7,-3.5,-0.09,-0.19,20.0,5.0,2.0,0.0,0.0,85.0,101.0,39.0,72.1
Ola Aina,ng NGA,DF,27.0,35,35,2995.0,33.3,2.0,1.0,3.0,2.0,0.0,5.0,0.0,0.6,0.6,1.4,2.1,67.0,107.0,67.0,0.06,0.03,0.09,0.06,0.09,0.02,0.04,0.06,0.02,0.06,Matches,Nottingham Forest,N/a,N/a,N/a,N/a,N/a,N/a,N/a,N/a,N/a,N/a,N/a,N/a,N/a,N/a,N/a,N/a,N/a,N/a,N/a,N/a,N/a,N/a,N/a,N/a,N/a,N/a,N/a,N/a,N/a,N/a,N/a,N/a,N/a,N/a,N/a,N/a,N/a,N/a,N/a,N/a,N/a,N/a,ng NGA,DF,27.0,11.0,2.0,18.2,0.33,0.06,0.18,1.0,26.1,0.0,0.06,1.4,1.4,Matches,Nottingham Forest,994.0,1352.0,73.5,15371.0,6297.0,530.0,598.0,88.6,374.0,502.0,74.5,57.0,166.0,34.3,2.2,-0.4,16.0,85.0,23.0,11.0,1071.0,279.0,15.0,0.0,4.0,59.0,264.0,0.0,0.0,0.0,0.0,2.0,46.0,62.0,1.86,49.0,5.0,3.0,1.0,3.0,1.0,4.0,0.12,3.0,0.0,0.0,0.0,0.0,1.0,55.0,42.0,39.0,15.0,1.0,36.0,64.0,56.3,28.0,34.0,12.0,22.0,33.0,88.0,115.0,4.0,1708.0,156.0,613.0,717.0,409.0,22.0,1708.0,72.0,33.0,45.8,27.0,37.5,749.0,4798.0,2787.0,46.0,10.0,44.0,22.0,823.0,86.0,87.6,86.0,28,0,N/a,0,1.77,55.0,39.0,16.0,0.48,1.33,41.2,39.4,1.9,0.06,1.18,23.0,35.0,2.0,0.0,1.0,190.0,13.0,19.0,40.6
Opponent Total,N/a,N/a,26.2,38,418,3420.0,38.0,46.0,35.0,81.0,43.0,3.0,104.0,2.0,48.9,46.5,35.2,81.7,966.0,1886.0,1868.0,1.21,0.92,2.13,1.13,2.05,1.29,0.93,2.21,1.22,2.15,N/a,Nottingham Forest,N/a,N/a,26.2,38.0,3420.0,58.0,1.53,165.0,108.0,66.7,11.0,8.0,19.0,8.0,21.1,3.0,0.0,N/a,Nottingham Forest,0.0,10.0,1.0,53.6,0.32,-3.4,-0.09,86.0,335.0,25.7,1012.0,184.0,26.8,30.3,261.0,24.5,26.1,492.0,36.0,7.3,51.0,1.34,14.2,N/a,N/a,26.2,528.0,162.0,30.7,13.89,4.26,0.08,0.27,16.8,11.0,0.09,-2.9,-3.5,N/a,Nottingham Forest,16965.0,20627.0,82.2,289408.0,96915.0,7747.0,8667.0,89.4,7609.0,8672.0,87.7,1251.0,2387.0,52.4,36.5,-0.2,396.0,1483.0,375.0,92.0,18867.0,1724.0,473.0,45.0,87.0,886.0,653.0,241.0,156.0,48.0,1.0,36.0,328.0,941.0,24.76,698.0,89.0,67.0,51.0,26.0,10.0,80.0,2.11,55.0,4.0,9.0,8.0,3.0,1.0,557.0,365.0,252.0,211.0,94.0,233.0,492.0,47.4,259.0,356.0,122.0,234.0,265.0,822.0,896.0,37.0,24861.0,2141.0,6917.0,11116.0,7047.0,1068.0,24858.0,755.0,327.0,43.3,343.0,45.4,14317.0,84446.0,48375.0,599.0,245.0,588.0,355.0,16672.0,90.0,100.0,83.0,255,162,20.0,180,1.08,46.0,58.0,-12.0,-0.32,N/a,48.9,45.5,3.4,0.09,N/a,434.0,390.0,36.0,2.0,3.0,1545.0,559.0,570.0,49.5
Ramón Sosa,py PAR,"FW,MF",24.0,19,1,295.0,3.3,1.0,0.0,1.0,1.0,0.0,1.0,0.0,1.0,1.0,0.5,1.5,12.0,6.0,17.0,0.31,0.0,0.31,0.31,0.31,0.31,0.15,0.45,0.31,0.45,Matches,Nottingham Forest,N/a,N/a,N/a,N/a,N/a,N/a,N/a,N/a,N/a,N/a,N/a,N/a,N/a,N/a,N/a,N/a,N/a,N/a,N/a,N/a,N/a,N/a,N/a,N/a,N/a,N/a,N/a,N/a,N/a,N/a,N/a,N/a,N/a,N/a,N/a,N/a,N/a,N/a,N/a,N/a,N/a,N/a,py PAR,"FW,MF",24.0,11.0,5.0,45.5,3.36,1.53,0.09,0.2,18.6,0.0,0.09,0.0,0.0,Matches,Nottingham Forest,66.0,97.0,68.0,1016.0,283.0,33.0,47.0,70.2,24.0,35.0,68.6,5.0,7.0,71.4,0.4,-0.5,8.0,2.0,5.0,3.0,86.0,10.0,2.0,0.0,1.0,8.0,4.0,4.0,2.0,1.0,0.0,1.0,2.0,14.0,4.23,11.0,0.0,2.0,1.0,0.0,0.0,0.0,0.0,0.0,0.0,0.0,0.0,0.0,0.0,5.0,3.0,3.0,0.0,2.0,1.0,5.0,20.0,4.0,9.0,0.0,9.0,4.0,9.0,5.0,0.0,154.0,6.0,36.0,48.0,77.0,15.0,154.0,13.0,8.0,61.5,5.0,38.5,75.0,601.0,333.0,7.0,5.0,6.0,5.0,81.0,16.0,8.6,67.0,0,18,13.0,13,1.58,3.0,5.0,-2.0,-0.61,-1.01,3.5,4.6,-1.0,-0.31,-0.24,6.0,8.0,3.0,0.0,0.0,25.0,4.0,7.0,36.4
Ryan Yates,eng ENG,MF,26.0,35,18,1915.0,21.3,2.0,1.0,3.0,2.0,0.0,10.0,0.0,2.3,2.3,1.2,3.5,18.0,53.0,16.0,0.09,0.05,0.14,0.09,0.14,0.11,0.05,0.16,0.11,0.16,Matches,Nottingham Forest,N/a,N/a,N/a,N/a,N/a,N/a,N/a,N/a,N/a,N/a,N/a,N/a,N/a,N/a,N/a,N/a,N/a,N/a,N/a,N/a,N/a,N/a,N/a,N/a,N/a,N/a,N/a,N/a,N/a,N/a,N/a,N/a,N/a,N/a,N/a,N/a,N/a,N/a,N/a,N/a,N/a,N/a,eng ENG,MF,26.0,33.0,9.0,27.3,1.55,0.42,0.06,0.22,19.6,0.0,0.07,-0.3,-0.3,Matches,Nottingham Forest,618.0,758.0,81.5,9172.0,2063.0,324.0,370.0,87.6,225.0,263.0,85.6,32.0,56.0,57.1,0.5,-0.2,18.0,48.0,4.0,0.0,699.0,56.0,23.0,0.0,0.0,8.0,0.0,2.0,0.0,0.0,0.0,3.0,19.0,38.0,1.78,26.0,1.0,1.0,6.0,2.0,2.0,3.0,0.14,2.0,0.0,0.0,1.0,0.0,0.0,42.0,21.0,24.0,14.0,4.0,17.0,37.0,45.9,20.0,38.0,10.0,28.0,26.0,68.0,61.0,1.0,1041.0,80.0,276.0,510.0,266.0,41.0,1041.0,18.0,9.0,50.0,5.0,27.8,424.0,2057.0,934.0,18.0,1.0,24.0,18.0,545.0,55.0,56.0,83.0,13,17,25.0,2,1.69,25.0,27.0,-2.0,-0.09,-0.93,24.2,27.2,-3.0,-0.14,-0.11,53.0,49.0,7.0,0.0,0.0,104.0,45.0,30.0,60.0
Squad Total,N/a,N/a,26.1,38,418,3420.0,38.0,57.0,42.0,99.0,54.0,3.0,90.0,2.0,45.5,43.2,33.0,76.2,633.0,1125.0,1117.0,1.5,1.11,2.61,1.42,2.53,1.2,0.87,2.07,1.14,2.0,N/a,Nottingham Forest,N/a,N/a,26.1,38.0,3420.0,46.0,1.21,165.0,119.0,73.9,19.0,8.0,11.0,13.0,34.2,3.0,0.0,N/a,Nottingham Forest,1.0,5.0,0.0,49.1,0.29,3.1,0.08,244.0,698.0,35.0,662.0,83.0,73.7,N/a,323.0,65.0,47.0,710.0,19.0,2.7,12.0,0.32,N/a,N/a,N/a,26.1,460.0,162.0,35.2,12.11,4.26,0.12,0.33,17.5,15.0,0.1,11.5,10.8,N/a,Nottingham Forest,10822.0,14366.0,75.3,185832.0,74897.0,5322.0,6094.0,87.3,4065.0,5011.0,81.1,1038.0,2339.0,44.4,29.9,9.0,333.0,974.0,241.0,64.0,12658.0,1617.0,436.0,59.0,62.0,621.0,615.0,159.0,71.0,76.0,0.0,91.0,282.0,798.0,21.0,569.0,74.0,35.0,60.0,40.0,20.0,91.0,2.39,58.0,10.0,3.0,8.0,8.0,4.0,698.0,419.0,406.0,225.0,67.0,343.0,670.0,51.2,327.0,427.0,157.0,270.0,322.0,1020.0,1220.0,24.0,18996.0,2463.0,6477.0,7689.0,5063.0,785.0,18993.0,581.0,259.0,44.6,233.0,40.1,8768.0,49825.0,26563.0,384.0,187.0,563.0,324.0,10733.0,90.0,100.0,83.0,249,167,18.0,174,1.71,58.0,46.0,12.0,0.32,N/a,45.5,48.9,-3.4,-0.09,N/a,401.0,419.0,91.0,3.0,3.0,1588.0,570.0,559.0,50.5
Taiwo Awoniyi,ng NGA,FW,26.0,26,3,416.0,4.6,1.0,0.0,1.0,1.0,0.0,0.0,0.0,2.1,2.1,0.1,2.2,6.0,7.0,20.0,0.22,0.0,0.22,0.22,0.22,0.46,0.02,0.48,0.46,0.48,Matches,Nottingham Forest,N/a,N/a,N/a,N/a,N/a,N/a,N/a,N/a,N/a,N/a,N/a,N/a,N/a,N/a,N/a,N/a,N/a,N/a,N/a,N/a,N/a,N/a,N/a,N/a,N/a,N/a,N/a,N/a,N/a,N/a,N/a,N/a,N/a,N/a,N/a,N/a,N/a,N/a,N/a,N/a,N/a,N/a,ng NGA,FW,26.0,10.0,4.0,40.0,2.16,0.87,0.1,0.25,12.6,0.0,0.21,-1.1,-1.1,Matches,Nottingham Forest,61.0,96.0,63.5,705.0,157.0,42.0,59.0,71.2,14.0,25.0,56.0,1.0,5.0,20.0,0.1,-0.1,2.0,5.0,2.0,0.0,96.0,0.0,0.0,1.0,0.0,2.0,0.0,0.0,0.0,0.0,0.0,0.0,4.0,9.0,1.95,5.0,0.0,1.0,2.0,1.0,0.0,1.0,0.22,0.0,0.0,0.0,1.0,0.0,0.0,6.0,3.0,0.0,3.0,3.0,4.0,5.0,80.0,1.0,1.0,0.0,1.0,0.0,6.0,7.0,0.0,167.0,5.0,16.0,78.0,74.0,21.0,167.0,9.0,4.0,44.4,5.0,55.6,90.0,402.0,183.0,5.0,2.0,19.0,19.0,113.0,16.0,12.2,64.0,0,23,10.0,7,1.92,5.0,10.0,-5.0,-1.08,-1.59,5.7,6.5,-0.8,-0.18,-0.1,8.0,10.0,1.0,0.0,0.0,18.0,13.0,38.0,25.5
Wayne Hennessey,wls WAL,GK,37.0,0,0,N/a,N/a,N/a,N/a,N/a,N/a,N/a,N/a,N/a,N/a,N/a,N/a,N/a,N/a,N/a,N/a,N/a,N/a,N/a,N/a,N/a,N/a,N/a,N/a,N/a,N/a,Matches,Nottingham Forest,N/a,N/a,N/a,N/a,N/a,N/a,N/a,N/a,N/a,N/a,N/a,N/a,N/a,N/a,N/a,N/a,N/a,N/a,N/a,N/a,N/a,N/a,N/a,N/a,N/a,N/a,N/a,N/a,N/a,N/a,N/a,N/a,N/a,N/a,N/a,N/a,N/a,N/a,N/a,N/a,N/a,N/a,N/a,N/a,N/a,N/a,N/a,N/a,N/a,N/a,N/a,N/a,N/a,N/a,N/a,N/a,N/a,N/a,N/a,N/a,N/a,N/a,N/a,N/a,N/a,N/a,N/a,N/a,N/a,N/a,N/a,N/a,N/a,N/a,N/a,N/a,N/a,N/a,N/a,N/a,N/a,N/a,N/a,N/a,N/a,N/a,N/a,N/a,N/a,N/a,N/a,N/a,N/a,N/a,N/a,N/a,N/a,N/a,N/a,N/a,N/a,N/a,N/a,N/a,N/a,N/a,N/a,N/a,N/a,N/a,N/a,N/a,N/a,N/a,N/a,N/a,N/a,N/a,N/a,N/a,N/a,N/a,N/a,N/a,N/a,N/a,N/a,N/a,N/a,N/a,N/a,N/a,N/a,N/a,N/a,N/a,N/a,N/a,N/a,N/a,N/a,N/a,N/a,N/a,N/a,N/a,N/a,0,0,N/a,5,N/a,N/a,N/a,N/a,N/a,N/a,N/a,N/a,N/a,N/a,N/a,N/a,N/a,N/a,N/a,N/a,N/a,N/a,N/a,N/a
Willy Boly,ci CIV,DF,33.0,6,1,150.0,1.7,0.0,0.0,0.0,0.0,0.0,1.0,0.0,0.1,0.1,0.0,0.1,0.0,2.0,0.0,0.0,0.0,0.0,0.0,0.0,0.04,0.0,0.04,0.04,0.04,Matches,Nottingham Forest,N/a,N/a,N/a,N/a,N/a,N/a,N/a,N/a,N/a,N/a,N/a,N/a,N/a,N/a,N/a,N/a,N/a,N/a,N/a,N/a,N/a,N/a,N/a,N/a,N/a,N/a,N/a,N/a,N/a,N/a,N/a,N/a,N/a,N/a,N/a,N/a,N/a,N/a,N/a,N/a,N/a,N/a,ci CIV,DF,33.0,1.0,1.0,100.0,0.6,0.6,0.0,0.0,10.2,0.0,0.07,-0.1,-0.1,Matches,Nottingham Forest,55.0,70.0,78.6,1010.0,477.0,20.0,22.0,90.9,30.0,32.0,93.8,4.0,15.0,26.7,0.0,0.0,0.0,3.0,0.0,0.0,69.0,1.0,1.0,0.0,0.0,0.0,0.0,0.0,0.0,0.0,0.0,0.0,0.0,0.0,0.0,0.0,0.0,0.0,0.0,0.0,0.0,0.0,0.0,0.0,0.0,0.0,0.0,0.0,0.0,6.0,1.0,5.0,1.0,0.0,4.0,4.0,100.0,0.0,4.0,2.0,2.0,3.0,9.0,12.0,0.0,97.0,22.0,63.0,32.0,2.0,1.0,97.0,0.0,0.0,N/a,0.0,N/a,35.0,128.0,45.0,0.0,0.0,1.0,0.0,46.0,25.0,4.4,90.0,1,5,12.0,23,2.17,3.0,1.0,2.0,1.2,0.92,2.6,2.7,0.0,-0.03,0.07,1.0,0.0,0.0,0.0,0.0,5.0,6.0,2.0,75.0
Zach Abbott,eng ENG,DF,18.0,0,0,N/a,N/a,N/a,N/a,N/a,N/a,N/a,N/a,N/a,N/a,N/a,N/a,N/a,N/a,N/a,N/a,N/a,N/a,N/a,N/a,N/a,N/a,N/a,N/a,N/a,N/a,Matches,Nottingham Forest,N/a,N/a,N/a,N/a,N/a,N/a,N/a,N/a,N/a,N/a,N/a,N/a,N/a,N/a,N/a,N/a,N/a,N/a,N/a,N/a,N/a,N/a,N/a,N/a,N/a,N/a,N/a,N/a,N/a,N/a,N/a,N/a,N/a,N/a,N/a,N/a,N/a,N/a,N/a,N/a,N/a,N/a,N/a,N/a,N/a,N/a,N/a,N/a,N/a,N/a,N/a,N/a,N/a,N/a,N/a,N/a,N/a,N/a,N/a,N/a,N/a,N/a,N/a,N/a,N/a,N/a,N/a,N/a,N/a,N/a,N/a,N/a,N/a,N/a,N/a,N/a,N/a,N/a,N/a,N/a,N/a,N/a,N/a,N/a,N/a,N/a,N/a,N/a,N/a,N/a,N/a,N/a,N/a,N/a,N/a,N/a,N/a,N/a,N/a,N/a,N/a,N/a,N/a,N/a,N/a,N/a,N/a,N/a,N/a,N/a,N/a,N/a,N/a,N/a,N/a,N/a,N/a,N/a,N/a,N/a,N/a,N/a,N/a,N/a,N/a,N/a,N/a,N/a,N/a,N/a,N/a,N/a,N/a,N/a,N/a,N/a,N/a,N/a,N/a,N/a,N/a,N/a,N/a,N/a,N/a,N/a,N/a,0,0,N/a,7,N/a,N/a,N/a,N/a,N/a,N/a,N/a,N/a,N/a,N/a,N/a,N/a,N/a,N/a,N/a,N/a,N/a,N/a,N/a,N/a
Álex Moreno,es ESP,"DF,MF",31.0,15,11,955.0,10.6,0.0,1.0,1.0,0.0,0.0,2.0,0.0,0.2,0.2,1.3,1.4,26.0,34.0,34.0,0.0,0.09,0.09,0.0,0.09,0.02,0.12,0.13,0.02,0.13,Matches,Nottingham Forest,N/a,N/a,N/a,N/a,N/a,N/a,N/a,N/a,N/a,N/a,N/a,N/a,N/a,N/a,N/a,N/a,N/a,N/a,N/a,N/a,N/a,N/a,N/a,N/a,N/a,N/a,N/a,N/a,N/a,N/a,N/a,N/a,N/a,N/a,N/a,N/a,N/a,N/a,N/a,N/a,N/a,N/a,es ESP,"DF,MF",31.0,6.0,0.0,0.0,0.57,0.0,0.0,N/a,23.7,0.0,0.03,-0.2,-0.2,Matches,Nottingham Forest,308.0,428.0,72.0,4574.0,1911.0,184.0,210.0,87.6,95.0,148.0,64.2,14.0,40.0,35.0,1.1,-0.3,8.0,25.0,9.0,2.0,338.0,86.0,1.0,3.0,1.0,19.0,85.0,0.0,0.0,0.0,0.0,4.0,10.0,16.0,1.51,15.0,1.0,0.0,0.0,0.0,0.0,2.0,0.19,2.0,0.0,0.0,0.0,0.0,0.0,25.0,18.0,20.0,5.0,0.0,15.0,39.0,38.5,24.0,11.0,5.0,6.0,15.0,40.0,43.0,0.0,559.0,60.0,210.0,202.0,158.0,8.0,559.0,21.0,8.0,38.1,8.0,38.1,229.0,1470.0,864.0,16.0,4.0,13.0,6.0,258.0,64.0,27.9,79.0,3,4,23.0,12,1.4,11.0,16.0,-5.0,-0.47,-1.09,10.8,13.6,-2.9,-0.27,-0.25,12.0,6.0,0.0,0.0,0.0,50.0,3.0,11.0,21.4
