Player,Unnamed: 1_level_0_Nation,Unnamed: 2_level_0_Pos,Unnamed: 3_level_0_Age,Playing Time_MP,Playing Time_Starts,Playing Time_Min,Playing Time_90s,Performance_Gls,Performance_Ast,Performance_G+A,Performance_G-PK,Performance_PK,Performance_PKatt,Performance_CrdY,Performance_CrdR,Expected_xG,Expected_npxG,Expected_xAG,Expected_npxG+xAG,Progression_PrgC,Progression_PrgP,Progression_PrgR,Per 90 Minutes_Gls,Per 90 Minutes_Ast,Per 90 Minutes_G+A,Per 90 Minutes_G-PK,Per 90 Minutes_G+A-PK,Per 90 Minutes_xG,Per 90 Minutes_xAG,Per 90 Minutes_xG+xAG,Per 90 Minutes_npxG,Per 90 Minutes_npxG+xAG,Unnamed: 33_level_0_Matches,Team,Unnamed: 1_level_0_Nation_stats_keeper_9,Unnamed: 2_level_0_Pos_stats_keeper_9,Unnamed: 3_level_0_Age_stats_keeper_9,Playing Time_MP_stats_keeper_9,Playing Time_Starts_stats_keeper_9,Playing Time_Min_stats_keeper_9,Performance_GA,Performance_GA90,Performance_SoTA,Performance_Saves,Performance_Save%,Performance_W,Performance_D,Performance_L,Performance_CS,Performance_CS%,Penalty Kicks_PKatt,Penalty Kicks_PKA,Penalty Kicks_PKsv,Penalty Kicks_PKm,Penalty Kicks_Save%,Unnamed: 23_level_0_Matches,Team_stats_keeper_9,Goals_FK,Goals_CK,Goals_OG,Expected_PSxG,Expected_PSxG/SoT,Expected_PSxG+/-,Expected_/90,Launched_Cmp,Launched_Att,Launched_Cmp%,Passes_Att (GK),Passes_Thr,Passes_Launch%,Passes_AvgLen,Goal Kicks_Att,Goal Kicks_Launch%,Goal Kicks_AvgLen,Crosses_Opp,Crosses_Stp,Crosses_Stp%,Sweeper_#OPA,Sweeper_#OPA/90,Sweeper_AvgDist,Unnamed: 1_level_0_Nation_stats_shooting_9,Unnamed: 2_level_0_Pos_stats_shooting_9,Unnamed: 3_level_0_Age_stats_shooting_9,Unnamed: 4_level_0_90s_stats_shooting_9,Standard_Gls,Standard_Sh,Standard_SoT,Standard_SoT%,Standard_Sh/90,Standard_SoT/90,Standard_G/Sh,Standard_G/SoT,Standard_Dist,Standard_FK,Standard_PK,Standard_PKatt,Expected_xG_stats_shooting_9,Expected_npxG_stats_shooting_9,Expected_npxG/Sh,Expected_G-xG,Expected_np:G-xG,Unnamed: 22_level_0_Matches,Team_stats_shooting_9,Total_Cmp,Total_Att,Total_Cmp%,Total_TotDist,Total_PrgDist,Short_Cmp,Short_Att,Short_Cmp%,Medium_Cmp,Medium_Att,Medium_Cmp%,Long_Cmp,Long_Att,Long_Cmp%,Unnamed: 19_level_0_Ast,Unnamed: 20_level_0_xAG,Expected_xA,Expected_A-xAG,Unnamed: 23_level_0_KP,Unnamed: 24_level_0_1/3,Unnamed: 25_level_0_PPA,Unnamed: 26_level_0_CrsPA,Unnamed: 27_level_0_PrgP,Pass Types_Live,Pass Types_Dead,Pass Types_FK,Pass Types_TB,Pass Types_Sw,Pass Types_Crs,Pass Types_TI,Pass Types_CK,Corner Kicks_In,Corner Kicks_Out,Corner Kicks_Str,Outcomes_Off,Outcomes_Blocks,SCA_SCA,SCA_SCA90,SCA Types_PassLive,SCA Types_PassDead,SCA Types_TO,SCA Types_Sh,SCA Types_Fld,SCA Types_Def,GCA_GCA,GCA_GCA90,GCA Types_PassLive,GCA Types_PassDead,GCA Types_TO,GCA Types_Sh,GCA Types_Fld,GCA Types_Def,Tackles_Tkl,Tackles_TklW,Tackles_Def 3rd,Tackles_Mid 3rd,Tackles_Att 3rd,Challenges_Tkl,Challenges_Att,Challenges_Tkl%,Challenges_Lost,Blocks_Blocks,Blocks_Sh,Blocks_Pass,Unnamed: 17_level_0_Int,Unnamed: 18_level_0_Tkl+Int,Unnamed: 19_level_0_Clr,Unnamed: 20_level_0_Err,Touches_Touches,Touches_Def Pen,Touches_Def 3rd,Touches_Mid 3rd,Touches_Att 3rd,Touches_Att Pen,Touches_Live,Take-Ons_Att,Take-Ons_Succ,Take-Ons_Succ%,Take-Ons_Tkld,Take-Ons_Tkld%,Carries_Carries,Carries_TotDist,Carries_PrgDist,Carries_PrgC,Carries_1/3,Carries_CPA,Carries_Mis,Carries_Dis,Receiving_Rec,Receiving_PrgR,Playing Time_Mn/MP,Playing Time_Min%,Starts_Starts,Starts_Mn/Start,Starts_Compl,Subs_Subs,Subs_Mn/Sub,Subs_unSub,Team Success_PPM,Team Success_onG,Team Success_onGA,Team Success_+/-,Team Success_+/-90,Team Success_On-Off,Team Success (xG)_onxG,Team Success (xG)_onxGA,Team Success (xG)_xG+/-,Team Success (xG)_xG+/-90,Team Success (xG)_On-Off,Performance_CrdY_stats_misc_9,Performance_CrdR_stats_misc_9,Performance_2CrdY,Performance_Fls,Performance_Fld,Performance_Off,Performance_PKcon,Performance_OG,Performance_Recov,Aerial Duels_Won,Aerial Duels_Lost,Aerial Duels_Won%
Alfie Pond,eng ENG,DF,20,1,0,1,0.0,0,0,0,0,0,0,0,0,0.0,0.0,0.0,0.0,0,0,0,0.00,0.00,0.00,0.00,0.00,0.00,0.00,0.00,0.00,0.00,Matches,Wolves,N/a,N/a,N/a,N/a,N/a,N/a,N/a,N/a,N/a,N/a,N/a,N/a,N/a,N/a,N/a,N/a,N/a,N/a,N/a,N/a,N/a,N/a,N/a,N/a,N/a,N/a,N/a,N/a,N/a,N/a,N/a,N/a,N/a,N/a,N/a,N/a,N/a,N/a,N/a,N/a,N/a,N/a,N/a,N/a,N/a,N/a,eng ENG,DF,20.0,0.0,0.0,0.0,0.0,N/a,0.0,0.0,N/a,N/a,N/a,0.0,0.0,0.0,0.0,0.0,N/a,0.0,0.0,Matches,Wolves,1.0,1.0,100.0,23.0,0.0,0.0,0.0,N/a,1.0,1.0,100.0,0.0,0.0,N/a,0.0,0.0,0.0,0.0,0.0,0.0,0.0,0.0,0.0,1.0,0.0,0.0,0.0,0.0,0.0,0.0,0.0,0.0,0.0,0.0,0.0,0.0,0.0,0.0,0.0,0.0,0.0,0.0,0.0,0.0,0.0,0.0,0.0,0.0,0.0,0.0,0.0,0.0,0.0,0.0,0.0,0.0,0.0,0.0,0.0,N/a,0.0,0.0,0.0,0.0,0.0,0.0,0.0,0.0,1.0,0.0,0.0,1.0,0.0,0.0,1.0,0.0,0.0,N/a,0.0,N/a,1.0,2.0,2.0,0.0,0.0,0.0,0.0,0.0,1.0,0.0,1,0.0,0,N/a,0,1,1,7,3.00,0,0,0,0.00,+0.39,0.0,0.0,0.0,0.00,+0.38,0.0,0.0,0.0,0.0,0.0,0.0,0.0,0.0,0.0,0.0,0.0,N/a
André,br BRA,MF,23,33,31,2472,27.5,0,0,0,0,0,0,7,0,0.4,0.4,0.8,1.3,10,109,11,0.00,0.00,0.00,0.00,0.00,0.02,0.03,0.05,0.02,0.05,Matches,Wolves,N/a,N/a,N/a,N/a,N/a,N/a,N/a,N/a,N/a,N/a,N/a,N/a,N/a,N/a,N/a,N/a,N/a,N/a,N/a,N/a,N/a,N/a,N/a,N/a,N/a,N/a,N/a,N/a,N/a,N/a,N/a,N/a,N/a,N/a,N/a,N/a,N/a,N/a,N/a,N/a,N/a,N/a,N/a,N/a,N/a,N/a,br BRA,MF,23.0,27.5,0.0,10.0,1.0,10.0,0.36,0.04,0.0,0.0,25.5,0.0,0.0,0.0,0.4,0.4,0.04,-0.4,-0.4,Matches,Wolves,1247.0,1342.0,92.9,19660.0,5471.0,646.0,677.0,95.4,475.0,500.0,95.0,80.0,98.0,81.6,0.0,0.8,0.7,-0.8,18.0,111.0,5.0,0.0,109.0,1308.0,32.0,28.0,5.0,15.0,0.0,2.0,0.0,0.0,0.0,0.0,2.0,14.0,49.0,1.78,41.0,3.0,1.0,0.0,0.0,4.0,3.0,0.11,2.0,1.0,0.0,0.0,0.0,0.0,91.0,55.0,41.0,41.0,9.0,37.0,63.0,58.7,26.0,42.0,8.0,34.0,37.0,128.0,30.0,1.0,1623.0,89.0,439.0,1046.0,155.0,3.0,1623.0,32.0,16.0,50.0,12.0,37.5,912.0,3764.0,1688.0,10.0,17.0,0.0,30.0,21.0,1093.0,11.0,75,72.3,31,80,14,2,3,2,1.15,39,46,-7,-0.25,+0.50,29.9,40.5,-10.6,-0.39,-0.02,7.0,0.0,0.0,36.0,34.0,0.0,1.0,0.0,194.0,2.0,6.0,25.0
Bastien Meupiyou,fr FRA,DF,18,0,0,N/a,N/a,N/a,N/a,N/a,N/a,N/a,N/a,N/a,N/a,N/a,N/a,N/a,N/a,N/a,N/a,N/a,N/a,N/a,N/a,N/a,N/a,N/a,N/a,N/a,N/a,N/a,Matches,Wolves,N/a,N/a,N/a,N/a,N/a,N/a,N/a,N/a,N/a,N/a,N/a,N/a,N/a,N/a,N/a,N/a,N/a,N/a,N/a,N/a,N/a,N/a,N/a,N/a,N/a,N/a,N/a,N/a,N/a,N/a,N/a,N/a,N/a,N/a,N/a,N/a,N/a,N/a,N/a,N/a,N/a,N/a,N/a,N/a,N/a,N/a,N/a,N/a,N/a,N/a,N/a,N/a,N/a,N/a,N/a,N/a,N/a,N/a,N/a,N/a,N/a,N/a,N/a,N/a,N/a,N/a,N/a,N/a,N/a,N/a,N/a,N/a,N/a,N/a,N/a,N/a,N/a,N/a,N/a,N/a,N/a,N/a,N/a,N/a,N/a,N/a,N/a,N/a,N/a,N/a,N/a,N/a,N/a,N/a,N/a,N/a,N/a,N/a,N/a,N/a,N/a,N/a,N/a,N/a,N/a,N/a,N/a,N/a,N/a,N/a,N/a,N/a,N/a,N/a,N/a,N/a,N/a,N/a,N/a,N/a,N/a,N/a,N/a,N/a,N/a,N/a,N/a,N/a,N/a,N/a,N/a,N/a,N/a,N/a,N/a,N/a,N/a,N/a,N/a,N/a,N/a,N/a,N/a,N/a,N/a,N/a,N/a,N/a,N/a,N/a,N/a,N/a,N/a,N/a,N/a,N/a,N/a,N/a,N/a,N/a,N/a,0,N/a,0,0,N/a,5,N/a,N/a,N/a,N/a,N/a,N/a,N/a,N/a,N/a,N/a,N/a,N/a,N/a,N/a,N/a,N/a,N/a,N/a,N/a,N/a,N/a,N/a,N/a
Boubacar Traoré,ml MLI,MF,22,1,0,1,0.0,0,0,0,0,0,0,0,0,0.0,0.0,0.0,0.0,0,0,0,0.00,0.00,0.00,0.00,0.00,0.00,0.00,0.00,0.00,0.00,Matches,Wolves,N/a,N/a,N/a,N/a,N/a,N/a,N/a,N/a,N/a,N/a,N/a,N/a,N/a,N/a,N/a,N/a,N/a,N/a,N/a,N/a,N/a,N/a,N/a,N/a,N/a,N/a,N/a,N/a,N/a,N/a,N/a,N/a,N/a,N/a,N/a,N/a,N/a,N/a,N/a,N/a,N/a,N/a,N/a,N/a,N/a,N/a,ml MLI,MF,22.0,0.0,0.0,0.0,0.0,N/a,0.0,0.0,N/a,N/a,N/a,0.0,0.0,0.0,0.0,0.0,N/a,0.0,0.0,Matches,Wolves,0.0,0.0,N/a,0.0,0.0,0.0,0.0,N/a,0.0,0.0,N/a,0.0,0.0,N/a,0.0,0.0,0.0,0.0,0.0,0.0,0.0,0.0,0.0,0.0,0.0,0.0,0.0,0.0,0.0,0.0,0.0,0.0,0.0,0.0,0.0,0.0,0.0,0.0,0.0,0.0,0.0,0.0,0.0,0.0,0.0,0.0,0.0,0.0,0.0,0.0,0.0,0.0,2.0,0.0,0.0,2.0,0.0,1.0,1.0,100.0,0.0,0.0,0.0,0.0,0.0,2.0,0.0,0.0,2.0,0.0,0.0,2.0,0.0,0.0,2.0,0.0,0.0,N/a,0.0,N/a,0.0,0.0,0.0,0.0,0.0,0.0,0.0,0.0,0.0,0.0,1,0.0,0,N/a,0,1,1,7,3.00,0,0,0,0.00,+0.39,0.6,0.0,+0.6,+49.93,+50.33,0.0,0.0,0.0,0.0,0.0,0.0,0.0,0.0,0.0,0.0,1.0,0.0
Carlos Forbs,pt POR,"MF,FW",20,10,1,239,2.7,0,0,0,0,0,0,2,0,0.1,0.1,0.0,0.2,10,8,28,0.00,0.00,0.00,0.00,0.00,0.05,0.01,0.07,0.05,0.07,Matches,Wolves,N/a,N/a,N/a,N/a,N/a,N/a,N/a,N/a,N/a,N/a,N/a,N/a,N/a,N/a,N/a,N/a,N/a,N/a,N/a,N/a,N/a,N/a,N/a,N/a,N/a,N/a,N/a,N/a,N/a,N/a,N/a,N/a,N/a,N/a,N/a,N/a,N/a,N/a,N/a,N/a,N/a,N/a,N/a,N/a,N/a,N/a,pt POR,"MF,FW",20.0,2.7,0.0,2.0,0.0,0.0,0.75,0.0,0.0,N/a,19.1,0.0,0.0,0.0,0.1,0.1,0.07,-0.1,-0.1,Matches,Wolves,60.0,91.0,65.9,788.0,228.0,39.0,51.0,76.5,19.0,26.0,73.1,1.0,5.0,20.0,0.0,0.0,0.1,0.0,1.0,2.0,3.0,1.0,8.0,89.0,2.0,0.0,0.0,0.0,9.0,2.0,0.0,0.0,0.0,0.0,0.0,9.0,5.0,1.89,3.0,0.0,2.0,0.0,0.0,0.0,1.0,0.38,1.0,0.0,0.0,0.0,0.0,0.0,8.0,5.0,5.0,2.0,1.0,4.0,6.0,66.7,2.0,3.0,0.0,3.0,1.0,9.0,2.0,1.0,121.0,3.0,23.0,39.0,60.0,13.0,121.0,12.0,7.0,58.3,5.0,41.7,75.0,468.0,321.0,10.0,3.0,8.0,7.0,4.0,85.0,28.0,24,7.0,1,67,0,9,19,17,0.80,7,9,-2,-0.75,-0.39,3.2,8.4,-5.2,-1.97,-1.71,2.0,0.0,0.0,2.0,1.0,0.0,0.0,0.0,11.0,1.0,3.0,25.0
Chiquinho,pt POR,MF,24,1,0,7,0.1,0,0,0,0,0,0,0,0,0.0,0.0,0.0,0.0,0,0,0,0.00,0.00,0.00,0.00,0.00,0.00,0.42,0.42,0.00,0.42,Matches,Wolves,N/a,N/a,N/a,N/a,N/a,N/a,N/a,N/a,N/a,N/a,N/a,N/a,N/a,N/a,N/a,N/a,N/a,N/a,N/a,N/a,N/a,N/a,N/a,N/a,N/a,N/a,N/a,N/a,N/a,N/a,N/a,N/a,N/a,N/a,N/a,N/a,N/a,N/a,N/a,N/a,N/a,N/a,N/a,N/a,N/a,N/a,pt POR,MF,24.0,0.1,0.0,0.0,0.0,N/a,0.0,0.0,N/a,N/a,N/a,0.0,0.0,0.0,0.0,0.0,N/a,0.0,0.0,Matches,Wolves,3.0,3.0,100.0,71.0,22.0,1.0,1.0,100.0,1.0,1.0,100.0,1.0,1.0,100.0,0.0,0.0,0.0,0.0,1.0,0.0,1.0,1.0,0.0,3.0,0.0,0.0,0.0,0.0,1.0,0.0,0.0,0.0,0.0,0.0,0.0,0.0,2.0,25.71,2.0,0.0,0.0,0.0,0.0,0.0,0.0,0.0,0.0,0.0,0.0,0.0,0.0,0.0,0.0,0.0,0.0,0.0,0.0,0.0,0.0,N/a,0.0,0.0,0.0,0.0,0.0,0.0,0.0,0.0,3.0,0.0,0.0,1.0,2.0,1.0,3.0,0.0,0.0,N/a,0.0,N/a,1.0,13.0,5.0,0.0,0.0,0.0,0.0,0.0,2.0,0.0,7,0.2,0,N/a,0,1,7,0,0.00,0,0,0,0.00,+0.40,0.1,0.0,+0.1,+1.89,+2.27,0.0,0.0,0.0,1.0,0.0,0.0,0.0,0.0,1.0,0.0,0.0,N/a
Craig Dawson,eng ENG,DF,34,15,10,971,10.8,0,0,0,0,0,0,2,0,0.5,0.5,0.0,0.5,6,20,5,0.00,0.00,0.00,0.00,0.00,0.05,0.00,0.05,0.05,0.05,Matches,Wolves,N/a,N/a,N/a,N/a,N/a,N/a,N/a,N/a,N/a,N/a,N/a,N/a,N/a,N/a,N/a,N/a,N/a,N/a,N/a,N/a,N/a,N/a,N/a,N/a,N/a,N/a,N/a,N/a,N/a,N/a,N/a,N/a,N/a,N/a,N/a,N/a,N/a,N/a,N/a,N/a,N/a,N/a,N/a,N/a,N/a,N/a,eng ENG,DF,34.0,10.8,0.0,5.0,1.0,20.0,0.46,0.09,0.0,0.0,8.5,0.0,0.0,0.0,0.5,0.5,0.1,-0.5,-0.5,Matches,Wolves,484.0,559.0,86.6,9745.0,3180.0,149.0,161.0,92.5,267.0,287.0,93.0,57.0,95.0,60.0,0.0,0.0,0.1,0.0,2.0,22.0,1.0,0.0,20.0,528.0,30.0,20.0,1.0,11.0,0.0,0.0,0.0,0.0,0.0,0.0,1.0,0.0,7.0,0.65,6.0,0.0,0.0,1.0,0.0,0.0,2.0,0.19,1.0,0.0,0.0,1.0,0.0,0.0,15.0,3.0,8.0,6.0,1.0,12.0,15.0,80.0,3.0,16.0,11.0,5.0,9.0,24.0,52.0,1.0,671.0,130.0,396.0,249.0,28.0,14.0,671.0,5.0,1.0,20.0,2.0,40.0,390.0,1819.0,938.0,6.0,1.0,0.0,2.0,0.0,443.0,5.0,65,28.4,10,89,9,5,17,6,0.87,16,25,-9,-0.83,-0.61,10.6,18.7,-8.1,-0.75,-0.51,2.0,0.0,0.0,6.0,5.0,2.0,0.0,2.0,35.0,21.0,11.0,65.6
Daniel Bentley,eng ENG,GK,31,2,2,180,2.0,0,0,0,0,0,0,0,0,0.0,0.0,0.0,0.0,0,0,0,0.00,0.00,0.00,0.00,0.00,0.00,0.00,0.00,0.00,0.00,Matches,Wolves,eng ENG,GK,31.0,2.0,2.0,180.0,4.0,2.0,12.0,8.0,66.7,1.0,0.0,1.0,1.0,50.0,0.0,0.0,0.0,0.0,N/a,Matches,Wolves,1.0,0.0,0.0,3.9,0.33,-0.1,-0.04,7.0,21.0,33.3,52.0,6.0,25.0,28.1,13.0,61.5,46.4,25.0,0.0,0.0,3.0,1.5,16.4,eng ENG,GK,31.0,2.0,0.0,0.0,0.0,N/a,0.0,0.0,N/a,N/a,N/a,0.0,0.0,0.0,0.0,0.0,N/a,0.0,0.0,Matches,Wolves,49.0,65.0,75.4,1252.0,851.0,6.0,6.0,100.0,33.0,33.0,100.0,10.0,26.0,38.5,0.0,0.0,0.0,0.0,0.0,1.0,0.0,0.0,0.0,45.0,20.0,7.0,0.0,0.0,0.0,0.0,0.0,0.0,0.0,0.0,0.0,0.0,0.0,0.0,0.0,0.0,0.0,0.0,0.0,0.0,0.0,0.0,0.0,0.0,0.0,0.0,0.0,0.0,0.0,0.0,0.0,0.0,0.0,0.0,0.0,N/a,0.0,0.0,0.0,0.0,0.0,0.0,1.0,0.0,69.0,50.0,68.0,1.0,0.0,0.0,69.0,0.0,0.0,N/a,0.0,N/a,39.0,218.0,134.0,0.0,0.0,0.0,0.0,0.0,26.0,0.0,90,5.3,2,90,2,0,N/a,16,1.50,3,4,-1,-0.50,-0.11,1.6,3.0,-1.4,-0.69,-0.32,0.0,0.0,0.0,0.0,0.0,0.0,0.0,0.0,4.0,2.0,0.0,100.0
Daniel Podence,pt POR,"MF,FW",28,2,0,48,0.5,0,0,0,0,0,0,0,0,0.0,0.0,0.0,0.0,1,2,3,0.00,0.00,0.00,0.00,0.00,0.07,0.00,0.07,0.07,0.07,Matches,Wolves,N/a,N/a,N/a,N/a,N/a,N/a,N/a,N/a,N/a,N/a,N/a,N/a,N/a,N/a,N/a,N/a,N/a,N/a,N/a,N/a,N/a,N/a,N/a,N/a,N/a,N/a,N/a,N/a,N/a,N/a,N/a,N/a,N/a,N/a,N/a,N/a,N/a,N/a,N/a,N/a,N/a,N/a,N/a,N/a,N/a,N/a,pt POR,"MF,FW",28.0,0.5,0.0,1.0,0.0,0.0,1.87,0.0,0.0,N/a,24.4,0.0,0.0,0.0,0.0,0.0,0.04,0.0,0.0,Matches,Wolves,11.0,16.0,68.8,132.0,78.0,7.0,7.0,100.0,3.0,3.0,100.0,0.0,2.0,0.0,0.0,0.0,0.0,0.0,0.0,1.0,1.0,0.0,2.0,15.0,1.0,1.0,0.0,0.0,1.0,0.0,0.0,0.0,0.0,0.0,0.0,2.0,0.0,0.0,0.0,0.0,0.0,0.0,0.0,0.0,0.0,0.0,0.0,0.0,0.0,0.0,0.0,0.0,0.0,0.0,0.0,0.0,0.0,0.0,1.0,0.0,1.0,0.0,0.0,0.0,0.0,0.0,0.0,0.0,20.0,0.0,2.0,11.0,7.0,0.0,20.0,2.0,2.0,100.0,0.0,0.0,13.0,77.0,43.0,1.0,1.0,0.0,0.0,0.0,17.0,3.0,24,1.4,0,N/a,0,2,24,0,0.00,0,2,-2,-3.75,-3.40,0.3,0.8,-0.5,-0.93,-0.56,0.0,0.0,0.0,0.0,2.0,0.0,0.0,0.0,1.0,0.0,1.0,0.0
Emmanuel Agbadou,ci CIV,DF,27,16,16,1410,15.7,1,0,1,1,0,0,3,0,0.8,0.8,0.2,1.1,6,31,2,0.06,0.00,0.06,0.06,0.06,0.05,0.02,0.07,0.05,0.07,Matches,Wolves,N/a,N/a,N/a,N/a,N/a,N/a,N/a,N/a,N/a,N/a,N/a,N/a,N/a,N/a,N/a,N/a,N/a,N/a,N/a,N/a,N/a,N/a,N/a,N/a,N/a,N/a,N/a,N/a,N/a,N/a,N/a,N/a,N/a,N/a,N/a,N/a,N/a,N/a,N/a,N/a,N/a,N/a,N/a,N/a,N/a,N/a,ci CIV,DF,27.0,15.7,1.0,7.0,2.0,28.6,0.45,0.13,0.14,0.5,27.6,1.0,0.0,0.0,0.8,0.8,0.12,0.2,0.2,Matches,Wolves,855.0,1001.0,85.4,17344.0,6203.0,276.0,299.0,92.3,466.0,501.0,93.0,107.0,181.0,59.1,0.0,0.2,0.3,-0.2,4.0,40.0,1.0,0.0,31.0,955.0,43.0,28.0,1.0,11.0,2.0,0.0,0.0,0.0,0.0,0.0,3.0,5.0,17.0,1.09,15.0,2.0,0.0,0.0,0.0,0.0,3.0,0.19,2.0,1.0,0.0,0.0,0.0,0.0,30.0,19.0,21.0,9.0,0.0,13.0,20.0,65.0,7.0,19.0,13.0,6.0,12.0,42.0,90.0,0.0,1172.0,190.0,649.0,504.0,28.0,7.0,1172.0,13.0,10.0,76.9,2.0,15.4,758.0,3670.0,1752.0,6.0,4.0,0.0,6.0,4.0,796.0,2.0,88,41.2,16,88,15,0,N/a,0,1.44,20,22,-2,-0.13,+0.45,19.1,22.8,-3.6,-0.23,+0.25,3.0,0.0,0.0,7.0,4.0,1.0,0.0,0.0,83.0,26.0,20.0,56.5
Gonçalo Guedes,pt POR,"MF,FW",27,29,10,995,11.1,2,4,6,2,0,0,1,0,3.2,3.2,1.3,4.5,41,40,79,0.18,0.36,0.54,0.18,0.54,0.29,0.11,0.40,0.29,0.40,Matches,Wolves,N/a,N/a,N/a,N/a,N/a,N/a,N/a,N/a,N/a,N/a,N/a,N/a,N/a,N/a,N/a,N/a,N/a,N/a,N/a,N/a,N/a,N/a,N/a,N/a,N/a,N/a,N/a,N/a,N/a,N/a,N/a,N/a,N/a,N/a,N/a,N/a,N/a,N/a,N/a,N/a,N/a,N/a,N/a,N/a,N/a,N/a,pt POR,"MF,FW",27.0,11.1,2.0,27.0,8.0,29.6,2.44,0.72,0.07,0.25,18.9,0.0,0.0,0.0,3.2,3.2,0.12,-1.2,-1.2,Matches,Wolves,259.0,349.0,74.2,4193.0,1060.0,137.0,158.0,86.7,97.0,128.0,75.8,17.0,35.0,48.6,4.0,1.3,0.9,2.7,14.0,18.0,17.0,5.0,40.0,312.0,34.0,0.0,1.0,5.0,22.0,14.0,1.0,1.0,0.0,0.0,3.0,10.0,30.0,2.71,27.0,0.0,2.0,0.0,1.0,0.0,8.0,0.72,7.0,0.0,1.0,0.0,0.0,0.0,16.0,5.0,2.0,6.0,8.0,4.0,16.0,25.0,12.0,11.0,0.0,11.0,5.0,21.0,4.0,0.0,484.0,6.0,49.0,199.0,250.0,40.0,484.0,28.0,9.0,32.1,15.0,53.6,304.0,2074.0,1056.0,41.0,27.0,8.0,38.0,18.0,337.0,79.0,34,29.1,10,67,1,19,17,4,0.93,16,25,-9,-0.81,-0.59,13.2,18.9,-5.7,-0.51,-0.19,1.0,0.0,0.0,15.0,17.0,3.0,0.0,0.0,36.0,5.0,13.0,27.8
Hwang Hee-chan,kr KOR,"MF,FW",28,21,5,661,7.3,2,0,2,2,0,0,0,0,0.8,0.8,0.1,0.9,15,12,42,0.27,0.00,0.27,0.27,0.27,0.11,0.02,0.13,0.11,0.13,Matches,Wolves,N/a,N/a,N/a,N/a,N/a,N/a,N/a,N/a,N/a,N/a,N/a,N/a,N/a,N/a,N/a,N/a,N/a,N/a,N/a,N/a,N/a,N/a,N/a,N/a,N/a,N/a,N/a,N/a,N/a,N/a,N/a,N/a,N/a,N/a,N/a,N/a,N/a,N/a,N/a,N/a,N/a,N/a,N/a,N/a,N/a,N/a,kr KOR,"MF,FW",28.0,7.3,2.0,5.0,3.0,60.0,0.68,0.41,0.4,0.67,17.4,0.0,0.0,0.0,0.8,0.8,0.16,1.2,1.2,Matches,Wolves,166.0,204.0,81.4,2152.0,420.0,110.0,126.0,87.3,43.0,51.0,84.3,4.0,5.0,80.0,0.0,0.1,0.3,-0.1,3.0,7.0,4.0,2.0,12.0,189.0,14.0,2.0,1.0,0.0,8.0,6.0,0.0,0.0,0.0,0.0,1.0,9.0,9.0,1.22,8.0,0.0,0.0,1.0,0.0,0.0,1.0,0.14,1.0,0.0,0.0,0.0,0.0,0.0,6.0,4.0,2.0,1.0,3.0,2.0,6.0,33.3,4.0,9.0,0.0,9.0,2.0,8.0,11.0,0.0,271.0,10.0,42.0,105.0,126.0,24.0,271.0,14.0,2.0,14.3,12.0,85.7,159.0,989.0,448.0,15.0,5.0,7.0,14.0,10.0,181.0,42.0,31,19.3,5,69,1,16,20,8,0.86,8,19,-11,-1.50,-1.37,8.5,12.7,-4.2,-0.57,-0.24,0.0,0.0,0.0,6.0,9.0,0.0,0.0,0.0,28.0,3.0,9.0,25.0
Jean-Ricner Bellegarde,ht HAI,"MF,FW",26,35,20,1677,18.6,2,7,9,2,0,0,3,0,1.5,1.5,3.8,5.3,52,43,89,0.11,0.38,0.48,0.11,0.48,0.08,0.20,0.29,0.08,0.29,Matches,Wolves,N/a,N/a,N/a,N/a,N/a,N/a,N/a,N/a,N/a,N/a,N/a,N/a,N/a,N/a,N/a,N/a,N/a,N/a,N/a,N/a,N/a,N/a,N/a,N/a,N/a,N/a,N/a,N/a,N/a,N/a,N/a,N/a,N/a,N/a,N/a,N/a,N/a,N/a,N/a,N/a,N/a,N/a,N/a,N/a,N/a,N/a,ht HAI,"MF,FW",26.0,18.6,2.0,22.0,5.0,22.7,1.18,0.27,0.09,0.4,21.2,2.0,0.0,0.0,1.5,1.5,0.07,0.5,0.5,Matches,Wolves,475.0,599.0,79.3,7404.0,1436.0,271.0,304.0,89.1,152.0,188.0,80.9,36.0,62.0,58.1,7.0,3.8,2.8,3.2,27.0,30.0,18.0,8.0,43.0,575.0,23.0,9.0,5.0,4.0,44.0,3.0,5.0,4.0,0.0,0.0,1.0,21.0,57.0,3.06,35.0,5.0,4.0,4.0,7.0,2.0,11.0,0.59,8.0,1.0,0.0,0.0,1.0,1.0,39.0,24.0,17.0,19.0,3.0,14.0,20.0,70.0,6.0,19.0,3.0,16.0,10.0,49.0,18.0,1.0,843.0,24.0,148.0,394.0,318.0,48.0,843.0,61.0,14.0,23.0,31.0,50.8,528.0,3269.0,1573.0,52.0,38.0,11.0,42.0,29.0,592.0,89.0,48,49.0,20,69,1,15,20,2,1.09,29,31,-2,-0.11,+0.56,22.8,26.3,-3.5,-0.19,+0.37,3.0,0.0,0.0,31.0,47.0,1.0,0.0,0.0,62.0,10.0,19.0,34.5
José Sá,pt POR,GK,31,29,29,2609,29.0,0,0,0,0,0,0,2,0,0.0,0.0,0.2,0.2,0,2,0,0.00,0.00,0.00,0.00,0.00,0.00,0.01,0.01,0.00,0.01,Matches,Wolves,pt POR,GK,31.0,29.0,29.0,2609.0,48.0,1.66,117.0,69.0,63.2,11.0,5.0,13.0,7.0,24.1,7.0,5.0,2.0,0.0,28.6,Matches,Wolves,1.0,6.0,2.0,42.8,0.33,-3.2,-0.11,94.0,382.0,24.6,771.0,121.0,39.3,35.2,150.0,52.7,41.5,432.0,32.0,7.4,43.0,1.48,15.5,pt POR,GK,31.0,29.0,0.0,0.0,0.0,N/a,0.0,0.0,N/a,N/a,N/a,0.0,0.0,0.0,0.0,0.0,N/a,0.0,0.0,Matches,Wolves,592.0,924.0,64.1,15334.0,10381.0,120.0,121.0,99.2,325.0,335.0,97.0,143.0,460.0,31.1,0.0,0.2,0.0,-0.2,3.0,22.0,1.0,0.0,2.0,706.0,215.0,65.0,1.0,0.0,0.0,0.0,0.0,0.0,0.0,0.0,3.0,1.0,5.0,0.17,5.0,0.0,0.0,0.0,0.0,0.0,0.0,0.0,0.0,0.0,0.0,0.0,0.0,0.0,2.0,2.0,2.0,0.0,0.0,2.0,2.0,100.0,0.0,0.0,0.0,0.0,0.0,2.0,15.0,1.0,985.0,785.0,976.0,10.0,0.0,0.0,985.0,8.0,8.0,100.0,0.0,0.0,630.0,3790.0,2483.0,0.0,0.0,0.0,1.0,0.0,485.0,0.0,90,76.3,29,90,28,0,N/a,4,1.31,42,48,-6,-0.21,+0.79,35.2,42.0,-6.8,-0.23,+0.62,2.0,0.0,0.0,4.0,9.0,0.0,4.0,0.0,37.0,11.0,1.0,91.7
João Gomes,br BRA,MF,23,36,35,2974,33.0,3,1,4,3,0,0,11,1,2.9,2.9,1.2,4.1,59,165,76,0.09,0.03,0.12,0.09,0.12,0.09,0.04,0.12,0.09,0.12,Matches,Wolves,N/a,N/a,N/a,N/a,N/a,N/a,N/a,N/a,N/a,N/a,N/a,N/a,N/a,N/a,N/a,N/a,N/a,N/a,N/a,N/a,N/a,N/a,N/a,N/a,N/a,N/a,N/a,N/a,N/a,N/a,N/a,N/a,N/a,N/a,N/a,N/a,N/a,N/a,N/a,N/a,N/a,N/a,N/a,N/a,N/a,N/a,br BRA,MF,23.0,33.0,3.0,35.0,7.0,20.0,1.06,0.21,0.09,0.43,18.3,0.0,0.0,0.0,2.9,2.9,0.08,0.1,0.1,Matches,Wolves,1380.0,1623.0,85.0,19707.0,4911.0,813.0,896.0,90.7,430.0,498.0,86.3,66.0,112.0,58.9,1.0,1.2,1.9,-0.2,23.0,122.0,24.0,1.0,165.0,1564.0,56.0,27.0,5.0,9.0,29.0,17.0,1.0,1.0,0.0,0.0,3.0,24.0,67.0,2.03,53.0,1.0,5.0,2.0,2.0,4.0,4.0,0.12,4.0,0.0,0.0,0.0,0.0,0.0,116.0,71.0,55.0,53.0,8.0,48.0,110.0,43.6,62.0,42.0,4.0,38.0,25.0,141.0,33.0,0.0,1998.0,62.0,431.0,1105.0,491.0,45.0,1998.0,65.0,30.0,46.2,28.0,43.1,1059.0,6216.0,2843.0,59.0,51.0,6.0,43.0,51.0,1335.0,76.0,83,87.0,35,84,18,1,45,0,1.08,45,58,-13,-0.39,+0.01,36.2,49.4,-13.2,-0.40,-0.15,11.0,1.0,1.0,70.0,47.0,1.0,0.0,0.0,200.0,11.0,26.0,29.7
Jørgen Strand Larsen,no NOR,FW,24,35,30,2587,28.7,14,4,18,14,0,0,4,0,10.3,10.3,3.0,13.3,17,29,112,0.49,0.14,0.63,0.49,0.63,0.36,0.10,0.46,0.36,0.46,Matches,Wolves,N/a,N/a,N/a,N/a,N/a,N/a,N/a,N/a,N/a,N/a,N/a,N/a,N/a,N/a,N/a,N/a,N/a,N/a,N/a,N/a,N/a,N/a,N/a,N/a,N/a,N/a,N/a,N/a,N/a,N/a,N/a,N/a,N/a,N/a,N/a,N/a,N/a,N/a,N/a,N/a,N/a,N/a,N/a,N/a,N/a,N/a,no NOR,FW,24.0,28.7,14.0,54.0,33.0,61.1,1.88,1.15,0.26,0.42,11.3,0.0,0.0,0.0,10.3,10.3,0.19,3.7,3.7,Matches,Wolves,295.0,457.0,64.6,3818.0,697.0,182.0,254.0,71.7,73.0,112.0,65.2,14.0,20.0,70.0,4.0,3.0,1.0,1.0,21.0,19.0,4.0,1.0,29.0,443.0,14.0,0.0,1.0,2.0,6.0,0.0,0.0,0.0,0.0,0.0,0.0,19.0,42.0,1.46,33.0,1.0,1.0,3.0,2.0,2.0,6.0,0.21,6.0,0.0,0.0,0.0,0.0,0.0,10.0,6.0,2.0,3.0,5.0,4.0,27.0,14.8,23.0,19.0,4.0,15.0,6.0,16.0,29.0,0.0,736.0,36.0,85.0,348.0,304.0,108.0,736.0,20.0,8.0,40.0,11.0,55.0,345.0,1194.0,464.0,17.0,14.0,9.0,90.0,34.0,534.0,112.0,74,75.6,30,80,11,5,35,0,1.11,43,52,-9,-0.31,+0.34,32.3,43.2,-10.9,-0.38,0.00,4.0,0.0,0.0,46.0,19.0,16.0,0.0,0.0,42.0,67.0,100.0,40.1
Luke Cundle,eng ENG,MF,22,0,0,N/a,N/a,N/a,N/a,N/a,N/a,N/a,N/a,N/a,N/a,N/a,N/a,N/a,N/a,N/a,N/a,N/a,N/a,N/a,N/a,N/a,N/a,N/a,N/a,N/a,N/a,N/a,Matches,Wolves,N/a,N/a,N/a,N/a,N/a,N/a,N/a,N/a,N/a,N/a,N/a,N/a,N/a,N/a,N/a,N/a,N/a,N/a,N/a,N/a,N/a,N/a,N/a,N/a,N/a,N/a,N/a,N/a,N/a,N/a,N/a,N/a,N/a,N/a,N/a,N/a,N/a,N/a,N/a,N/a,N/a,N/a,N/a,N/a,N/a,N/a,N/a,N/a,N/a,N/a,N/a,N/a,N/a,N/a,N/a,N/a,N/a,N/a,N/a,N/a,N/a,N/a,N/a,N/a,N/a,N/a,N/a,N/a,N/a,N/a,N/a,N/a,N/a,N/a,N/a,N/a,N/a,N/a,N/a,N/a,N/a,N/a,N/a,N/a,N/a,N/a,N/a,N/a,N/a,N/a,N/a,N/a,N/a,N/a,N/a,N/a,N/a,N/a,N/a,N/a,N/a,N/a,N/a,N/a,N/a,N/a,N/a,N/a,N/a,N/a,N/a,N/a,N/a,N/a,N/a,N/a,N/a,N/a,N/a,N/a,N/a,N/a,N/a,N/a,N/a,N/a,N/a,N/a,N/a,N/a,N/a,N/a,N/a,N/a,N/a,N/a,N/a,N/a,N/a,N/a,N/a,N/a,N/a,N/a,N/a,N/a,N/a,N/a,N/a,N/a,N/a,N/a,N/a,N/a,N/a,N/a,N/a,N/a,N/a,N/a,N/a,0,N/a,0,0,N/a,3,N/a,N/a,N/a,N/a,N/a,N/a,N/a,N/a,N/a,N/a,N/a,N/a,N/a,N/a,N/a,N/a,N/a,N/a,N/a,N/a,N/a,N/a,N/a
Mario Lemina,ga GAB,"MF,DF",30,17,15,1364,15.2,1,3,4,1,0,0,4,0,1.4,1.4,1.1,2.5,8,48,21,0.07,0.20,0.26,0.07,0.26,0.09,0.07,0.17,0.09,0.17,Matches,Wolves,N/a,N/a,N/a,N/a,N/a,N/a,N/a,N/a,N/a,N/a,N/a,N/a,N/a,N/a,N/a,N/a,N/a,N/a,N/a,N/a,N/a,N/a,N/a,N/a,N/a,N/a,N/a,N/a,N/a,N/a,N/a,N/a,N/a,N/a,N/a,N/a,N/a,N/a,N/a,N/a,N/a,N/a,N/a,N/a,N/a,N/a,ga GAB,"MF,DF",30.0,15.2,1.0,18.0,5.0,27.8,1.19,0.33,0.06,0.2,21.9,0.0,0.0,0.0,1.4,1.4,0.08,-0.4,-0.4,Matches,Wolves,493.0,613.0,80.4,9479.0,2966.0,176.0,207.0,85.0,249.0,284.0,87.7,58.0,95.0,61.1,3.0,1.1,1.2,1.9,10.0,43.0,13.0,4.0,48.0,582.0,26.0,9.0,6.0,4.0,10.0,9.0,0.0,0.0,0.0,0.0,5.0,7.0,26.0,1.71,21.0,0.0,2.0,2.0,0.0,1.0,5.0,0.33,5.0,0.0,0.0,0.0,0.0,0.0,51.0,31.0,27.0,19.0,5.0,20.0,29.0,69.0,9.0,12.0,7.0,5.0,27.0,78.0,50.0,3.0,809.0,92.0,324.0,378.0,119.0,18.0,809.0,16.0,10.0,62.5,4.0,25.0,382.0,2068.0,1038.0,8.0,12.0,2.0,21.0,11.0,482.0,21.0,80,39.9,15,87,13,2,30,0,0.53,22,39,-17,-1.12,-1.21,15.3,27.2,-11.9,-0.78,-0.67,4.0,0.0,0.0,17.0,8.0,4.0,1.0,0.0,73.0,25.0,16.0,61.0
Marshall Munetsi,zw ZIM,"MF,FW",28,14,12,1078,12.0,2,1,3,2,0,0,0,0,3.3,3.3,1.8,5.1,9,10,35,0.17,0.08,0.25,0.17,0.25,0.28,0.15,0.42,0.28,0.42,Matches,Wolves,N/a,N/a,N/a,N/a,N/a,N/a,N/a,N/a,N/a,N/a,N/a,N/a,N/a,N/a,N/a,N/a,N/a,N/a,N/a,N/a,N/a,N/a,N/a,N/a,N/a,N/a,N/a,N/a,N/a,N/a,N/a,N/a,N/a,N/a,N/a,N/a,N/a,N/a,N/a,N/a,N/a,N/a,N/a,N/a,N/a,N/a,zw ZIM,"MF,FW",28.0,12.0,2.0,22.0,7.0,31.8,1.84,0.58,0.09,0.29,15.0,0.0,0.0,0.0,3.3,3.3,0.15,-1.3,-1.3,Matches,Wolves,152.0,212.0,71.7,1898.0,390.0,95.0,122.0,77.9,43.0,57.0,75.4,3.0,6.0,50.0,1.0,1.8,1.1,-0.8,9.0,7.0,3.0,2.0,10.0,205.0,7.0,0.0,1.0,0.0,10.0,1.0,0.0,0.0,0.0,0.0,0.0,5.0,21.0,1.75,16.0,0.0,0.0,2.0,2.0,1.0,1.0,0.08,1.0,0.0,0.0,0.0,0.0,0.0,24.0,10.0,7.0,11.0,6.0,13.0,23.0,56.5,10.0,14.0,1.0,13.0,6.0,30.0,18.0,0.0,364.0,21.0,58.0,182.0,128.0,36.0,364.0,11.0,3.0,27.3,7.0,63.6,148.0,580.0,215.0,9.0,4.0,4.0,32.0,12.0,182.0,35.0,77,31.5,12,84,9,2,35,0,1.64,18,11,+7,+0.58,+1.43,16.1,14.6,+1.5,+0.13,+0.74,0.0,0.0,0.0,19.0,10.0,3.0,0.0,0.0,35.0,29.0,23.0,55.8
Mateus Mane,pt POR,MF,16,1,0,2,0.0,0,0,0,0,0,0,0,0,0.0,0.0,0.0,0.0,0,0,0,0.00,0.00,0.00,0.00,0.00,0.00,0.00,0.00,0.00,0.00,Matches,Wolves,N/a,N/a,N/a,N/a,N/a,N/a,N/a,N/a,N/a,N/a,N/a,N/a,N/a,N/a,N/a,N/a,N/a,N/a,N/a,N/a,N/a,N/a,N/a,N/a,N/a,N/a,N/a,N/a,N/a,N/a,N/a,N/a,N/a,N/a,N/a,N/a,N/a,N/a,N/a,N/a,N/a,N/a,N/a,N/a,N/a,N/a,pt POR,MF,16.0,0.0,0.0,0.0,0.0,N/a,0.0,0.0,N/a,N/a,N/a,0.0,0.0,0.0,0.0,0.0,N/a,0.0,0.0,Matches,Wolves,4.0,5.0,80.0,60.0,0.0,3.0,4.0,75.0,1.0,1.0,100.0,0.0,0.0,N/a,0.0,0.0,0.0,0.0,0.0,0.0,0.0,0.0,0.0,5.0,0.0,0.0,0.0,0.0,0.0,0.0,0.0,0.0,0.0,0.0,0.0,0.0,0.0,0.0,0.0,0.0,0.0,0.0,0.0,0.0,0.0,0.0,0.0,0.0,0.0,0.0,0.0,0.0,0.0,0.0,0.0,0.0,0.0,0.0,0.0,N/a,0.0,1.0,0.0,1.0,0.0,0.0,0.0,0.0,6.0,0.0,0.0,6.0,0.0,0.0,6.0,0.0,0.0,N/a,0.0,N/a,2.0,22.0,7.0,0.0,0.0,0.0,0.0,0.0,4.0,0.0,2,0.1,0,N/a,0,1,2,4,0.00,0,0,0,0.00,+0.39,0.0,0.0,0.0,0.00,+0.38,0.0,0.0,0.0,0.0,0.0,0.0,0.0,0.0,0.0,1.0,0.0,100.0
Matheus Cunha,br BRA,"MF,FW",25,33,29,2597,28.9,15,6,21,15,0,0,4,0,8.6,8.6,7.7,16.4,112,144,161,0.52,0.21,0.73,0.52,0.73,0.30,0.27,0.57,0.30,0.57,Matches,Wolves,N/a,N/a,N/a,N/a,N/a,N/a,N/a,N/a,N/a,N/a,N/a,N/a,N/a,N/a,N/a,N/a,N/a,N/a,N/a,N/a,N/a,N/a,N/a,N/a,N/a,N/a,N/a,N/a,N/a,N/a,N/a,N/a,N/a,N/a,N/a,N/a,N/a,N/a,N/a,N/a,N/a,N/a,N/a,N/a,N/a,N/a,br BRA,"MF,FW",25.0,28.9,15.0,110.0,44.0,40.0,3.81,1.52,0.14,0.34,20.5,12.0,0.0,0.0,8.6,8.6,0.08,6.4,6.4,Matches,Wolves,811.0,1133.0,71.6,12850.0,4384.0,460.0,539.0,85.3,228.0,300.0,76.0,87.0,197.0,44.2,6.0,7.7,5.3,-1.7,56.0,92.0,58.0,10.0,144.0,938.0,185.0,52.0,14.0,15.0,142.0,32.0,73.0,40.0,23.0,3.0,10.0,34.0,132.0,4.57,75.0,14.0,19.0,9.0,12.0,3.0,16.0,0.55,10.0,0.0,4.0,0.0,1.0,1.0,38.0,22.0,17.0,16.0,5.0,13.0,39.0,33.3,26.0,21.0,1.0,20.0,17.0,55.0,23.0,0.0,1561.0,23.0,181.0,695.0,733.0,133.0,1560.0,137.0,61.0,44.5,61.0,44.5,904.0,6724.0,3336.0,112.0,95.0,41.0,80.0,55.0,1056.0,161.0,79,75.9,29,85,19,4,31,0,0.97,41,54,-13,-0.45,-0.23,32.6,44.5,-11.9,-0.41,-0.14,4.0,0.0,0.0,42.0,71.0,8.0,1.0,0.0,125.0,13.0,29.0,31.0
Matt Doherty,ie IRL,DF,32,30,25,2109,23.4,2,1,3,2,0,0,6,0,1.0,1.0,1.5,2.6,29,79,41,0.09,0.04,0.13,0.09,0.13,0.04,0.07,0.11,0.04,0.11,Matches,Wolves,N/a,N/a,N/a,N/a,N/a,N/a,N/a,N/a,N/a,N/a,N/a,N/a,N/a,N/a,N/a,N/a,N/a,N/a,N/a,N/a,N/a,N/a,N/a,N/a,N/a,N/a,N/a,N/a,N/a,N/a,N/a,N/a,N/a,N/a,N/a,N/a,N/a,N/a,N/a,N/a,N/a,N/a,N/a,N/a,N/a,N/a,ie IRL,DF,32.0,23.4,2.0,10.0,3.0,30.0,0.43,0.13,0.2,0.67,11.4,0.0,0.0,0.0,1.0,1.0,0.1,1.0,1.0,Matches,Wolves,1078.0,1302.0,82.8,20102.0,6585.0,435.0,483.0,90.1,514.0,591.0,87.0,115.0,186.0,61.8,1.0,1.5,1.2,-0.5,12.0,94.0,15.0,1.0,79.0,1177.0,121.0,55.0,2.0,22.0,22.0,66.0,0.0,0.0,0.0,0.0,4.0,14.0,25.0,1.07,19.0,3.0,1.0,1.0,1.0,0.0,3.0,0.13,3.0,0.0,0.0,0.0,0.0,0.0,38.0,21.0,25.0,13.0,0.0,17.0,25.0,68.0,8.0,28.0,15.0,13.0,22.0,60.0,102.0,3.0,1534.0,126.0,614.0,748.0,190.0,26.0,1534.0,21.0,11.0,52.4,7.0,33.3,825.0,3666.0,2176.0,29.0,20.0,4.0,11.0,5.0,982.0,41.0,70,61.7,25,83,16,5,9,8,1.33,27,38,-11,-0.47,-0.19,27.9,32.8,-5.0,-0.21,+0.44,6.0,0.0,0.0,18.0,11.0,2.0,0.0,1.0,106.0,56.0,21.0,72.7
Nasser Djiga,bf BFA,DF,21,5,1,66,0.7,0,0,0,0,0,0,0,0,0.0,0.0,0.0,0.0,0,3,2,0.00,0.00,0.00,0.00,0.00,0.00,0.00,0.00,0.00,0.00,Matches,Wolves,N/a,N/a,N/a,N/a,N/a,N/a,N/a,N/a,N/a,N/a,N/a,N/a,N/a,N/a,N/a,N/a,N/a,N/a,N/a,N/a,N/a,N/a,N/a,N/a,N/a,N/a,N/a,N/a,N/a,N/a,N/a,N/a,N/a,N/a,N/a,N/a,N/a,N/a,N/a,N/a,N/a,N/a,N/a,N/a,N/a,N/a,bf BFA,DF,21.0,0.7,0.0,0.0,0.0,N/a,0.0,0.0,N/a,N/a,N/a,0.0,0.0,0.0,0.0,0.0,N/a,0.0,0.0,Matches,Wolves,40.0,48.0,83.3,740.0,183.0,9.0,10.0,90.0,28.0,29.0,96.6,3.0,8.0,37.5,0.0,0.0,0.0,0.0,0.0,3.0,0.0,0.0,3.0,45.0,3.0,1.0,0.0,0.0,0.0,2.0,0.0,0.0,0.0,0.0,0.0,2.0,0.0,0.0,0.0,0.0,0.0,0.0,0.0,0.0,0.0,0.0,0.0,0.0,0.0,0.0,0.0,0.0,0.0,0.0,0.0,0.0,0.0,0.0,1.0,0.0,1.0,0.0,0.0,0.0,2.0,2.0,4.0,1.0,58.0,2.0,17.0,39.0,2.0,0.0,58.0,0.0,0.0,N/a,0.0,N/a,32.0,108.0,37.0,0.0,1.0,0.0,1.0,2.0,35.0,2.0,13,1.9,1,45,0,4,5,8,2.40,1,2,-1,-1.36,-0.99,0.7,1.2,-0.5,-0.70,-0.32,0.0,0.0,0.0,0.0,1.0,0.0,0.0,0.0,2.0,1.0,1.0,50.0
Nélson Semedo,pt POR,DF,30,34,32,2886,32.1,0,4,4,0,0,0,8,0,0.9,0.9,2.8,3.7,67,80,119,0.00,0.12,0.12,0.00,0.12,0.03,0.09,0.12,0.03,0.12,Matches,Wolves,N/a,N/a,N/a,N/a,N/a,N/a,N/a,N/a,N/a,N/a,N/a,N/a,N/a,N/a,N/a,N/a,N/a,N/a,N/a,N/a,N/a,N/a,N/a,N/a,N/a,N/a,N/a,N/a,N/a,N/a,N/a,N/a,N/a,N/a,N/a,N/a,N/a,N/a,N/a,N/a,N/a,N/a,N/a,N/a,N/a,N/a,pt POR,DF,30.0,32.1,0.0,18.0,7.0,38.9,0.56,0.22,0.0,0.0,23.9,0.0,0.0,0.0,0.9,0.9,0.05,-0.9,-0.9,Matches,Wolves,1096.0,1357.0,80.8,16627.0,5130.0,598.0,653.0,91.6,409.0,490.0,83.5,59.0,128.0,46.1,4.0,2.8,1.7,1.2,25.0,70.0,28.0,13.0,80.0,1142.0,210.0,12.0,1.0,5.0,63.0,198.0,0.0,0.0,0.0,0.0,5.0,36.0,60.0,1.87,44.0,1.0,8.0,1.0,3.0,3.0,6.0,0.19,6.0,0.0,0.0,0.0,0.0,0.0,62.0,36.0,32.0,21.0,9.0,34.0,57.0,59.6,23.0,32.0,10.0,22.0,23.0,85.0,104.0,3.0,1717.0,123.0,483.0,788.0,467.0,27.0,1717.0,71.0,32.0,45.1,31.0,43.7,901.0,5223.0,2688.0,67.0,41.0,10.0,42.0,21.0,995.0,119.0,85,84.4,32,88,21,2,34,0,1.24,49,49,0,0.00,+2.53,36.6,47.2,-10.6,-0.33,+0.32,8.0,0.0,0.0,48.0,30.0,4.0,1.0,0.0,139.0,28.0,42.0,40.0
Opponent Total,N/a,N/a,26.2,38,418,3420,38.0,66,47,113,59,7,9,85,3,58.1,51.0,41.5,92.5,767,1534,1522,1.74,1.24,2.97,1.55,2.79,1.53,1.09,2.62,1.34,2.44,N/a,Wolves,N/a,N/a,26.2,38.0,38.0,3420.0,54.0,1.42,155.0,102.0,65.2,20.0,6.0,12.0,7.0,18.4,0.0,0.0,0.0,0.0,N/a,N/a,Wolves,1.0,5.0,1.0,45.1,0.29,-7.9,-0.21,140.0,421.0,33.3,1085.0,170.0,30.9,32.9,260.0,33.1,30.6,428.0,28.0,6.5,52.0,1.37,15.4,N/a,N/a,26.2,38.0,66.0,464.0,159.0,34.3,12.21,4.18,0.13,0.37,16.5,19.0,7.0,9.0,58.1,51.0,0.11,7.9,8.0,N/a,Wolves,15875.0,19341.0,82.1,273323.0,93838.0,7424.0,8257.0,89.9,6871.0,7817.0,87.9,1283.0,2372.0,54.1,47.0,41.5,35.5,5.5,358.0,1269.0,331.0,71.0,1534.0,17527.0,1738.0,510.0,62.0,78.0,714.0,659.0,217.0,133.0,43.0,0.0,76.0,353.0,832.0,21.89,598.0,87.0,41.0,45.0,49.0,12.0,117.0,3.08,79.0,10.0,7.0,9.0,11.0,1.0,684.0,422.0,277.0,300.0,107.0,315.0,639.0,49.3,324.0,392.0,110.0,282.0,308.0,992.0,805.0,38.0,23658.0,2351.0,7218.0,10397.0,6274.0,982.0,23649.0,778.0,296.0,38.0,373.0,47.9,13159.0,70747.0,36766.0,767.0,520.0,234.0,557.0,428.0,15750.0,1522.0,90,100,418,83,249,166,20,176,1.74,69,54,+15,+0.39,N/a,58.1,43.7,+14.5,+0.38,N/a,85.0,3.0,1.0,442.0,465.0,76.0,0.0,1.0,1609.0,475.0,451.0,51.3
Pablo Sarabia,es ESP,"MF,FW",32,23,7,814,9.0,3,2,5,3,0,0,3,0,2.9,2.9,1.8,4.6,15,60,62,0.33,0.22,0.55,0.33,0.55,0.32,0.19,0.51,0.32,0.51,Matches,Wolves,N/a,N/a,N/a,N/a,N/a,N/a,N/a,N/a,N/a,N/a,N/a,N/a,N/a,N/a,N/a,N/a,N/a,N/a,N/a,N/a,N/a,N/a,N/a,N/a,N/a,N/a,N/a,N/a,N/a,N/a,N/a,N/a,N/a,N/a,N/a,N/a,N/a,N/a,N/a,N/a,N/a,N/a,N/a,N/a,N/a,N/a,es ESP,"MF,FW",32.0,9.0,3.0,17.0,8.0,47.1,1.88,0.88,0.18,0.38,18.9,2.0,0.0,0.0,2.9,2.9,0.17,0.1,0.1,Matches,Wolves,308.0,445.0,69.2,5160.0,1909.0,144.0,165.0,87.3,110.0,147.0,74.8,36.0,80.0,45.0,2.0,1.8,1.9,0.2,15.0,39.0,20.0,3.0,60.0,372.0,65.0,22.0,5.0,2.0,47.0,10.0,24.0,22.0,2.0,0.0,8.0,19.0,28.0,3.1,20.0,6.0,2.0,0.0,0.0,0.0,5.0,0.55,4.0,0.0,1.0,0.0,0.0,0.0,16.0,8.0,4.0,8.0,4.0,10.0,16.0,62.5,6.0,10.0,0.0,10.0,4.0,20.0,7.0,1.0,552.0,4.0,58.0,271.0,226.0,24.0,552.0,15.0,6.0,40.0,7.0,46.7,325.0,1497.0,731.0,15.0,15.0,0.0,22.0,14.0,387.0,62.0,35,23.8,7,63,0,16,23,7,1.25,14,19,-5,-0.55,-0.21,11.9,15.7,-3.7,-0.41,-0.04,3.0,0.0,0.0,16.0,15.0,5.0,0.0,0.0,34.0,5.0,14.0,26.3
Pedro Lima,br BRA,DF,18,3,1,70,0.8,0,0,0,0,0,0,0,0,0.1,0.1,0.1,0.1,4,4,11,0.00,0.00,0.00,0.00,0.00,0.07,0.09,0.16,0.07,0.16,Matches,Wolves,N/a,N/a,N/a,N/a,N/a,N/a,N/a,N/a,N/a,N/a,N/a,N/a,N/a,N/a,N/a,N/a,N/a,N/a,N/a,N/a,N/a,N/a,N/a,N/a,N/a,N/a,N/a,N/a,N/a,N/a,N/a,N/a,N/a,N/a,N/a,N/a,N/a,N/a,N/a,N/a,N/a,N/a,N/a,N/a,N/a,N/a,br BRA,DF,18.0,0.8,0.0,1.0,1.0,100.0,1.29,1.29,0.0,0.0,22.5,0.0,0.0,0.0,0.1,0.1,0.06,-0.1,-0.1,Matches,Wolves,28.0,38.0,73.7,457.0,188.0,14.0,17.0,82.4,11.0,14.0,78.6,3.0,5.0,60.0,0.0,0.1,0.1,-0.1,2.0,2.0,3.0,2.0,4.0,31.0,7.0,0.0,0.0,0.0,5.0,7.0,0.0,0.0,0.0,0.0,0.0,2.0,4.0,5.14,2.0,0.0,0.0,0.0,0.0,2.0,0.0,0.0,0.0,0.0,0.0,0.0,0.0,0.0,1.0,0.0,0.0,0.0,1.0,1.0,3.0,33.3,2.0,0.0,0.0,0.0,2.0,3.0,5.0,0.0,48.0,0.0,9.0,12.0,28.0,3.0,48.0,3.0,1.0,33.3,2.0,66.7,22.0,120.0,83.0,4.0,3.0,1.0,1.0,0.0,30.0,11.0,23,2.0,1,58,0,2,6,18,1.00,0,2,-2,-2.57,-2.22,1.4,0.7,+0.7,+0.90,+1.31,0.0,0.0,0.0,1.0,1.0,1.0,0.0,0.0,3.0,0.0,3.0,0.0
Player,Nation,Pos,Age,MP,Starts,Min,90s,Gls,Ast,G+A,G-PK,PK,PKatt,CrdY,CrdR,xG,npxG,xAG,npxG+xAG,PrgC,PrgP,PrgR,Gls,Ast,G+A,G-PK,G+A-PK,xG,xAG,xG+xAG,npxG,npxG+xAG,Matches,Wolves,N/a,N/a,N/a,N/a,N/a,N/a,N/a,N/a,N/a,N/a,N/a,N/a,N/a,N/a,N/a,N/a,N/a,N/a,N/a,N/a,N/a,N/a,N/a,N/a,N/a,N/a,N/a,N/a,N/a,N/a,N/a,N/a,N/a,N/a,N/a,N/a,N/a,N/a,N/a,N/a,N/a,N/a,N/a,N/a,N/a,N/a,N/a,N/a,N/a,N/a,N/a,N/a,N/a,N/a,N/a,N/a,N/a,N/a,N/a,N/a,N/a,N/a,N/a,N/a,N/a,N/a,N/a,N/a,N/a,N/a,N/a,N/a,N/a,N/a,N/a,N/a,N/a,N/a,N/a,N/a,N/a,N/a,N/a,N/a,N/a,N/a,N/a,N/a,N/a,N/a,N/a,N/a,N/a,N/a,N/a,N/a,N/a,N/a,N/a,N/a,N/a,N/a,N/a,N/a,N/a,N/a,N/a,N/a,N/a,N/a,N/a,N/a,N/a,N/a,N/a,N/a,N/a,N/a,N/a,N/a,N/a,N/a,N/a,N/a,N/a,N/a,N/a,N/a,N/a,N/a,N/a,N/a,N/a,N/a,N/a,N/a,N/a,N/a,N/a,N/a,N/a,N/a,N/a,N/a,N/a,N/a,N/a,N/a,N/a,N/a,N/a,N/a,N/a,N/a,N/a,N/a,N/a,N/a,N/a,Mn/MP,Min%,Starts,Mn/Start,Compl,Subs,Mn/Sub,unSub,PPM,onG,onGA,+/-,+/-90,On-Off,onxG,onxGA,xG+/-,xG+/-90,On-Off,N/a,N/a,N/a,N/a,N/a,N/a,N/a,N/a,N/a,N/a,N/a,N/a
Rayan Aït-Nouri,dz ALG,DF,23,37,37,3109,34.5,4,7,11,4,0,0,7,1,2.7,2.7,5.5,8.2,89,108,176,0.12,0.20,0.32,0.12,0.32,0.08,0.16,0.24,0.08,0.24,Matches,Wolves,N/a,N/a,N/a,N/a,N/a,N/a,N/a,N/a,N/a,N/a,N/a,N/a,N/a,N/a,N/a,N/a,N/a,N/a,N/a,N/a,N/a,N/a,N/a,N/a,N/a,N/a,N/a,N/a,N/a,N/a,N/a,N/a,N/a,N/a,N/a,N/a,N/a,N/a,N/a,N/a,N/a,N/a,N/a,N/a,N/a,N/a,dz ALG,DF,23.0,34.5,4.0,36.0,10.0,27.8,1.04,0.29,0.11,0.4,14.9,0.0,0.0,0.0,2.7,2.7,0.08,1.3,1.3,Matches,Wolves,1449.0,1721.0,84.2,19837.0,5926.0,897.0,959.0,93.5,435.0,499.0,87.2,48.0,118.0,40.7,7.0,5.5,4.0,1.5,46.0,77.0,30.0,10.0,108.0,1397.0,320.0,44.0,3.0,4.0,94.0,246.0,30.0,24.0,1.0,0.0,4.0,42.0,91.0,2.63,56.0,15.0,8.0,7.0,4.0,1.0,12.0,0.35,10.0,1.0,0.0,0.0,0.0,1.0,89.0,57.0,52.0,28.0,9.0,43.0,70.0,61.4,27.0,42.0,6.0,36.0,26.0,115.0,75.0,2.0,2148.0,96.0,577.0,916.0,685.0,96.0,2148.0,137.0,63.0,46.0,56.0,40.9,1129.0,6166.0,3205.0,89.0,62.0,28.0,52.0,47.0,1321.0,176.0,84,90.9,37,84,18,0,N/a,0,1.05,46,67,-21,-0.61,-2.34,38.7,52.6,-13.9,-0.40,-0.25,7.0,1.0,1.0,30.0,46.0,6.0,0.0,0.0,145.0,22.0,30.0,42.3
Rodrigo Gomes,pt POR,"DF,FW",21,25,7,810,9.0,2,0,2,2,0,0,0,0,0.7,0.7,0.9,1.6,23,27,81,0.22,0.00,0.22,0.22,0.22,0.08,0.10,0.18,0.08,0.18,Matches,Wolves,N/a,N/a,N/a,N/a,N/a,N/a,N/a,N/a,N/a,N/a,N/a,N/a,N/a,N/a,N/a,N/a,N/a,N/a,N/a,N/a,N/a,N/a,N/a,N/a,N/a,N/a,N/a,N/a,N/a,N/a,N/a,N/a,N/a,N/a,N/a,N/a,N/a,N/a,N/a,N/a,N/a,N/a,N/a,N/a,N/a,N/a,pt POR,"DF,FW",21.0,9.0,2.0,7.0,3.0,42.9,0.78,0.33,0.29,0.67,16.8,0.0,0.0,0.0,0.7,0.7,0.1,1.3,1.3,Matches,Wolves,212.0,309.0,68.6,3052.0,1023.0,121.0,152.0,79.6,72.0,99.0,72.7,8.0,28.0,28.6,0.0,0.9,0.7,-0.9,12.0,12.0,14.0,4.0,27.0,267.0,41.0,1.0,1.0,0.0,23.0,39.0,1.0,0.0,1.0,0.0,1.0,10.0,22.0,2.45,18.0,1.0,2.0,1.0,0.0,0.0,1.0,0.11,0.0,1.0,0.0,0.0,0.0,0.0,23.0,15.0,14.0,9.0,0.0,12.0,21.0,57.1,9.0,8.0,1.0,7.0,7.0,30.0,20.0,1.0,417.0,24.0,101.0,141.0,182.0,29.0,417.0,15.0,5.0,33.3,7.0,46.7,217.0,1388.0,805.0,23.0,18.0,7.0,21.0,9.0,246.0,81.0,32,23.7,7,76,1,18,16,9,1.20,18,20,-2,-0.22,+0.23,10.6,16.1,-5.5,-0.61,-0.30,0.0,0.0,0.0,4.0,6.0,0.0,0.0,0.0,28.0,8.0,17.0,32.0
Sam Johnstone,eng ENG,GK,31,7,7,630,7.0,0,0,0,0,0,0,0,0,0.0,0.0,0.0,0.0,0,0,0,0.00,0.00,0.00,0.00,0.00,0.00,0.00,0.00,0.00,0.00,Matches,Wolves,eng ENG,GK,31.0,7.0,7.0,630.0,17.0,2.43,39.0,23.0,61.5,0.0,1.0,6.0,0.0,0.0,2.0,2.0,0.0,0.0,0.0,Matches,Wolves,0.0,5.0,1.0,13.0,0.29,-3.0,-0.43,52.0,129.0,40.3,252.0,28.0,45.6,36.6,25.0,56.0,43.2,104.0,8.0,7.7,11.0,1.57,13.4,eng ENG,GK,31.0,7.0,0.0,0.0,0.0,N/a,0.0,0.0,N/a,N/a,N/a,0.0,0.0,0.0,0.0,0.0,N/a,0.0,0.0,Matches,Wolves,184.0,278.0,66.2,5548.0,4270.0,31.0,32.0,96.9,80.0,82.0,97.6,72.0,160.0,45.0,0.0,0.0,0.0,0.0,1.0,6.0,0.0,0.0,0.0,230.0,47.0,22.0,0.0,0.0,0.0,0.0,0.0,0.0,0.0,0.0,1.0,2.0,2.0,0.29,2.0,0.0,0.0,0.0,0.0,0.0,0.0,0.0,0.0,0.0,0.0,0.0,0.0,0.0,0.0,0.0,0.0,0.0,0.0,0.0,1.0,0.0,1.0,0.0,0.0,0.0,0.0,0.0,7.0,0.0,306.0,229.0,304.0,2.0,0.0,0.0,306.0,0.0,0.0,N/a,0.0,N/a,196.0,1221.0,756.0,0.0,0.0,0.0,0.0,0.0,179.0,0.0,90,18.4,7,90,7,0,N/a,16,0.14,9,17,-8,-1.14,-0.92,6.9,13.1,-6.2,-0.89,-0.62,0.0,0.0,0.0,0.0,0.0,0.0,0.0,0.0,9.0,4.0,0.0,100.0
Santiago Bueno,uy URU,DF,25,29,18,1687,18.7,0,0,0,0,0,0,2,0,0.4,0.4,0.0,0.4,1,28,1,0.00,0.00,0.00,0.00,0.00,0.02,0.00,0.02,0.02,0.02,Matches,Wolves,N/a,N/a,N/a,N/a,N/a,N/a,N/a,N/a,N/a,N/a,N/a,N/a,N/a,N/a,N/a,N/a,N/a,N/a,N/a,N/a,N/a,N/a,N/a,N/a,N/a,N/a,N/a,N/a,N/a,N/a,N/a,N/a,N/a,N/a,N/a,N/a,N/a,N/a,N/a,N/a,N/a,N/a,N/a,N/a,N/a,N/a,uy URU,DF,25.0,18.7,0.0,6.0,3.0,50.0,0.32,0.16,0.0,0.0,14.0,0.0,0.0,0.0,0.4,0.4,0.07,-0.4,-0.4,Matches,Wolves,741.0,842.0,88.0,13598.0,4177.0,260.0,281.0,92.5,417.0,444.0,93.9,51.0,91.0,56.0,0.0,0.0,0.1,0.0,0.0,24.0,2.0,0.0,28.0,807.0,34.0,21.0,1.0,3.0,0.0,4.0,0.0,0.0,0.0,0.0,1.0,9.0,12.0,0.64,10.0,1.0,0.0,0.0,0.0,1.0,4.0,0.21,3.0,0.0,0.0,0.0,0.0,1.0,41.0,21.0,22.0,18.0,1.0,17.0,22.0,77.3,5.0,36.0,21.0,15.0,15.0,56.0,70.0,0.0,1025.0,170.0,522.0,485.0,21.0,6.0,1025.0,4.0,0.0,0.0,4.0,100.0,555.0,2727.0,1430.0,1.0,2.0,0.0,2.0,2.0,660.0,1.0,58,49.3,18,87,14,11,12,8,1.31,26,34,-8,-0.43,-0.06,22.5,29.2,-6.6,-0.35,+0.05,2.0,0.0,0.0,26.0,5.0,0.0,0.0,0.0,43.0,35.0,31.0,53.0
Squad Total,N/a,N/a,26.9,38,418,3420,38.0,53,42,95,53,0,0,79,2,43.7,43.7,35.4,79.1,607,1185,1179,1.39,1.11,2.50,1.39,2.50,1.15,0.93,2.08,1.15,2.08,N/a,Wolves,N/a,N/a,26.9,38.0,38.0,3420.0,69.0,1.82,168.0,100.0,63.1,12.0,6.0,20.0,8.0,21.1,9.0,7.0,2.0,0.0,22.2,N/a,Wolves,2.0,11.0,3.0,59.7,0.32,-6.3,-0.17,153.0,532.0,28.8,1020.0,156.0,41.5,N/a,244.0,44.7,37.0,562.0,40.0,7.1,57.0,1.5,N/a,N/a,N/a,26.9,38.0,53.0,431.0,155.0,36.0,11.34,4.08,0.12,0.34,18.1,18.0,0.0,0.0,43.7,43.7,0.1,9.3,9.3,N/a,Wolves,14472.0,17884.0,80.9,246100.0,83847.0,6855.0,7612.0,90.1,5909.0,6712.0,88.0,1251.0,2503.0,50.0,42.0,35.4,26.6,6.6,323.0,1011.0,276.0,72.0,1185.0,16133.0,1689.0,495.0,55.0,122.0,568.0,696.0,147.0,98.0,31.0,3.0,62.0,328.0,756.0,19.89,547.0,57.0,58.0,36.0,34.0,24.0,96.0,2.53,77.0,5.0,7.0,1.0,2.0,4.0,801.0,471.0,412.0,305.0,84.0,373.0,669.0,55.8,296.0,437.0,137.0,300.0,298.0,1099.0,947.0,25.0,22329.0,2578.0,7797.0,10051.0,4750.0,729.0,22328.0,731.0,324.0,44.3,315.0,43.1,12486.0,66974.0,34365.0,607.0,458.0,146.0,591.0,369.0,14358.0,1179.0,90,100,418,83,250,167,18,174,1.11,54,69,-15,-0.39,N/a,43.7,58.1,-14.5,-0.38,N/a,79.0,2.0,2.0,480.0,425.0,62.0,9.0,3.0,1659.0,451.0,475.0,48.7
Tawanda Chirewa,zw ZIM,MF,20,0,0,N/a,N/a,N/a,N/a,N/a,N/a,N/a,N/a,N/a,N/a,N/a,N/a,N/a,N/a,N/a,N/a,N/a,N/a,N/a,N/a,N/a,N/a,N/a,N/a,N/a,N/a,N/a,Matches,Wolves,N/a,N/a,N/a,N/a,N/a,N/a,N/a,N/a,N/a,N/a,N/a,N/a,N/a,N/a,N/a,N/a,N/a,N/a,N/a,N/a,N/a,N/a,N/a,N/a,N/a,N/a,N/a,N/a,N/a,N/a,N/a,N/a,N/a,N/a,N/a,N/a,N/a,N/a,N/a,N/a,N/a,N/a,N/a,N/a,N/a,N/a,N/a,N/a,N/a,N/a,N/a,N/a,N/a,N/a,N/a,N/a,N/a,N/a,N/a,N/a,N/a,N/a,N/a,N/a,N/a,N/a,N/a,N/a,N/a,N/a,N/a,N/a,N/a,N/a,N/a,N/a,N/a,N/a,N/a,N/a,N/a,N/a,N/a,N/a,N/a,N/a,N/a,N/a,N/a,N/a,N/a,N/a,N/a,N/a,N/a,N/a,N/a,N/a,N/a,N/a,N/a,N/a,N/a,N/a,N/a,N/a,N/a,N/a,N/a,N/a,N/a,N/a,N/a,N/a,N/a,N/a,N/a,N/a,N/a,N/a,N/a,N/a,N/a,N/a,N/a,N/a,N/a,N/a,N/a,N/a,N/a,N/a,N/a,N/a,N/a,N/a,N/a,N/a,N/a,N/a,N/a,N/a,N/a,N/a,N/a,N/a,N/a,N/a,N/a,N/a,N/a,N/a,N/a,N/a,N/a,N/a,N/a,N/a,N/a,N/a,N/a,0,N/a,0,0,N/a,1,N/a,N/a,N/a,N/a,N/a,N/a,N/a,N/a,N/a,N/a,N/a,N/a,N/a,N/a,N/a,N/a,N/a,N/a,N/a,N/a,N/a,N/a,N/a
Tom Edozie,eng ENG,MF,18,0,0,N/a,N/a,N/a,N/a,N/a,N/a,N/a,N/a,N/a,N/a,N/a,N/a,N/a,N/a,N/a,N/a,N/a,N/a,N/a,N/a,N/a,N/a,N/a,N/a,N/a,N/a,N/a,Matches,Wolves,N/a,N/a,N/a,N/a,N/a,N/a,N/a,N/a,N/a,N/a,N/a,N/a,N/a,N/a,N/a,N/a,N/a,N/a,N/a,N/a,N/a,N/a,N/a,N/a,N/a,N/a,N/a,N/a,N/a,N/a,N/a,N/a,N/a,N/a,N/a,N/a,N/a,N/a,N/a,N/a,N/a,N/a,N/a,N/a,N/a,N/a,N/a,N/a,N/a,N/a,N/a,N/a,N/a,N/a,N/a,N/a,N/a,N/a,N/a,N/a,N/a,N/a,N/a,N/a,N/a,N/a,N/a,N/a,N/a,N/a,N/a,N/a,N/a,N/a,N/a,N/a,N/a,N/a,N/a,N/a,N/a,N/a,N/a,N/a,N/a,N/a,N/a,N/a,N/a,N/a,N/a,N/a,N/a,N/a,N/a,N/a,N/a,N/a,N/a,N/a,N/a,N/a,N/a,N/a,N/a,N/a,N/a,N/a,N/a,N/a,N/a,N/a,N/a,N/a,N/a,N/a,N/a,N/a,N/a,N/a,N/a,N/a,N/a,N/a,N/a,N/a,N/a,N/a,N/a,N/a,N/a,N/a,N/a,N/a,N/a,N/a,N/a,N/a,N/a,N/a,N/a,N/a,N/a,N/a,N/a,N/a,N/a,N/a,N/a,N/a,N/a,N/a,N/a,N/a,N/a,N/a,N/a,N/a,N/a,N/a,N/a,0,N/a,0,0,N/a,1,N/a,N/a,N/a,N/a,N/a,N/a,N/a,N/a,N/a,N/a,N/a,N/a,N/a,N/a,N/a,N/a,N/a,N/a,N/a,N/a,N/a,N/a,N/a
Tom King,wls WAL,GK,29,1,0,1,0.0,0,0,0,0,0,0,0,0,0.0,0.0,0.0,0.0,0,0,0,0.00,0.00,0.00,0.00,0.00,0.00,0.00,0.00,0.00,0.00,Matches,Wolves,wls WAL,GK,29.0,1.0,0.0,1.0,0.0,0.0,0.0,0.0,N/a,0.0,0.0,0.0,0.0,N/a,0.0,0.0,0.0,0.0,N/a,Matches,Wolves,0.0,0.0,0.0,0.0,N/a,0.0,0.0,0.0,0.0,N/a,1.0,1.0,0.0,14.0,0.0,N/a,N/a,1.0,0.0,0.0,0.0,0.0,N/a,wls WAL,GK,29.0,0.0,0.0,0.0,0.0,N/a,0.0,0.0,N/a,N/a,N/a,0.0,0.0,0.0,0.0,0.0,N/a,0.0,0.0,Matches,Wolves,0.0,1.0,0.0,0.0,0.0,0.0,1.0,0.0,0.0,0.0,N/a,0.0,0.0,N/a,0.0,0.0,0.0,0.0,0.0,0.0,0.0,0.0,0.0,1.0,0.0,0.0,0.0,0.0,0.0,0.0,0.0,0.0,0.0,0.0,0.0,0.0,0.0,0.0,0.0,0.0,0.0,0.0,0.0,0.0,0.0,0.0,0.0,0.0,0.0,0.0,0.0,0.0,0.0,0.0,0.0,0.0,0.0,0.0,0.0,N/a,0.0,0.0,0.0,0.0,0.0,0.0,0.0,0.0,1.0,1.0,1.0,0.0,0.0,0.0,1.0,0.0,0.0,N/a,0.0,N/a,1.0,8.0,5.0,0.0,0.0,0.0,0.0,0.0,0.0,0.0,1,0.0,0,N/a,0,1,1,2,1.00,0,0,0,0.00,+0.39,0.0,0.1,-0.1,-8.46,-8.08,0.0,0.0,0.0,0.0,0.0,0.0,0.0,0.0,0.0,0.0,0.0,N/a
Tommy Doyle,eng ENG,MF,22,24,3,488,5.4,0,1,1,0,0,0,1,0,0.6,0.6,0.5,1.1,6,40,4,0.00,0.18,0.18,0.00,0.18,0.10,0.09,0.20,0.10,0.20,Matches,Wolves,N/a,N/a,N/a,N/a,N/a,N/a,N/a,N/a,N/a,N/a,N/a,N/a,N/a,N/a,N/a,N/a,N/a,N/a,N/a,N/a,N/a,N/a,N/a,N/a,N/a,N/a,N/a,N/a,N/a,N/a,N/a,N/a,N/a,N/a,N/a,N/a,N/a,N/a,N/a,N/a,N/a,N/a,N/a,N/a,N/a,N/a,eng ENG,MF,22.0,5.4,0.0,9.0,2.0,22.2,1.66,0.37,0.0,0.0,24.5,1.0,0.0,0.0,0.6,0.6,0.06,-0.6,-0.6,Matches,Wolves,321.0,392.0,81.9,6591.0,2010.0,112.0,119.0,94.1,138.0,155.0,89.0,61.0,93.0,65.6,1.0,0.5,0.3,0.5,7.0,44.0,3.0,0.0,40.0,353.0,35.0,19.0,0.0,6.0,15.0,3.0,12.0,6.0,4.0,0.0,4.0,8.0,17.0,3.13,11.0,4.0,1.0,1.0,0.0,0.0,3.0,0.55,2.0,0.0,1.0,0.0,0.0,0.0,11.0,6.0,6.0,3.0,2.0,6.0,15.0,40.0,9.0,11.0,5.0,6.0,5.0,16.0,11.0,1.0,463.0,22.0,128.0,258.0,80.0,4.0,463.0,9.0,5.0,55.6,1.0,11.1,260.0,1417.0,578.0,6.0,3.0,0.0,9.0,4.0,303.0,4.0,20,14.3,3,70,1,21,13,9,0.96,7,10,-3,-0.55,-0.18,6.9,10.3,-3.4,-0.63,-0.30,1.0,0.0,0.0,5.0,5.0,0.0,0.0,0.0,43.0,1.0,6.0,14.3
Toti Gomes,pt POR,DF,25,31,30,2614,29.0,0,1,1,0,0,0,7,0,0.7,0.7,0.9,1.7,27,86,18,0.00,0.03,0.03,0.00,0.03,0.03,0.03,0.06,0.03,0.06,Matches,Wolves,N/a,N/a,N/a,N/a,N/a,N/a,N/a,N/a,N/a,N/a,N/a,N/a,N/a,N/a,N/a,N/a,N/a,N/a,N/a,N/a,N/a,N/a,N/a,N/a,N/a,N/a,N/a,N/a,N/a,N/a,N/a,N/a,N/a,N/a,N/a,N/a,N/a,N/a,N/a,N/a,N/a,N/a,N/a,N/a,N/a,N/a,pt POR,DF,25.0,29.0,0.0,7.0,2.0,28.6,0.24,0.07,0.0,0.0,11.6,0.0,0.0,0.0,0.7,0.7,0.1,-0.7,-0.7,Matches,Wolves,1473.0,1714.0,85.9,24482.0,8584.0,677.0,734.0,92.2,674.0,733.0,92.0,89.0,171.0,52.0,1.0,0.9,0.6,0.1,9.0,87.0,6.0,3.0,86.0,1618.0,95.0,46.0,0.0,3.0,13.0,35.0,0.0,0.0,0.0,0.0,1.0,21.0,21.0,0.72,20.0,0.0,0.0,1.0,0.0,0.0,1.0,0.03,1.0,0.0,0.0,0.0,0.0,0.0,61.0,43.0,42.0,15.0,4.0,37.0,46.0,80.4,9.0,29.0,17.0,12.0,25.0,86.0,152.0,5.0,2027.0,217.0,942.0,1000.0,108.0,17.0,2027.0,32.0,20.0,62.5,10.0,31.3,1205.0,5793.0,3203.0,27.0,20.0,0.0,20.0,15.0,1387.0,18.0,84,76.4,30,87,27,1,14,1,1.32,44,45,-1,-0.03,+1.53,33.6,41.4,-7.7,-0.27,+0.48,7.0,0.0,0.0,24.0,15.0,4.0,1.0,0.0,116.0,53.0,26.0,67.1
Wesley Okoduwa,eng ENG,FW,16,0,0,N/a,N/a,N/a,N/a,N/a,N/a,N/a,N/a,N/a,N/a,N/a,N/a,N/a,N/a,N/a,N/a,N/a,N/a,N/a,N/a,N/a,N/a,N/a,N/a,N/a,N/a,N/a,Matches,Wolves,N/a,N/a,N/a,N/a,N/a,N/a,N/a,N/a,N/a,N/a,N/a,N/a,N/a,N/a,N/a,N/a,N/a,N/a,N/a,N/a,N/a,N/a,N/a,N/a,N/a,N/a,N/a,N/a,N/a,N/a,N/a,N/a,N/a,N/a,N/a,N/a,N/a,N/a,N/a,N/a,N/a,N/a,N/a,N/a,N/a,N/a,N/a,N/a,N/a,N/a,N/a,N/a,N/a,N/a,N/a,N/a,N/a,N/a,N/a,N/a,N/a,N/a,N/a,N/a,N/a,N/a,N/a,N/a,N/a,N/a,N/a,N/a,N/a,N/a,N/a,N/a,N/a,N/a,N/a,N/a,N/a,N/a,N/a,N/a,N/a,N/a,N/a,N/a,N/a,N/a,N/a,N/a,N/a,N/a,N/a,N/a,N/a,N/a,N/a,N/a,N/a,N/a,N/a,N/a,N/a,N/a,N/a,N/a,N/a,N/a,N/a,N/a,N/a,N/a,N/a,N/a,N/a,N/a,N/a,N/a,N/a,N/a,N/a,N/a,N/a,N/a,N/a,N/a,N/a,N/a,N/a,N/a,N/a,N/a,N/a,N/a,N/a,N/a,N/a,N/a,N/a,N/a,N/a,N/a,N/a,N/a,N/a,N/a,N/a,N/a,N/a,N/a,N/a,N/a,N/a,N/a,N/a,N/a,N/a,N/a,N/a,0,N/a,0,0,N/a,1,N/a,N/a,N/a,N/a,N/a,N/a,N/a,N/a,N/a,N/a,N/a,N/a,N/a,N/a,N/a,N/a,N/a,N/a,N/a,N/a,N/a,N/a,N/a
Yerson Mosquera,co COL,DF,23,5,5,441,4.9,0,0,0,0,0,0,2,0,0.3,0.3,0.1,0.4,0,7,0,0.00,0.00,0.00,0.00,0.00,0.07,0.02,0.09,0.07,0.09,Matches,Wolves,N/a,N/a,N/a,N/a,N/a,N/a,N/a,N/a,N/a,N/a,N/a,N/a,N/a,N/a,N/a,N/a,N/a,N/a,N/a,N/a,N/a,N/a,N/a,N/a,N/a,N/a,N/a,N/a,N/a,N/a,N/a,N/a,N/a,N/a,N/a,N/a,N/a,N/a,N/a,N/a,N/a,N/a,N/a,N/a,N/a,N/a,co COL,DF,23.0,4.9,0.0,2.0,0.0,0.0,0.41,0.0,0.0,N/a,12.4,0.0,0.0,0.0,0.3,0.3,0.17,-0.3,-0.3,Matches,Wolves,205.0,240.0,85.4,3996.0,1184.0,66.0,73.0,90.4,115.0,123.0,93.5,22.0,35.0,62.9,0.0,0.1,0.0,-0.1,2.0,16.0,1.0,1.0,7.0,230.0,9.0,4.0,0.0,1.0,2.0,0.0,0.0,0.0,0.0,0.0,1.0,3.0,5.0,1.02,5.0,0.0,0.0,0.0,0.0,0.0,0.0,0.0,0.0,0.0,0.0,0.0,0.0,0.0,11.0,7.0,9.0,2.0,0.0,9.0,14.0,64.3,5.0,13.0,10.0,3.0,10.0,21.0,14.0,0.0,294.0,43.0,170.0,115.0,12.0,7.0,294.0,0.0,0.0,N/a,0.0,N/a,168.0,683.0,322.0,0.0,1.0,0.0,4.0,1.0,182.0,0.0,88,12.9,5,88,4,0,N/a,0,0.20,5,12,-7,-1.43,-1.19,4.9,6.0,-1.1,-0.22,+0.18,2.0,0.0,0.0,6.0,7.0,1.0,0.0,0.0,24.0,11.0,6.0,64.7
N/a,N/a,N/a,N/a,Playing Time,Playing Time,Playing Time,Playing Time,Performance,Performance,Performance,Performance,Performance,Performance,Performance,Performance,Expected,Expected,Expected,Expected,Progression,Progression,Progression,Per 90 Minutes,Per 90 Minutes,Per 90 Minutes,Per 90 Minutes,Per 90 Minutes,Per 90 Minutes,Per 90 Minutes,Per 90 Minutes,Per 90 Minutes,Per 90 Minutes,N/a,Wolves,N/a,N/a,N/a,N/a,N/a,N/a,N/a,N/a,N/a,N/a,N/a,N/a,N/a,N/a,N/a,N/a,N/a,N/a,N/a,N/a,N/a,N/a,N/a,N/a,N/a,N/a,N/a,N/a,N/a,N/a,N/a,N/a,N/a,N/a,N/a,N/a,N/a,N/a,N/a,N/a,N/a,N/a,N/a,N/a,N/a,N/a,N/a,N/a,N/a,N/a,N/a,N/a,N/a,N/a,N/a,N/a,N/a,N/a,N/a,N/a,N/a,N/a,N/a,N/a,N/a,N/a,N/a,N/a,N/a,N/a,N/a,N/a,N/a,N/a,N/a,N/a,N/a,N/a,N/a,N/a,N/a,N/a,N/a,N/a,N/a,N/a,N/a,N/a,N/a,N/a,N/a,N/a,N/a,N/a,N/a,N/a,N/a,N/a,N/a,N/a,N/a,N/a,N/a,N/a,N/a,N/a,N/a,N/a,N/a,N/a,N/a,N/a,N/a,N/a,N/a,N/a,N/a,N/a,N/a,N/a,N/a,N/a,N/a,N/a,N/a,N/a,N/a,N/a,N/a,N/a,N/a,N/a,N/a,N/a,N/a,N/a,N/a,N/a,N/a,N/a,N/a,N/a,N/a,N/a,N/a,N/a,N/a,N/a,N/a,N/a,N/a,N/a,N/a,N/a,N/a,N/a,N/a,N/a,N/a,Playing Time,Playing Time,Starts,Starts,Starts,Subs,Subs,Subs,Team Success,Team Success,Team Success,Team Success,Team Success,Team Success,Team Success (xG),Team Success (xG),Team Success (xG),Team Success (xG),Team Success (xG),N/a,N/a,N/a,N/a,N/a,N/a,N/a,N/a,N/a,N/a,N/a,N/a
